"Year","Cluster","Indicator","Attribute","Value","Province","Area Council"
2025,"Education","Number Schools","ecce",3500000,"Torba","Torres"
2025,"Education","Number Schools","ecce",3500000,"Torba","Ureparapara"
2025,"Education","Number Schools","ecce",3500000,"Torba","Motalava"
2025,"Education","Number Schools","ecce",3500000,"Torba","East Vanualava"
2025,"Education","Number Schools","ecce",3500000,"Torba","West Vanualava"
2025,"Education","Number Schools","ecce",3500000,"Torba","Mota"
2025,"Education","Number Schools","ecce",3500000,"Torba","East Gaua"
2025,"Education","Number Schools","ecce",3500000,"Torba","West Gaua"
2025,"Education","Number Schools","ecce",3500000,"Torba","Merelava"
2025,"Education","Number Schools","ecce",3500000,"Sanma","Luganville"
2025,"Education","Number Schools","ecce",3500000,"Sanma","North West Santo"
2025,"Education","Number Schools","ecce",3500000,"Sanma","Big Bay Coast"
2025,"Education","Number Schools","ecce",3500000,"Sanma","Big Bay Inland"
2025,"Education","Number Schools","ecce",3500000,"Sanma","West Santo"
2025,"Education","Number Schools","ecce",3500000,"Sanma","South Santo 1"
2025,"Education","Number Schools","ecce",3500000,"Sanma","South Santo 2"
2025,"Education","Number Schools","ecce",3500000,"Sanma","East Santo"
2025,"Education","Number Schools","ecce",3500000,"Sanma","South East Santo"
2025,"Education","Number Schools","ecce",3500000,"Sanma","Canal Fanafo"
2025,"Education","Number Schools","ecce",3500000,"Sanma","West Malo"
2025,"Education","Number Schools","ecce",3500000,"Sanma","East Malo"
2025,"Education","Number Schools","ecce",3500000,"Penama","West Ambae"
2025,"Education","Number Schools","ecce",3500000,"Penama","North Ambae"
2025,"Education","Number Schools","ecce",3500000,"Penama","East Ambae"
2025,"Education","Number Schools","ecce",3500000,"Penama","South Ambae"
2025,"Education","Number Schools","ecce",3500000,"Penama","North Maewo"
2025,"Education","Number Schools","ecce",3500000,"Penama","South Maewo"
2025,"Education","Number Schools","ecce",3500000,"Penama","North Pentecost"
2025,"Education","Number Schools","ecce",3500000,"Penama","Central Pentecost 1"
2025,"Education","Number Schools","ecce",3500000,"Penama","Central Pentecost 2"
2025,"Education","Number Schools","ecce",3500000,"Penama","South Pentecost"
2025,"Education","Number Schools","ecce",3500000,"Malampa","North West Malekula"
2025,"Education","Number Schools","ecce",3500000,"Malampa","North East Malekula"
2025,"Education","Number Schools","ecce",3500000,"Malampa","Central Malekula"
2025,"Education","Number Schools","ecce",3500000,"Malampa","South West Malekula"
2025,"Education","Number Schools","ecce",3500000,"Malampa","South East Malekula"
2025,"Education","Number Schools","ecce",3500000,"Malampa","South Malekula"
2025,"Education","Number Schools","ecce",3500000,"Malampa","North Ambrym"
2025,"Education","Number Schools","ecce",3500000,"Malampa","West Ambrym"
2025,"Education","Number Schools","ecce",3500000,"Malampa","South East Ambrym"
2025,"Education","Number Schools","ecce",3500000,"Malampa","Paama"
2025,"Education","Number Schools","ecce",3500000,"Shefa","Port Vila"
2025,"Education","Number Schools","ecce",3500000,"Shefa","Vermali"
2025,"Education","Number Schools","ecce",3500000,"Shefa","Vermaul"
2025,"Education","Number Schools","ecce",3500000,"Shefa","Varisu"
2025,"Education","Number Schools","ecce",3500000,"Shefa","South Epi"
2025,"Education","Number Schools","ecce",3500000,"Shefa","North Tongoa"
2025,"Education","Number Schools","ecce",3500000,"Shefa","Makimae"
2025,"Education","Number Schools","ecce",3500000,"Shefa","Tongariki"
2025,"Education","Number Schools","ecce",3500000,"Shefa","Nguna"
2025,"Education","Number Schools","ecce",3500000,"Shefa","Emau"
2025,"Education","Number Schools","ecce",3500000,"Shefa","Malorua"
2025,"Education","Number Schools","ecce",3500000,"Shefa","North Efate"
2025,"Education","Number Schools","ecce",3500000,"Shefa","Mele"
2025,"Education","Number Schools","ecce",3500000,"Shefa","Tanvasoko"
2025,"Education","Number Schools","ecce",3500000,"Shefa","Ifira"
2025,"Education","Number Schools","ecce",3500000,"Shefa","Pango"
2025,"Education","Number Schools","ecce",3500000,"Shefa","Erakor"
2025,"Education","Number Schools","ecce",3500000,"Shefa","Eratap"
2025,"Education","Number Schools","ecce",3500000,"Shefa","Eton"
2025,"Education","Number Schools","ecce",3500000,"Tafea","North Erromango"
2025,"Education","Number Schools","ecce",3500000,"Tafea","South Erromango"
2025,"Education","Number Schools","ecce",3500000,"Tafea","Aniwa"
2025,"Education","Number Schools","ecce",3500000,"Tafea","North Tanna"
2025,"Education","Number Schools","ecce",3500000,"Tafea","West Tanna"
2025,"Education","Number Schools","ecce",3500000,"Tafea","Middle Bush Tanna"
2025,"Education","Number Schools","ecce",3500000,"Tafea","South West Tanna"
2025,"Education","Number Schools","ecce",3500000,"Tafea","Whitesands"
2025,"Education","Number Schools","ecce",3500000,"Tafea","South Tanna"
2025,"Education","Number Schools","ecce",3500000,"Tafea","Futuna"
2025,"Education","Number Schools","ecce",3500000,"Tafea","Aneityum"
2025,"Education","Number Schools","primary",8e+06,"Torba","Torres"
2025,"Education","Number Schools","primary",8e+06,"Torba","Ureparapara"
2025,"Education","Number Schools","primary",8e+06,"Torba","Motalava"
2025,"Education","Number Schools","primary",8e+06,"Torba","East Vanualava"
2025,"Education","Number Schools","primary",8e+06,"Torba","West Vanualava"
2025,"Education","Number Schools","primary",8e+06,"Torba","Mota"
2025,"Education","Number Schools","primary",8e+06,"Torba","East Gaua"
2025,"Education","Number Schools","primary",8e+06,"Torba","West Gaua"
2025,"Education","Number Schools","primary",8e+06,"Torba","Merelava"
2025,"Education","Number Schools","primary",8e+06,"Sanma","Luganville"
2025,"Education","Number Schools","primary",8e+06,"Sanma","North West Santo"
2025,"Education","Number Schools","primary",8e+06,"Sanma","Big Bay Coast"
2025,"Education","Number Schools","primary",8e+06,"Sanma","Big Bay Inland"
2025,"Education","Number Schools","primary",8e+06,"Sanma","West Santo"
2025,"Education","Number Schools","primary",8e+06,"Sanma","South Santo 1"
2025,"Education","Number Schools","primary",8e+06,"Sanma","South Santo 2"
2025,"Education","Number Schools","primary",8e+06,"Sanma","East Santo"
2025,"Education","Number Schools","primary",8e+06,"Sanma","South East Santo"
2025,"Education","Number Schools","primary",8e+06,"Sanma","Canal Fanafo"
2025,"Education","Number Schools","primary",8e+06,"Sanma","West Malo"
2025,"Education","Number Schools","primary",8e+06,"Sanma","East Malo"
2025,"Education","Number Schools","primary",8e+06,"Penama","West Ambae"
2025,"Education","Number Schools","primary",8e+06,"Penama","North Ambae"
2025,"Education","Number Schools","primary",8e+06,"Penama","East Ambae"
2025,"Education","Number Schools","primary",8e+06,"Penama","South Ambae"
2025,"Education","Number Schools","primary",8e+06,"Penama","North Maewo"
2025,"Education","Number Schools","primary",8e+06,"Penama","South Maewo"
2025,"Education","Number Schools","primary",8e+06,"Penama","North Pentecost"
2025,"Education","Number Schools","primary",8e+06,"Penama","Central Pentecost 1"
2025,"Education","Number Schools","primary",8e+06,"Penama","Central Pentecost 2"
2025,"Education","Number Schools","primary",8e+06,"Penama","South Pentecost"
2025,"Education","Number Schools","primary",8e+06,"Malampa","North West Malekula"
2025,"Education","Number Schools","primary",8e+06,"Malampa","North East Malekula"
2025,"Education","Number Schools","primary",8e+06,"Malampa","Central Malekula"
2025,"Education","Number Schools","primary",8e+06,"Malampa","South West Malekula"
2025,"Education","Number Schools","primary",8e+06,"Malampa","South East Malekula"
2025,"Education","Number Schools","primary",8e+06,"Malampa","South Malekula"
2025,"Education","Number Schools","primary",8e+06,"Malampa","North Ambrym"
2025,"Education","Number Schools","primary",8e+06,"Malampa","West Ambrym"
2025,"Education","Number Schools","primary",8e+06,"Malampa","South East Ambrym"
2025,"Education","Number Schools","primary",8e+06,"Malampa","Paama"
2025,"Education","Number Schools","primary",8e+06,"Shefa","Port Vila"
2025,"Education","Number Schools","primary",8e+06,"Shefa","Vermali"
2025,"Education","Number Schools","primary",8e+06,"Shefa","Vermaul"
2025,"Education","Number Schools","primary",8e+06,"Shefa","Varisu"
2025,"Education","Number Schools","primary",8e+06,"Shefa","South Epi"
2025,"Education","Number Schools","primary",8e+06,"Shefa","North Tongoa"
2025,"Education","Number Schools","primary",8e+06,"Shefa","Makimae"
2025,"Education","Number Schools","primary",8e+06,"Shefa","Tongariki"
2025,"Education","Number Schools","primary",8e+06,"Shefa","Nguna"
2025,"Education","Number Schools","primary",8e+06,"Shefa","Emau"
2025,"Education","Number Schools","primary",8e+06,"Shefa","Malorua"
2025,"Education","Number Schools","primary",8e+06,"Shefa","North Efate"
2025,"Education","Number Schools","primary",8e+06,"Shefa","Mele"
2025,"Education","Number Schools","primary",8e+06,"Shefa","Tanvasoko"
2025,"Education","Number Schools","primary",8e+06,"Shefa","Ifira"
2025,"Education","Number Schools","primary",8e+06,"Shefa","Pango"
2025,"Education","Number Schools","primary",8e+06,"Shefa","Erakor"
2025,"Education","Number Schools","primary",8e+06,"Shefa","Eratap"
2025,"Education","Number Schools","primary",8e+06,"Shefa","Eton"
2025,"Education","Number Schools","primary",8e+06,"Tafea","North Erromango"
2025,"Education","Number Schools","primary",8e+06,"Tafea","South Erromango"
2025,"Education","Number Schools","primary",8e+06,"Tafea","Aniwa"
2025,"Education","Number Schools","primary",8e+06,"Tafea","North Tanna"
2025,"Education","Number Schools","primary",8e+06,"Tafea","West Tanna"
2025,"Education","Number Schools","primary",8e+06,"Tafea","Middle Bush Tanna"
2025,"Education","Number Schools","primary",8e+06,"Tafea","South West Tanna"
2025,"Education","Number Schools","primary",8e+06,"Tafea","Whitesands"
2025,"Education","Number Schools","primary",8e+06,"Tafea","South Tanna"
2025,"Education","Number Schools","primary",8e+06,"Tafea","Futuna"
2025,"Education","Number Schools","primary",8e+06,"Tafea","Aneityum"
2025,"Education","Number Schools","secondary",2e+07,"Torba","Torres"
2025,"Education","Number Schools","secondary",2e+07,"Torba","Ureparapara"
2025,"Education","Number Schools","secondary",2e+07,"Torba","Motalava"
2025,"Education","Number Schools","secondary",2e+07,"Torba","East Vanualava"
2025,"Education","Number Schools","secondary",2e+07,"Torba","West Vanualava"
2025,"Education","Number Schools","secondary",2e+07,"Torba","Mota"
2025,"Education","Number Schools","secondary",2e+07,"Torba","East Gaua"
2025,"Education","Number Schools","secondary",2e+07,"Torba","West Gaua"
2025,"Education","Number Schools","secondary",2e+07,"Torba","Merelava"
2025,"Education","Number Schools","secondary",2e+07,"Sanma","Luganville"
2025,"Education","Number Schools","secondary",2e+07,"Sanma","North West Santo"
2025,"Education","Number Schools","secondary",2e+07,"Sanma","Big Bay Coast"
2025,"Education","Number Schools","secondary",2e+07,"Sanma","Big Bay Inland"
2025,"Education","Number Schools","secondary",2e+07,"Sanma","West Santo"
2025,"Education","Number Schools","secondary",2e+07,"Sanma","South Santo 1"
2025,"Education","Number Schools","secondary",2e+07,"Sanma","South Santo 2"
2025,"Education","Number Schools","secondary",2e+07,"Sanma","East Santo"
2025,"Education","Number Schools","secondary",2e+07,"Sanma","South East Santo"
2025,"Education","Number Schools","secondary",2e+07,"Sanma","Canal Fanafo"
2025,"Education","Number Schools","secondary",2e+07,"Sanma","West Malo"
2025,"Education","Number Schools","secondary",2e+07,"Sanma","East Malo"
2025,"Education","Number Schools","secondary",2e+07,"Penama","West Ambae"
2025,"Education","Number Schools","secondary",2e+07,"Penama","North Ambae"
2025,"Education","Number Schools","secondary",2e+07,"Penama","East Ambae"
2025,"Education","Number Schools","secondary",2e+07,"Penama","South Ambae"
2025,"Education","Number Schools","secondary",2e+07,"Penama","North Maewo"
2025,"Education","Number Schools","secondary",2e+07,"Penama","South Maewo"
2025,"Education","Number Schools","secondary",2e+07,"Penama","North Pentecost"
2025,"Education","Number Schools","secondary",2e+07,"Penama","Central Pentecost 1"
2025,"Education","Number Schools","secondary",2e+07,"Penama","Central Pentecost 2"
2025,"Education","Number Schools","secondary",2e+07,"Penama","South Pentecost"
2025,"Education","Number Schools","secondary",2e+07,"Malampa","North West Malekula"
2025,"Education","Number Schools","secondary",2e+07,"Malampa","North East Malekula"
2025,"Education","Number Schools","secondary",2e+07,"Malampa","Central Malekula"
2025,"Education","Number Schools","secondary",2e+07,"Malampa","South West Malekula"
2025,"Education","Number Schools","secondary",2e+07,"Malampa","South East Malekula"
2025,"Education","Number Schools","secondary",2e+07,"Malampa","South Malekula"
2025,"Education","Number Schools","secondary",2e+07,"Malampa","North Ambrym"
2025,"Education","Number Schools","secondary",2e+07,"Malampa","West Ambrym"
2025,"Education","Number Schools","secondary",2e+07,"Malampa","South East Ambrym"
2025,"Education","Number Schools","secondary",2e+07,"Malampa","Paama"
2025,"Education","Number Schools","secondary",2e+07,"Shefa","Port Vila"
2025,"Education","Number Schools","secondary",2e+07,"Shefa","Vermali"
2025,"Education","Number Schools","secondary",2e+07,"Shefa","Vermaul"
2025,"Education","Number Schools","secondary",2e+07,"Shefa","Varisu"
2025,"Education","Number Schools","secondary",2e+07,"Shefa","South Epi"
2025,"Education","Number Schools","secondary",2e+07,"Shefa","North Tongoa"
2025,"Education","Number Schools","secondary",2e+07,"Shefa","Makimae"
2025,"Education","Number Schools","secondary",2e+07,"Shefa","Tongariki"
2025,"Education","Number Schools","secondary",2e+07,"Shefa","Nguna"
2025,"Education","Number Schools","secondary",2e+07,"Shefa","Emau"
2025,"Education","Number Schools","secondary",2e+07,"Shefa","Malorua"
2025,"Education","Number Schools","secondary",2e+07,"Shefa","North Efate"
2025,"Education","Number Schools","secondary",2e+07,"Shefa","Mele"
2025,"Education","Number Schools","secondary",2e+07,"Shefa","Tanvasoko"
2025,"Education","Number Schools","secondary",2e+07,"Shefa","Ifira"
2025,"Education","Number Schools","secondary",2e+07,"Shefa","Pango"
2025,"Education","Number Schools","secondary",2e+07,"Shefa","Erakor"
2025,"Education","Number Schools","secondary",2e+07,"Shefa","Eratap"
2025,"Education","Number Schools","secondary",2e+07,"Shefa","Eton"
2025,"Education","Number Schools","secondary",2e+07,"Tafea","North Erromango"
2025,"Education","Number Schools","secondary",2e+07,"Tafea","South Erromango"
2025,"Education","Number Schools","secondary",2e+07,"Tafea","Aniwa"
2025,"Education","Number Schools","secondary",2e+07,"Tafea","North Tanna"
2025,"Education","Number Schools","secondary",2e+07,"Tafea","West Tanna"
2025,"Education","Number Schools","secondary",2e+07,"Tafea","Middle Bush Tanna"
2025,"Education","Number Schools","secondary",2e+07,"Tafea","South West Tanna"
2025,"Education","Number Schools","secondary",2e+07,"Tafea","Whitesands"
2025,"Education","Number Schools","secondary",2e+07,"Tafea","South Tanna"
2025,"Education","Number Schools","secondary",2e+07,"Tafea","Futuna"
2025,"Education","Number Schools","secondary",2e+07,"Tafea","Aneityum"
2025,"Emergency Telecommunications","Number Towers","digicel",1.2e+07,"Torba","Torres"
2025,"Emergency Telecommunications","Number Towers","digicel",1.2e+07,"Torba","Ureparapara"
2025,"Emergency Telecommunications","Number Towers","digicel",1.2e+07,"Torba","Motalava"
2025,"Emergency Telecommunications","Number Towers","digicel",1.2e+07,"Torba","East Vanualava"
2025,"Emergency Telecommunications","Number Towers","digicel",1.2e+07,"Torba","West Vanualava"
2025,"Emergency Telecommunications","Number Towers","digicel",1.2e+07,"Torba","Mota"
2025,"Emergency Telecommunications","Number Towers","digicel",1.2e+07,"Torba","East Gaua"
2025,"Emergency Telecommunications","Number Towers","digicel",1.2e+07,"Torba","West Gaua"
2025,"Emergency Telecommunications","Number Towers","digicel",1.2e+07,"Torba","Merelava"
2025,"Emergency Telecommunications","Number Towers","digicel",1.2e+07,"Sanma","Luganville"
2025,"Emergency Telecommunications","Number Towers","digicel",1.2e+07,"Sanma","North West Santo"
2025,"Emergency Telecommunications","Number Towers","digicel",1.2e+07,"Sanma","Big Bay Coast"
2025,"Emergency Telecommunications","Number Towers","digicel",1.2e+07,"Sanma","Big Bay Inland"
2025,"Emergency Telecommunications","Number Towers","digicel",1.2e+07,"Sanma","West Santo"
2025,"Emergency Telecommunications","Number Towers","digicel",1.2e+07,"Sanma","South Santo 1"
2025,"Emergency Telecommunications","Number Towers","digicel",1.2e+07,"Sanma","South Santo 2"
2025,"Emergency Telecommunications","Number Towers","digicel",1.2e+07,"Sanma","East Santo"
2025,"Emergency Telecommunications","Number Towers","digicel",1.2e+07,"Sanma","South East Santo"
2025,"Emergency Telecommunications","Number Towers","digicel",1.2e+07,"Sanma","Canal Fanafo"
2025,"Emergency Telecommunications","Number Towers","digicel",1.2e+07,"Sanma","West Malo"
2025,"Emergency Telecommunications","Number Towers","digicel",1.2e+07,"Sanma","East Malo"
2025,"Emergency Telecommunications","Number Towers","digicel",1.2e+07,"Penama","West Ambae"
2025,"Emergency Telecommunications","Number Towers","digicel",1.2e+07,"Penama","North Ambae"
2025,"Emergency Telecommunications","Number Towers","digicel",1.2e+07,"Penama","East Ambae"
2025,"Emergency Telecommunications","Number Towers","digicel",1.2e+07,"Penama","South Ambae"
2025,"Emergency Telecommunications","Number Towers","digicel",1.2e+07,"Penama","North Maewo"
2025,"Emergency Telecommunications","Number Towers","digicel",1.2e+07,"Penama","South Maewo"
2025,"Emergency Telecommunications","Number Towers","digicel",1.2e+07,"Penama","North Pentecost"
2025,"Emergency Telecommunications","Number Towers","digicel",1.2e+07,"Penama","Central Pentecost 1"
2025,"Emergency Telecommunications","Number Towers","digicel",1.2e+07,"Penama","Central Pentecost 2"
2025,"Emergency Telecommunications","Number Towers","digicel",1.2e+07,"Penama","South Pentecost"
2025,"Emergency Telecommunications","Number Towers","digicel",1.2e+07,"Malampa","North West Malekula"
2025,"Emergency Telecommunications","Number Towers","digicel",1.2e+07,"Malampa","North East Malekula"
2025,"Emergency Telecommunications","Number Towers","digicel",1.2e+07,"Malampa","Central Malekula"
2025,"Emergency Telecommunications","Number Towers","digicel",1.2e+07,"Malampa","South West Malekula"
2025,"Emergency Telecommunications","Number Towers","digicel",1.2e+07,"Malampa","South East Malekula"
2025,"Emergency Telecommunications","Number Towers","digicel",1.2e+07,"Malampa","South Malekula"
2025,"Emergency Telecommunications","Number Towers","digicel",1.2e+07,"Malampa","North Ambrym"
2025,"Emergency Telecommunications","Number Towers","digicel",1.2e+07,"Malampa","West Ambrym"
2025,"Emergency Telecommunications","Number Towers","digicel",1.2e+07,"Malampa","South East Ambrym"
2025,"Emergency Telecommunications","Number Towers","digicel",1.2e+07,"Malampa","Paama"
2025,"Emergency Telecommunications","Number Towers","digicel",1.2e+07,"Shefa","Port Vila"
2025,"Emergency Telecommunications","Number Towers","digicel",1.2e+07,"Shefa","Vermali"
2025,"Emergency Telecommunications","Number Towers","digicel",1.2e+07,"Shefa","Vermaul"
2025,"Emergency Telecommunications","Number Towers","digicel",1.2e+07,"Shefa","Varisu"
2025,"Emergency Telecommunications","Number Towers","digicel",1.2e+07,"Shefa","South Epi"
2025,"Emergency Telecommunications","Number Towers","digicel",1.2e+07,"Shefa","North Tongoa"
2025,"Emergency Telecommunications","Number Towers","digicel",1.2e+07,"Shefa","Makimae"
2025,"Emergency Telecommunications","Number Towers","digicel",1.2e+07,"Shefa","Tongariki"
2025,"Emergency Telecommunications","Number Towers","digicel",1.2e+07,"Shefa","Nguna"
2025,"Emergency Telecommunications","Number Towers","digicel",1.2e+07,"Shefa","Emau"
2025,"Emergency Telecommunications","Number Towers","digicel",1.2e+07,"Shefa","Malorua"
2025,"Emergency Telecommunications","Number Towers","digicel",1.2e+07,"Shefa","North Efate"
2025,"Emergency Telecommunications","Number Towers","digicel",1.2e+07,"Shefa","Mele"
2025,"Emergency Telecommunications","Number Towers","digicel",1.2e+07,"Shefa","Tanvasoko"
2025,"Emergency Telecommunications","Number Towers","digicel",1.2e+07,"Shefa","Ifira"
2025,"Emergency Telecommunications","Number Towers","digicel",1.2e+07,"Shefa","Pango"
2025,"Emergency Telecommunications","Number Towers","digicel",1.2e+07,"Shefa","Erakor"
2025,"Emergency Telecommunications","Number Towers","digicel",1.2e+07,"Shefa","Eratap"
2025,"Emergency Telecommunications","Number Towers","digicel",1.2e+07,"Shefa","Eton"
2025,"Emergency Telecommunications","Number Towers","digicel",1.2e+07,"Tafea","North Erromango"
2025,"Emergency Telecommunications","Number Towers","digicel",1.2e+07,"Tafea","South Erromango"
2025,"Emergency Telecommunications","Number Towers","digicel",1.2e+07,"Tafea","Aniwa"
2025,"Emergency Telecommunications","Number Towers","digicel",1.2e+07,"Tafea","North Tanna"
2025,"Emergency Telecommunications","Number Towers","digicel",1.2e+07,"Tafea","West Tanna"
2025,"Emergency Telecommunications","Number Towers","digicel",1.2e+07,"Tafea","Middle Bush Tanna"
2025,"Emergency Telecommunications","Number Towers","digicel",1.2e+07,"Tafea","South West Tanna"
2025,"Emergency Telecommunications","Number Towers","digicel",1.2e+07,"Tafea","Whitesands"
2025,"Emergency Telecommunications","Number Towers","digicel",1.2e+07,"Tafea","South Tanna"
2025,"Emergency Telecommunications","Number Towers","digicel",1.2e+07,"Tafea","Futuna"
2025,"Emergency Telecommunications","Number Towers","digicel",1.2e+07,"Tafea","Aneityum"
2025,"Emergency Telecommunications","Number Towers","vodafone",1.2e+07,"Torba","Torres"
2025,"Emergency Telecommunications","Number Towers","vodafone",1.2e+07,"Torba","Ureparapara"
2025,"Emergency Telecommunications","Number Towers","vodafone",1.2e+07,"Torba","Motalava"
2025,"Emergency Telecommunications","Number Towers","vodafone",1.2e+07,"Torba","East Vanualava"
2025,"Emergency Telecommunications","Number Towers","vodafone",1.2e+07,"Torba","West Vanualava"
2025,"Emergency Telecommunications","Number Towers","vodafone",1.2e+07,"Torba","Mota"
2025,"Emergency Telecommunications","Number Towers","vodafone",1.2e+07,"Torba","East Gaua"
2025,"Emergency Telecommunications","Number Towers","vodafone",1.2e+07,"Torba","West Gaua"
2025,"Emergency Telecommunications","Number Towers","vodafone",1.2e+07,"Torba","Merelava"
2025,"Emergency Telecommunications","Number Towers","vodafone",1.2e+07,"Sanma","Luganville"
2025,"Emergency Telecommunications","Number Towers","vodafone",1.2e+07,"Sanma","North West Santo"
2025,"Emergency Telecommunications","Number Towers","vodafone",1.2e+07,"Sanma","Big Bay Coast"
2025,"Emergency Telecommunications","Number Towers","vodafone",1.2e+07,"Sanma","Big Bay Inland"
2025,"Emergency Telecommunications","Number Towers","vodafone",1.2e+07,"Sanma","West Santo"
2025,"Emergency Telecommunications","Number Towers","vodafone",1.2e+07,"Sanma","South Santo 1"
2025,"Emergency Telecommunications","Number Towers","vodafone",1.2e+07,"Sanma","South Santo 2"
2025,"Emergency Telecommunications","Number Towers","vodafone",1.2e+07,"Sanma","East Santo"
2025,"Emergency Telecommunications","Number Towers","vodafone",1.2e+07,"Sanma","South East Santo"
2025,"Emergency Telecommunications","Number Towers","vodafone",1.2e+07,"Sanma","Canal Fanafo"
2025,"Emergency Telecommunications","Number Towers","vodafone",1.2e+07,"Sanma","West Malo"
2025,"Emergency Telecommunications","Number Towers","vodafone",1.2e+07,"Sanma","East Malo"
2025,"Emergency Telecommunications","Number Towers","vodafone",1.2e+07,"Penama","West Ambae"
2025,"Emergency Telecommunications","Number Towers","vodafone",1.2e+07,"Penama","North Ambae"
2025,"Emergency Telecommunications","Number Towers","vodafone",1.2e+07,"Penama","East Ambae"
2025,"Emergency Telecommunications","Number Towers","vodafone",1.2e+07,"Penama","South Ambae"
2025,"Emergency Telecommunications","Number Towers","vodafone",1.2e+07,"Penama","North Maewo"
2025,"Emergency Telecommunications","Number Towers","vodafone",1.2e+07,"Penama","South Maewo"
2025,"Emergency Telecommunications","Number Towers","vodafone",1.2e+07,"Penama","North Pentecost"
2025,"Emergency Telecommunications","Number Towers","vodafone",1.2e+07,"Penama","Central Pentecost 1"
2025,"Emergency Telecommunications","Number Towers","vodafone",1.2e+07,"Penama","Central Pentecost 2"
2025,"Emergency Telecommunications","Number Towers","vodafone",1.2e+07,"Penama","South Pentecost"
2025,"Emergency Telecommunications","Number Towers","vodafone",1.2e+07,"Malampa","North West Malekula"
2025,"Emergency Telecommunications","Number Towers","vodafone",1.2e+07,"Malampa","North East Malekula"
2025,"Emergency Telecommunications","Number Towers","vodafone",1.2e+07,"Malampa","Central Malekula"
2025,"Emergency Telecommunications","Number Towers","vodafone",1.2e+07,"Malampa","South West Malekula"
2025,"Emergency Telecommunications","Number Towers","vodafone",1.2e+07,"Malampa","South East Malekula"
2025,"Emergency Telecommunications","Number Towers","vodafone",1.2e+07,"Malampa","South Malekula"
2025,"Emergency Telecommunications","Number Towers","vodafone",1.2e+07,"Malampa","North Ambrym"
2025,"Emergency Telecommunications","Number Towers","vodafone",1.2e+07,"Malampa","West Ambrym"
2025,"Emergency Telecommunications","Number Towers","vodafone",1.2e+07,"Malampa","South East Ambrym"
2025,"Emergency Telecommunications","Number Towers","vodafone",1.2e+07,"Malampa","Paama"
2025,"Emergency Telecommunications","Number Towers","vodafone",1.2e+07,"Shefa","Port Vila"
2025,"Emergency Telecommunications","Number Towers","vodafone",1.2e+07,"Shefa","Vermali"
2025,"Emergency Telecommunications","Number Towers","vodafone",1.2e+07,"Shefa","Vermaul"
2025,"Emergency Telecommunications","Number Towers","vodafone",1.2e+07,"Shefa","Varisu"
2025,"Emergency Telecommunications","Number Towers","vodafone",1.2e+07,"Shefa","South Epi"
2025,"Emergency Telecommunications","Number Towers","vodafone",1.2e+07,"Shefa","North Tongoa"
2025,"Emergency Telecommunications","Number Towers","vodafone",1.2e+07,"Shefa","Makimae"
2025,"Emergency Telecommunications","Number Towers","vodafone",1.2e+07,"Shefa","Tongariki"
2025,"Emergency Telecommunications","Number Towers","vodafone",1.2e+07,"Shefa","Nguna"
2025,"Emergency Telecommunications","Number Towers","vodafone",1.2e+07,"Shefa","Emau"
2025,"Emergency Telecommunications","Number Towers","vodafone",1.2e+07,"Shefa","Malorua"
2025,"Emergency Telecommunications","Number Towers","vodafone",1.2e+07,"Shefa","North Efate"
2025,"Emergency Telecommunications","Number Towers","vodafone",1.2e+07,"Shefa","Mele"
2025,"Emergency Telecommunications","Number Towers","vodafone",1.2e+07,"Shefa","Tanvasoko"
2025,"Emergency Telecommunications","Number Towers","vodafone",1.2e+07,"Shefa","Ifira"
2025,"Emergency Telecommunications","Number Towers","vodafone",1.2e+07,"Shefa","Pango"
2025,"Emergency Telecommunications","Number Towers","vodafone",1.2e+07,"Shefa","Erakor"
2025,"Emergency Telecommunications","Number Towers","vodafone",1.2e+07,"Shefa","Eratap"
2025,"Emergency Telecommunications","Number Towers","vodafone",1.2e+07,"Shefa","Eton"
2025,"Emergency Telecommunications","Number Towers","vodafone",1.2e+07,"Tafea","North Erromango"
2025,"Emergency Telecommunications","Number Towers","vodafone",1.2e+07,"Tafea","South Erromango"
2025,"Emergency Telecommunications","Number Towers","vodafone",1.2e+07,"Tafea","Aniwa"
2025,"Emergency Telecommunications","Number Towers","vodafone",1.2e+07,"Tafea","North Tanna"
2025,"Emergency Telecommunications","Number Towers","vodafone",1.2e+07,"Tafea","West Tanna"
2025,"Emergency Telecommunications","Number Towers","vodafone",1.2e+07,"Tafea","Middle Bush Tanna"
2025,"Emergency Telecommunications","Number Towers","vodafone",1.2e+07,"Tafea","South West Tanna"
2025,"Emergency Telecommunications","Number Towers","vodafone",1.2e+07,"Tafea","Whitesands"
2025,"Emergency Telecommunications","Number Towers","vodafone",1.2e+07,"Tafea","South Tanna"
2025,"Emergency Telecommunications","Number Towers","vodafone",1.2e+07,"Tafea","Futuna"
2025,"Emergency Telecommunications","Number Towers","vodafone",1.2e+07,"Tafea","Aneityum"
2025,"Energy","Household Electricity","battery lamp",4500,"Torba","Torres"
2025,"Energy","Household Electricity","battery lamp",4500,"Torba","Ureparapara"
2025,"Energy","Household Electricity","battery lamp",4500,"Torba","Motalava"
2025,"Energy","Household Electricity","battery lamp",4500,"Torba","East Vanualava"
2025,"Energy","Household Electricity","battery lamp",4500,"Torba","West Vanualava"
2025,"Energy","Household Electricity","battery lamp",4500,"Torba","Mota"
2025,"Energy","Household Electricity","battery lamp",4500,"Torba","East Gaua"
2025,"Energy","Household Electricity","battery lamp",4500,"Torba","West Gaua"
2025,"Energy","Household Electricity","battery lamp",4500,"Torba","Merelava"
2025,"Energy","Household Electricity","battery lamp",4500,"Sanma","Luganville"
2025,"Energy","Household Electricity","battery lamp",4500,"Sanma","North West Santo"
2025,"Energy","Household Electricity","battery lamp",4500,"Sanma","Big Bay Coast"
2025,"Energy","Household Electricity","battery lamp",4500,"Sanma","Big Bay Inland"
2025,"Energy","Household Electricity","battery lamp",4500,"Sanma","West Santo"
2025,"Energy","Household Electricity","battery lamp",4500,"Sanma","South Santo 1"
2025,"Energy","Household Electricity","battery lamp",4500,"Sanma","South Santo 2"
2025,"Energy","Household Electricity","battery lamp",4500,"Sanma","East Santo"
2025,"Energy","Household Electricity","battery lamp",4500,"Sanma","South East Santo"
2025,"Energy","Household Electricity","battery lamp",4500,"Sanma","Canal Fanafo"
2025,"Energy","Household Electricity","battery lamp",4500,"Sanma","West Malo"
2025,"Energy","Household Electricity","battery lamp",4500,"Sanma","East Malo"
2025,"Energy","Household Electricity","battery lamp",4500,"Penama","West Ambae"
2025,"Energy","Household Electricity","battery lamp",4500,"Penama","North Ambae"
2025,"Energy","Household Electricity","battery lamp",4500,"Penama","East Ambae"
2025,"Energy","Household Electricity","battery lamp",4500,"Penama","South Ambae"
2025,"Energy","Household Electricity","battery lamp",4500,"Penama","North Maewo"
2025,"Energy","Household Electricity","battery lamp",4500,"Penama","South Maewo"
2025,"Energy","Household Electricity","battery lamp",4500,"Penama","North Pentecost"
2025,"Energy","Household Electricity","battery lamp",4500,"Penama","Central Pentecost 1"
2025,"Energy","Household Electricity","battery lamp",4500,"Penama","Central Pentecost 2"
2025,"Energy","Household Electricity","battery lamp",4500,"Penama","South Pentecost"
2025,"Energy","Household Electricity","battery lamp",4500,"Malampa","North West Malekula"
2025,"Energy","Household Electricity","battery lamp",4500,"Malampa","North East Malekula"
2025,"Energy","Household Electricity","battery lamp",4500,"Malampa","Central Malekula"
2025,"Energy","Household Electricity","battery lamp",4500,"Malampa","South West Malekula"
2025,"Energy","Household Electricity","battery lamp",4500,"Malampa","South East Malekula"
2025,"Energy","Household Electricity","battery lamp",4500,"Malampa","South Malekula"
2025,"Energy","Household Electricity","battery lamp",4500,"Malampa","North Ambrym"
2025,"Energy","Household Electricity","battery lamp",4500,"Malampa","West Ambrym"
2025,"Energy","Household Electricity","battery lamp",4500,"Malampa","South East Ambrym"
2025,"Energy","Household Electricity","battery lamp",4500,"Malampa","Paama"
2025,"Energy","Household Electricity","battery lamp",4500,"Shefa","Port Vila"
2025,"Energy","Household Electricity","battery lamp",4500,"Shefa","Vermali"
2025,"Energy","Household Electricity","battery lamp",4500,"Shefa","Vermaul"
2025,"Energy","Household Electricity","battery lamp",4500,"Shefa","Varisu"
2025,"Energy","Household Electricity","battery lamp",4500,"Shefa","South Epi"
2025,"Energy","Household Electricity","battery lamp",4500,"Shefa","North Tongoa"
2025,"Energy","Household Electricity","battery lamp",4500,"Shefa","Makimae"
2025,"Energy","Household Electricity","battery lamp",4500,"Shefa","Tongariki"
2025,"Energy","Household Electricity","battery lamp",4500,"Shefa","Nguna"
2025,"Energy","Household Electricity","battery lamp",4500,"Shefa","Emau"
2025,"Energy","Household Electricity","battery lamp",4500,"Shefa","Malorua"
2025,"Energy","Household Electricity","battery lamp",4500,"Shefa","North Efate"
2025,"Energy","Household Electricity","battery lamp",4500,"Shefa","Mele"
2025,"Energy","Household Electricity","battery lamp",4500,"Shefa","Tanvasoko"
2025,"Energy","Household Electricity","battery lamp",4500,"Shefa","Ifira"
2025,"Energy","Household Electricity","battery lamp",4500,"Shefa","Pango"
2025,"Energy","Household Electricity","battery lamp",4500,"Shefa","Erakor"
2025,"Energy","Household Electricity","battery lamp",4500,"Shefa","Eratap"
2025,"Energy","Household Electricity","battery lamp",4500,"Shefa","Eton"
2025,"Energy","Household Electricity","battery lamp",4500,"Tafea","North Erromango"
2025,"Energy","Household Electricity","battery lamp",4500,"Tafea","South Erromango"
2025,"Energy","Household Electricity","battery lamp",4500,"Tafea","Aniwa"
2025,"Energy","Household Electricity","battery lamp",4500,"Tafea","North Tanna"
2025,"Energy","Household Electricity","battery lamp",4500,"Tafea","West Tanna"
2025,"Energy","Household Electricity","battery lamp",4500,"Tafea","Middle Bush Tanna"
2025,"Energy","Household Electricity","battery lamp",4500,"Tafea","South West Tanna"
2025,"Energy","Household Electricity","battery lamp",4500,"Tafea","Whitesands"
2025,"Energy","Household Electricity","battery lamp",4500,"Tafea","South Tanna"
2025,"Energy","Household Electricity","battery lamp",4500,"Tafea","Futuna"
2025,"Energy","Household Electricity","battery lamp",4500,"Tafea","Aneityum"
2025,"Energy","Household Electricity","solar system",85000,"Torba","Torres"
2025,"Energy","Household Electricity","solar system",85000,"Torba","Ureparapara"
2025,"Energy","Household Electricity","solar system",85000,"Torba","Motalava"
2025,"Energy","Household Electricity","solar system",85000,"Torba","East Vanualava"
2025,"Energy","Household Electricity","solar system",85000,"Torba","West Vanualava"
2025,"Energy","Household Electricity","solar system",85000,"Torba","Mota"
2025,"Energy","Household Electricity","solar system",85000,"Torba","East Gaua"
2025,"Energy","Household Electricity","solar system",85000,"Torba","West Gaua"
2025,"Energy","Household Electricity","solar system",85000,"Torba","Merelava"
2025,"Energy","Household Electricity","solar system",85000,"Sanma","Luganville"
2025,"Energy","Household Electricity","solar system",85000,"Sanma","North West Santo"
2025,"Energy","Household Electricity","solar system",85000,"Sanma","Big Bay Coast"
2025,"Energy","Household Electricity","solar system",85000,"Sanma","Big Bay Inland"
2025,"Energy","Household Electricity","solar system",85000,"Sanma","West Santo"
2025,"Energy","Household Electricity","solar system",85000,"Sanma","South Santo 1"
2025,"Energy","Household Electricity","solar system",85000,"Sanma","South Santo 2"
2025,"Energy","Household Electricity","solar system",85000,"Sanma","East Santo"
2025,"Energy","Household Electricity","solar system",85000,"Sanma","South East Santo"
2025,"Energy","Household Electricity","solar system",85000,"Sanma","Canal Fanafo"
2025,"Energy","Household Electricity","solar system",85000,"Sanma","West Malo"
2025,"Energy","Household Electricity","solar system",85000,"Sanma","East Malo"
2025,"Energy","Household Electricity","solar system",85000,"Penama","West Ambae"
2025,"Energy","Household Electricity","solar system",85000,"Penama","North Ambae"
2025,"Energy","Household Electricity","solar system",85000,"Penama","East Ambae"
2025,"Energy","Household Electricity","solar system",85000,"Penama","South Ambae"
2025,"Energy","Household Electricity","solar system",85000,"Penama","North Maewo"
2025,"Energy","Household Electricity","solar system",85000,"Penama","South Maewo"
2025,"Energy","Household Electricity","solar system",85000,"Penama","North Pentecost"
2025,"Energy","Household Electricity","solar system",85000,"Penama","Central Pentecost 1"
2025,"Energy","Household Electricity","solar system",85000,"Penama","Central Pentecost 2"
2025,"Energy","Household Electricity","solar system",85000,"Penama","South Pentecost"
2025,"Energy","Household Electricity","solar system",85000,"Malampa","North West Malekula"
2025,"Energy","Household Electricity","solar system",85000,"Malampa","North East Malekula"
2025,"Energy","Household Electricity","solar system",85000,"Malampa","Central Malekula"
2025,"Energy","Household Electricity","solar system",85000,"Malampa","South West Malekula"
2025,"Energy","Household Electricity","solar system",85000,"Malampa","South East Malekula"
2025,"Energy","Household Electricity","solar system",85000,"Malampa","South Malekula"
2025,"Energy","Household Electricity","solar system",85000,"Malampa","North Ambrym"
2025,"Energy","Household Electricity","solar system",85000,"Malampa","West Ambrym"
2025,"Energy","Household Electricity","solar system",85000,"Malampa","South East Ambrym"
2025,"Energy","Household Electricity","solar system",85000,"Malampa","Paama"
2025,"Energy","Household Electricity","solar system",85000,"Shefa","Port Vila"
2025,"Energy","Household Electricity","solar system",85000,"Shefa","Vermali"
2025,"Energy","Household Electricity","solar system",85000,"Shefa","Vermaul"
2025,"Energy","Household Electricity","solar system",85000,"Shefa","Varisu"
2025,"Energy","Household Electricity","solar system",85000,"Shefa","South Epi"
2025,"Energy","Household Electricity","solar system",85000,"Shefa","North Tongoa"
2025,"Energy","Household Electricity","solar system",85000,"Shefa","Makimae"
2025,"Energy","Household Electricity","solar system",85000,"Shefa","Tongariki"
2025,"Energy","Household Electricity","solar system",85000,"Shefa","Nguna"
2025,"Energy","Household Electricity","solar system",85000,"Shefa","Emau"
2025,"Energy","Household Electricity","solar system",85000,"Shefa","Malorua"
2025,"Energy","Household Electricity","solar system",85000,"Shefa","North Efate"
2025,"Energy","Household Electricity","solar system",85000,"Shefa","Mele"
2025,"Energy","Household Electricity","solar system",85000,"Shefa","Tanvasoko"
2025,"Energy","Household Electricity","solar system",85000,"Shefa","Ifira"
2025,"Energy","Household Electricity","solar system",85000,"Shefa","Pango"
2025,"Energy","Household Electricity","solar system",85000,"Shefa","Erakor"
2025,"Energy","Household Electricity","solar system",85000,"Shefa","Eratap"
2025,"Energy","Household Electricity","solar system",85000,"Shefa","Eton"
2025,"Energy","Household Electricity","solar system",85000,"Tafea","North Erromango"
2025,"Energy","Household Electricity","solar system",85000,"Tafea","South Erromango"
2025,"Energy","Household Electricity","solar system",85000,"Tafea","Aniwa"
2025,"Energy","Household Electricity","solar system",85000,"Tafea","North Tanna"
2025,"Energy","Household Electricity","solar system",85000,"Tafea","West Tanna"
2025,"Energy","Household Electricity","solar system",85000,"Tafea","Middle Bush Tanna"
2025,"Energy","Household Electricity","solar system",85000,"Tafea","South West Tanna"
2025,"Energy","Household Electricity","solar system",85000,"Tafea","Whitesands"
2025,"Energy","Household Electricity","solar system",85000,"Tafea","South Tanna"
2025,"Energy","Household Electricity","solar system",85000,"Tafea","Futuna"
2025,"Energy","Household Electricity","solar system",85000,"Tafea","Aneityum"
2025,"Energy","Household Electricity","generator",65000,"Torba","Torres"
2025,"Energy","Household Electricity","generator",65000,"Torba","Ureparapara"
2025,"Energy","Household Electricity","generator",65000,"Torba","Motalava"
2025,"Energy","Household Electricity","generator",65000,"Torba","East Vanualava"
2025,"Energy","Household Electricity","generator",65000,"Torba","West Vanualava"
2025,"Energy","Household Electricity","generator",65000,"Torba","Mota"
2025,"Energy","Household Electricity","generator",65000,"Torba","East Gaua"
2025,"Energy","Household Electricity","generator",65000,"Torba","West Gaua"
2025,"Energy","Household Electricity","generator",65000,"Torba","Merelava"
2025,"Energy","Household Electricity","generator",65000,"Sanma","Luganville"
2025,"Energy","Household Electricity","generator",65000,"Sanma","North West Santo"
2025,"Energy","Household Electricity","generator",65000,"Sanma","Big Bay Coast"
2025,"Energy","Household Electricity","generator",65000,"Sanma","Big Bay Inland"
2025,"Energy","Household Electricity","generator",65000,"Sanma","West Santo"
2025,"Energy","Household Electricity","generator",65000,"Sanma","South Santo 1"
2025,"Energy","Household Electricity","generator",65000,"Sanma","South Santo 2"
2025,"Energy","Household Electricity","generator",65000,"Sanma","East Santo"
2025,"Energy","Household Electricity","generator",65000,"Sanma","South East Santo"
2025,"Energy","Household Electricity","generator",65000,"Sanma","Canal Fanafo"
2025,"Energy","Household Electricity","generator",65000,"Sanma","West Malo"
2025,"Energy","Household Electricity","generator",65000,"Sanma","East Malo"
2025,"Energy","Household Electricity","generator",65000,"Penama","West Ambae"
2025,"Energy","Household Electricity","generator",65000,"Penama","North Ambae"
2025,"Energy","Household Electricity","generator",65000,"Penama","East Ambae"
2025,"Energy","Household Electricity","generator",65000,"Penama","South Ambae"
2025,"Energy","Household Electricity","generator",65000,"Penama","North Maewo"
2025,"Energy","Household Electricity","generator",65000,"Penama","South Maewo"
2025,"Energy","Household Electricity","generator",65000,"Penama","North Pentecost"
2025,"Energy","Household Electricity","generator",65000,"Penama","Central Pentecost 1"
2025,"Energy","Household Electricity","generator",65000,"Penama","Central Pentecost 2"
2025,"Energy","Household Electricity","generator",65000,"Penama","South Pentecost"
2025,"Energy","Household Electricity","generator",65000,"Malampa","North West Malekula"
2025,"Energy","Household Electricity","generator",65000,"Malampa","North East Malekula"
2025,"Energy","Household Electricity","generator",65000,"Malampa","Central Malekula"
2025,"Energy","Household Electricity","generator",65000,"Malampa","South West Malekula"
2025,"Energy","Household Electricity","generator",65000,"Malampa","South East Malekula"
2025,"Energy","Household Electricity","generator",65000,"Malampa","South Malekula"
2025,"Energy","Household Electricity","generator",65000,"Malampa","North Ambrym"
2025,"Energy","Household Electricity","generator",65000,"Malampa","West Ambrym"
2025,"Energy","Household Electricity","generator",65000,"Malampa","South East Ambrym"
2025,"Energy","Household Electricity","generator",65000,"Malampa","Paama"
2025,"Energy","Household Electricity","generator",65000,"Shefa","Port Vila"
2025,"Energy","Household Electricity","generator",65000,"Shefa","Vermali"
2025,"Energy","Household Electricity","generator",65000,"Shefa","Vermaul"
2025,"Energy","Household Electricity","generator",65000,"Shefa","Varisu"
2025,"Energy","Household Electricity","generator",65000,"Shefa","South Epi"
2025,"Energy","Household Electricity","generator",65000,"Shefa","North Tongoa"
2025,"Energy","Household Electricity","generator",65000,"Shefa","Makimae"
2025,"Energy","Household Electricity","generator",65000,"Shefa","Tongariki"
2025,"Energy","Household Electricity","generator",65000,"Shefa","Nguna"
2025,"Energy","Household Electricity","generator",65000,"Shefa","Emau"
2025,"Energy","Household Electricity","generator",65000,"Shefa","Malorua"
2025,"Energy","Household Electricity","generator",65000,"Shefa","North Efate"
2025,"Energy","Household Electricity","generator",65000,"Shefa","Mele"
2025,"Energy","Household Electricity","generator",65000,"Shefa","Tanvasoko"
2025,"Energy","Household Electricity","generator",65000,"Shefa","Ifira"
2025,"Energy","Household Electricity","generator",65000,"Shefa","Pango"
2025,"Energy","Household Electricity","generator",65000,"Shefa","Erakor"
2025,"Energy","Household Electricity","generator",65000,"Shefa","Eratap"
2025,"Energy","Household Electricity","generator",65000,"Shefa","Eton"
2025,"Energy","Household Electricity","generator",65000,"Tafea","North Erromango"
2025,"Energy","Household Electricity","generator",65000,"Tafea","South Erromango"
2025,"Energy","Household Electricity","generator",65000,"Tafea","Aniwa"
2025,"Energy","Household Electricity","generator",65000,"Tafea","North Tanna"
2025,"Energy","Household Electricity","generator",65000,"Tafea","West Tanna"
2025,"Energy","Household Electricity","generator",65000,"Tafea","Middle Bush Tanna"
2025,"Energy","Household Electricity","generator",65000,"Tafea","South West Tanna"
2025,"Energy","Household Electricity","generator",65000,"Tafea","Whitesands"
2025,"Energy","Household Electricity","generator",65000,"Tafea","South Tanna"
2025,"Energy","Household Electricity","generator",65000,"Tafea","Futuna"
2025,"Energy","Household Electricity","generator",65000,"Tafea","Aneityum"
2025,"Energy","Household Electricity","electricity poles",50000,"Torba","Torres"
2025,"Energy","Household Electricity","electricity poles",50000,"Torba","Ureparapara"
2025,"Energy","Household Electricity","electricity poles",50000,"Torba","Motalava"
2025,"Energy","Household Electricity","electricity poles",50000,"Torba","East Vanualava"
2025,"Energy","Household Electricity","electricity poles",50000,"Torba","West Vanualava"
2025,"Energy","Household Electricity","electricity poles",50000,"Torba","Mota"
2025,"Energy","Household Electricity","electricity poles",50000,"Torba","East Gaua"
2025,"Energy","Household Electricity","electricity poles",50000,"Torba","West Gaua"
2025,"Energy","Household Electricity","electricity poles",50000,"Torba","Merelava"
2025,"Energy","Household Electricity","electricity poles",50000,"Sanma","Luganville"
2025,"Energy","Household Electricity","electricity poles",50000,"Sanma","North West Santo"
2025,"Energy","Household Electricity","electricity poles",50000,"Sanma","Big Bay Coast"
2025,"Energy","Household Electricity","electricity poles",50000,"Sanma","Big Bay Inland"
2025,"Energy","Household Electricity","electricity poles",50000,"Sanma","West Santo"
2025,"Energy","Household Electricity","electricity poles",50000,"Sanma","South Santo 1"
2025,"Energy","Household Electricity","electricity poles",50000,"Sanma","South Santo 2"
2025,"Energy","Household Electricity","electricity poles",50000,"Sanma","East Santo"
2025,"Energy","Household Electricity","electricity poles",50000,"Sanma","South East Santo"
2025,"Energy","Household Electricity","electricity poles",50000,"Sanma","Canal Fanafo"
2025,"Energy","Household Electricity","electricity poles",50000,"Sanma","West Malo"
2025,"Energy","Household Electricity","electricity poles",50000,"Sanma","East Malo"
2025,"Energy","Household Electricity","electricity poles",50000,"Penama","West Ambae"
2025,"Energy","Household Electricity","electricity poles",50000,"Penama","North Ambae"
2025,"Energy","Household Electricity","electricity poles",50000,"Penama","East Ambae"
2025,"Energy","Household Electricity","electricity poles",50000,"Penama","South Ambae"
2025,"Energy","Household Electricity","electricity poles",50000,"Penama","North Maewo"
2025,"Energy","Household Electricity","electricity poles",50000,"Penama","South Maewo"
2025,"Energy","Household Electricity","electricity poles",50000,"Penama","North Pentecost"
2025,"Energy","Household Electricity","electricity poles",50000,"Penama","Central Pentecost 1"
2025,"Energy","Household Electricity","electricity poles",50000,"Penama","Central Pentecost 2"
2025,"Energy","Household Electricity","electricity poles",50000,"Penama","South Pentecost"
2025,"Energy","Household Electricity","electricity poles",50000,"Malampa","North West Malekula"
2025,"Energy","Household Electricity","electricity poles",50000,"Malampa","North East Malekula"
2025,"Energy","Household Electricity","electricity poles",50000,"Malampa","Central Malekula"
2025,"Energy","Household Electricity","electricity poles",50000,"Malampa","South West Malekula"
2025,"Energy","Household Electricity","electricity poles",50000,"Malampa","South East Malekula"
2025,"Energy","Household Electricity","electricity poles",50000,"Malampa","South Malekula"
2025,"Energy","Household Electricity","electricity poles",50000,"Malampa","North Ambrym"
2025,"Energy","Household Electricity","electricity poles",50000,"Malampa","West Ambrym"
2025,"Energy","Household Electricity","electricity poles",50000,"Malampa","South East Ambrym"
2025,"Energy","Household Electricity","electricity poles",50000,"Malampa","Paama"
2025,"Energy","Household Electricity","electricity poles",50000,"Shefa","Port Vila"
2025,"Energy","Household Electricity","electricity poles",50000,"Shefa","Vermali"
2025,"Energy","Household Electricity","electricity poles",50000,"Shefa","Vermaul"
2025,"Energy","Household Electricity","electricity poles",50000,"Shefa","Varisu"
2025,"Energy","Household Electricity","electricity poles",50000,"Shefa","South Epi"
2025,"Energy","Household Electricity","electricity poles",50000,"Shefa","North Tongoa"
2025,"Energy","Household Electricity","electricity poles",50000,"Shefa","Makimae"
2025,"Energy","Household Electricity","electricity poles",50000,"Shefa","Tongariki"
2025,"Energy","Household Electricity","electricity poles",50000,"Shefa","Nguna"
2025,"Energy","Household Electricity","electricity poles",50000,"Shefa","Emau"
2025,"Energy","Household Electricity","electricity poles",50000,"Shefa","Malorua"
2025,"Energy","Household Electricity","electricity poles",50000,"Shefa","North Efate"
2025,"Energy","Household Electricity","electricity poles",50000,"Shefa","Mele"
2025,"Energy","Household Electricity","electricity poles",50000,"Shefa","Tanvasoko"
2025,"Energy","Household Electricity","electricity poles",50000,"Shefa","Ifira"
2025,"Energy","Household Electricity","electricity poles",50000,"Shefa","Pango"
2025,"Energy","Household Electricity","electricity poles",50000,"Shefa","Erakor"
2025,"Energy","Household Electricity","electricity poles",50000,"Shefa","Eratap"
2025,"Energy","Household Electricity","electricity poles",50000,"Shefa","Eton"
2025,"Energy","Household Electricity","electricity poles",50000,"Tafea","North Erromango"
2025,"Energy","Household Electricity","electricity poles",50000,"Tafea","South Erromango"
2025,"Energy","Household Electricity","electricity poles",50000,"Tafea","Aniwa"
2025,"Energy","Household Electricity","electricity poles",50000,"Tafea","North Tanna"
2025,"Energy","Household Electricity","electricity poles",50000,"Tafea","West Tanna"
2025,"Energy","Household Electricity","electricity poles",50000,"Tafea","Middle Bush Tanna"
2025,"Energy","Household Electricity","electricity poles",50000,"Tafea","South West Tanna"
2025,"Energy","Household Electricity","electricity poles",50000,"Tafea","Whitesands"
2025,"Energy","Household Electricity","electricity poles",50000,"Tafea","South Tanna"
2025,"Energy","Household Electricity","electricity poles",50000,"Tafea","Futuna"
2025,"Energy","Household Electricity","electricity poles",50000,"Tafea","Aneityum"
2025,"Energy","Energy Infrastructure","hydro",4.5e+07,"Torba","Torres"
2025,"Energy","Energy Infrastructure","hydro",4.5e+07,"Torba","Ureparapara"
2025,"Energy","Energy Infrastructure","hydro",4.5e+07,"Torba","Motalava"
2025,"Energy","Energy Infrastructure","hydro",4.5e+07,"Torba","East Vanualava"
2025,"Energy","Energy Infrastructure","hydro",4.5e+07,"Torba","West Vanualava"
2025,"Energy","Energy Infrastructure","hydro",4.5e+07,"Torba","Mota"
2025,"Energy","Energy Infrastructure","hydro",4.5e+07,"Torba","East Gaua"
2025,"Energy","Energy Infrastructure","hydro",4.5e+07,"Torba","West Gaua"
2025,"Energy","Energy Infrastructure","hydro",4.5e+07,"Torba","Merelava"
2025,"Energy","Energy Infrastructure","hydro",4.5e+07,"Sanma","Luganville"
2025,"Energy","Energy Infrastructure","hydro",4.5e+07,"Sanma","North West Santo"
2025,"Energy","Energy Infrastructure","hydro",4.5e+07,"Sanma","Big Bay Coast"
2025,"Energy","Energy Infrastructure","hydro",4.5e+07,"Sanma","Big Bay Inland"
2025,"Energy","Energy Infrastructure","hydro",4.5e+07,"Sanma","West Santo"
2025,"Energy","Energy Infrastructure","hydro",4.5e+07,"Sanma","South Santo 1"
2025,"Energy","Energy Infrastructure","hydro",4.5e+07,"Sanma","South Santo 2"
2025,"Energy","Energy Infrastructure","hydro",4.5e+07,"Sanma","East Santo"
2025,"Energy","Energy Infrastructure","hydro",4.5e+07,"Sanma","South East Santo"
2025,"Energy","Energy Infrastructure","hydro",4.5e+07,"Sanma","Canal Fanafo"
2025,"Energy","Energy Infrastructure","hydro",4.5e+07,"Sanma","West Malo"
2025,"Energy","Energy Infrastructure","hydro",4.5e+07,"Sanma","East Malo"
2025,"Energy","Energy Infrastructure","hydro",4.5e+07,"Penama","West Ambae"
2025,"Energy","Energy Infrastructure","hydro",4.5e+07,"Penama","North Ambae"
2025,"Energy","Energy Infrastructure","hydro",4.5e+07,"Penama","East Ambae"
2025,"Energy","Energy Infrastructure","hydro",4.5e+07,"Penama","South Ambae"
2025,"Energy","Energy Infrastructure","hydro",4.5e+07,"Penama","North Maewo"
2025,"Energy","Energy Infrastructure","hydro",4.5e+07,"Penama","South Maewo"
2025,"Energy","Energy Infrastructure","hydro",4.5e+07,"Penama","North Pentecost"
2025,"Energy","Energy Infrastructure","hydro",4.5e+07,"Penama","Central Pentecost 1"
2025,"Energy","Energy Infrastructure","hydro",4.5e+07,"Penama","Central Pentecost 2"
2025,"Energy","Energy Infrastructure","hydro",4.5e+07,"Penama","South Pentecost"
2025,"Energy","Energy Infrastructure","hydro",4.5e+07,"Malampa","North West Malekula"
2025,"Energy","Energy Infrastructure","hydro",4.5e+07,"Malampa","North East Malekula"
2025,"Energy","Energy Infrastructure","hydro",4.5e+07,"Malampa","Central Malekula"
2025,"Energy","Energy Infrastructure","hydro",4.5e+07,"Malampa","South West Malekula"
2025,"Energy","Energy Infrastructure","hydro",4.5e+07,"Malampa","South East Malekula"
2025,"Energy","Energy Infrastructure","hydro",4.5e+07,"Malampa","South Malekula"
2025,"Energy","Energy Infrastructure","hydro",4.5e+07,"Malampa","North Ambrym"
2025,"Energy","Energy Infrastructure","hydro",4.5e+07,"Malampa","West Ambrym"
2025,"Energy","Energy Infrastructure","hydro",4.5e+07,"Malampa","South East Ambrym"
2025,"Energy","Energy Infrastructure","hydro",4.5e+07,"Malampa","Paama"
2025,"Energy","Energy Infrastructure","hydro",4.5e+07,"Shefa","Port Vila"
2025,"Energy","Energy Infrastructure","hydro",4.5e+07,"Shefa","Vermali"
2025,"Energy","Energy Infrastructure","hydro",4.5e+07,"Shefa","Vermaul"
2025,"Energy","Energy Infrastructure","hydro",4.5e+07,"Shefa","Varisu"
2025,"Energy","Energy Infrastructure","hydro",4.5e+07,"Shefa","South Epi"
2025,"Energy","Energy Infrastructure","hydro",4.5e+07,"Shefa","North Tongoa"
2025,"Energy","Energy Infrastructure","hydro",4.5e+07,"Shefa","Makimae"
2025,"Energy","Energy Infrastructure","hydro",4.5e+07,"Shefa","Tongariki"
2025,"Energy","Energy Infrastructure","hydro",4.5e+07,"Shefa","Nguna"
2025,"Energy","Energy Infrastructure","hydro",4.5e+07,"Shefa","Emau"
2025,"Energy","Energy Infrastructure","hydro",4.5e+07,"Shefa","Malorua"
2025,"Energy","Energy Infrastructure","hydro",4.5e+07,"Shefa","North Efate"
2025,"Energy","Energy Infrastructure","hydro",4.5e+07,"Shefa","Mele"
2025,"Energy","Energy Infrastructure","hydro",4.5e+07,"Shefa","Tanvasoko"
2025,"Energy","Energy Infrastructure","hydro",4.5e+07,"Shefa","Ifira"
2025,"Energy","Energy Infrastructure","hydro",4.5e+07,"Shefa","Pango"
2025,"Energy","Energy Infrastructure","hydro",4.5e+07,"Shefa","Erakor"
2025,"Energy","Energy Infrastructure","hydro",4.5e+07,"Shefa","Eratap"
2025,"Energy","Energy Infrastructure","hydro",4.5e+07,"Shefa","Eton"
2025,"Energy","Energy Infrastructure","hydro",4.5e+07,"Tafea","North Erromango"
2025,"Energy","Energy Infrastructure","hydro",4.5e+07,"Tafea","South Erromango"
2025,"Energy","Energy Infrastructure","hydro",4.5e+07,"Tafea","Aniwa"
2025,"Energy","Energy Infrastructure","hydro",4.5e+07,"Tafea","North Tanna"
2025,"Energy","Energy Infrastructure","hydro",4.5e+07,"Tafea","West Tanna"
2025,"Energy","Energy Infrastructure","hydro",4.5e+07,"Tafea","Middle Bush Tanna"
2025,"Energy","Energy Infrastructure","hydro",4.5e+07,"Tafea","South West Tanna"
2025,"Energy","Energy Infrastructure","hydro",4.5e+07,"Tafea","Whitesands"
2025,"Energy","Energy Infrastructure","hydro",4.5e+07,"Tafea","South Tanna"
2025,"Energy","Energy Infrastructure","hydro",4.5e+07,"Tafea","Futuna"
2025,"Energy","Energy Infrastructure","hydro",4.5e+07,"Tafea","Aneityum"
2025,"Energy","Energy Infrastructure","solar",5e+06,"Torba","Torres"
2025,"Energy","Energy Infrastructure","solar",5e+06,"Torba","Ureparapara"
2025,"Energy","Energy Infrastructure","solar",5e+06,"Torba","Motalava"
2025,"Energy","Energy Infrastructure","solar",5e+06,"Torba","East Vanualava"
2025,"Energy","Energy Infrastructure","solar",5e+06,"Torba","West Vanualava"
2025,"Energy","Energy Infrastructure","solar",5e+06,"Torba","Mota"
2025,"Energy","Energy Infrastructure","solar",5e+06,"Torba","East Gaua"
2025,"Energy","Energy Infrastructure","solar",5e+06,"Torba","West Gaua"
2025,"Energy","Energy Infrastructure","solar",5e+06,"Torba","Merelava"
2025,"Energy","Energy Infrastructure","solar",5e+06,"Sanma","Luganville"
2025,"Energy","Energy Infrastructure","solar",5e+06,"Sanma","North West Santo"
2025,"Energy","Energy Infrastructure","solar",5e+06,"Sanma","Big Bay Coast"
2025,"Energy","Energy Infrastructure","solar",5e+06,"Sanma","Big Bay Inland"
2025,"Energy","Energy Infrastructure","solar",5e+06,"Sanma","West Santo"
2025,"Energy","Energy Infrastructure","solar",5e+06,"Sanma","South Santo 1"
2025,"Energy","Energy Infrastructure","solar",5e+06,"Sanma","South Santo 2"
2025,"Energy","Energy Infrastructure","solar",5e+06,"Sanma","East Santo"
2025,"Energy","Energy Infrastructure","solar",5e+06,"Sanma","South East Santo"
2025,"Energy","Energy Infrastructure","solar",5e+06,"Sanma","Canal Fanafo"
2025,"Energy","Energy Infrastructure","solar",5e+06,"Sanma","West Malo"
2025,"Energy","Energy Infrastructure","solar",5e+06,"Sanma","East Malo"
2025,"Energy","Energy Infrastructure","solar",5e+06,"Penama","West Ambae"
2025,"Energy","Energy Infrastructure","solar",5e+06,"Penama","North Ambae"
2025,"Energy","Energy Infrastructure","solar",5e+06,"Penama","East Ambae"
2025,"Energy","Energy Infrastructure","solar",5e+06,"Penama","South Ambae"
2025,"Energy","Energy Infrastructure","solar",5e+06,"Penama","North Maewo"
2025,"Energy","Energy Infrastructure","solar",5e+06,"Penama","South Maewo"
2025,"Energy","Energy Infrastructure","solar",5e+06,"Penama","North Pentecost"
2025,"Energy","Energy Infrastructure","solar",5e+06,"Penama","Central Pentecost 1"
2025,"Energy","Energy Infrastructure","solar",5e+06,"Penama","Central Pentecost 2"
2025,"Energy","Energy Infrastructure","solar",5e+06,"Penama","South Pentecost"
2025,"Energy","Energy Infrastructure","solar",5e+06,"Malampa","North West Malekula"
2025,"Energy","Energy Infrastructure","solar",5e+06,"Malampa","North East Malekula"
2025,"Energy","Energy Infrastructure","solar",5e+06,"Malampa","Central Malekula"
2025,"Energy","Energy Infrastructure","solar",5e+06,"Malampa","South West Malekula"
2025,"Energy","Energy Infrastructure","solar",5e+06,"Malampa","South East Malekula"
2025,"Energy","Energy Infrastructure","solar",5e+06,"Malampa","South Malekula"
2025,"Energy","Energy Infrastructure","solar",5e+06,"Malampa","North Ambrym"
2025,"Energy","Energy Infrastructure","solar",5e+06,"Malampa","West Ambrym"
2025,"Energy","Energy Infrastructure","solar",5e+06,"Malampa","South East Ambrym"
2025,"Energy","Energy Infrastructure","solar",5e+06,"Malampa","Paama"
2025,"Energy","Energy Infrastructure","solar",5e+06,"Shefa","Port Vila"
2025,"Energy","Energy Infrastructure","solar",5e+06,"Shefa","Vermali"
2025,"Energy","Energy Infrastructure","solar",5e+06,"Shefa","Vermaul"
2025,"Energy","Energy Infrastructure","solar",5e+06,"Shefa","Varisu"
2025,"Energy","Energy Infrastructure","solar",5e+06,"Shefa","South Epi"
2025,"Energy","Energy Infrastructure","solar",5e+06,"Shefa","North Tongoa"
2025,"Energy","Energy Infrastructure","solar",5e+06,"Shefa","Makimae"
2025,"Energy","Energy Infrastructure","solar",5e+06,"Shefa","Tongariki"
2025,"Energy","Energy Infrastructure","solar",5e+06,"Shefa","Nguna"
2025,"Energy","Energy Infrastructure","solar",5e+06,"Shefa","Emau"
2025,"Energy","Energy Infrastructure","solar",5e+06,"Shefa","Malorua"
2025,"Energy","Energy Infrastructure","solar",5e+06,"Shefa","North Efate"
2025,"Energy","Energy Infrastructure","solar",5e+06,"Shefa","Mele"
2025,"Energy","Energy Infrastructure","solar",5e+06,"Shefa","Tanvasoko"
2025,"Energy","Energy Infrastructure","solar",5e+06,"Shefa","Ifira"
2025,"Energy","Energy Infrastructure","solar",5e+06,"Shefa","Pango"
2025,"Energy","Energy Infrastructure","solar",5e+06,"Shefa","Erakor"
2025,"Energy","Energy Infrastructure","solar",5e+06,"Shefa","Eratap"
2025,"Energy","Energy Infrastructure","solar",5e+06,"Shefa","Eton"
2025,"Energy","Energy Infrastructure","solar",5e+06,"Tafea","North Erromango"
2025,"Energy","Energy Infrastructure","solar",5e+06,"Tafea","South Erromango"
2025,"Energy","Energy Infrastructure","solar",5e+06,"Tafea","Aniwa"
2025,"Energy","Energy Infrastructure","solar",5e+06,"Tafea","North Tanna"
2025,"Energy","Energy Infrastructure","solar",5e+06,"Tafea","West Tanna"
2025,"Energy","Energy Infrastructure","solar",5e+06,"Tafea","Middle Bush Tanna"
2025,"Energy","Energy Infrastructure","solar",5e+06,"Tafea","South West Tanna"
2025,"Energy","Energy Infrastructure","solar",5e+06,"Tafea","Whitesands"
2025,"Energy","Energy Infrastructure","solar",5e+06,"Tafea","South Tanna"
2025,"Energy","Energy Infrastructure","solar",5e+06,"Tafea","Futuna"
2025,"Energy","Energy Infrastructure","solar",5e+06,"Tafea","Aneityum"
2025,"Energy","Energy Infrastructure","electrcity pole support",35000,"Torba","Torres"
2025,"Energy","Energy Infrastructure","electrcity pole support",35000,"Torba","Ureparapara"
2025,"Energy","Energy Infrastructure","electrcity pole support",35000,"Torba","Motalava"
2025,"Energy","Energy Infrastructure","electrcity pole support",35000,"Torba","East Vanualava"
2025,"Energy","Energy Infrastructure","electrcity pole support",35000,"Torba","West Vanualava"
2025,"Energy","Energy Infrastructure","electrcity pole support",35000,"Torba","Mota"
2025,"Energy","Energy Infrastructure","electrcity pole support",35000,"Torba","East Gaua"
2025,"Energy","Energy Infrastructure","electrcity pole support",35000,"Torba","West Gaua"
2025,"Energy","Energy Infrastructure","electrcity pole support",35000,"Torba","Merelava"
2025,"Energy","Energy Infrastructure","electrcity pole support",35000,"Sanma","Luganville"
2025,"Energy","Energy Infrastructure","electrcity pole support",35000,"Sanma","North West Santo"
2025,"Energy","Energy Infrastructure","electrcity pole support",35000,"Sanma","Big Bay Coast"
2025,"Energy","Energy Infrastructure","electrcity pole support",35000,"Sanma","Big Bay Inland"
2025,"Energy","Energy Infrastructure","electrcity pole support",35000,"Sanma","West Santo"
2025,"Energy","Energy Infrastructure","electrcity pole support",35000,"Sanma","South Santo 1"
2025,"Energy","Energy Infrastructure","electrcity pole support",35000,"Sanma","South Santo 2"
2025,"Energy","Energy Infrastructure","electrcity pole support",35000,"Sanma","East Santo"
2025,"Energy","Energy Infrastructure","electrcity pole support",35000,"Sanma","South East Santo"
2025,"Energy","Energy Infrastructure","electrcity pole support",35000,"Sanma","Canal Fanafo"
2025,"Energy","Energy Infrastructure","electrcity pole support",35000,"Sanma","West Malo"
2025,"Energy","Energy Infrastructure","electrcity pole support",35000,"Sanma","East Malo"
2025,"Energy","Energy Infrastructure","electrcity pole support",35000,"Penama","West Ambae"
2025,"Energy","Energy Infrastructure","electrcity pole support",35000,"Penama","North Ambae"
2025,"Energy","Energy Infrastructure","electrcity pole support",35000,"Penama","East Ambae"
2025,"Energy","Energy Infrastructure","electrcity pole support",35000,"Penama","South Ambae"
2025,"Energy","Energy Infrastructure","electrcity pole support",35000,"Penama","North Maewo"
2025,"Energy","Energy Infrastructure","electrcity pole support",35000,"Penama","South Maewo"
2025,"Energy","Energy Infrastructure","electrcity pole support",35000,"Penama","North Pentecost"
2025,"Energy","Energy Infrastructure","electrcity pole support",35000,"Penama","Central Pentecost 1"
2025,"Energy","Energy Infrastructure","electrcity pole support",35000,"Penama","Central Pentecost 2"
2025,"Energy","Energy Infrastructure","electrcity pole support",35000,"Penama","South Pentecost"
2025,"Energy","Energy Infrastructure","electrcity pole support",35000,"Malampa","North West Malekula"
2025,"Energy","Energy Infrastructure","electrcity pole support",35000,"Malampa","North East Malekula"
2025,"Energy","Energy Infrastructure","electrcity pole support",35000,"Malampa","Central Malekula"
2025,"Energy","Energy Infrastructure","electrcity pole support",35000,"Malampa","South West Malekula"
2025,"Energy","Energy Infrastructure","electrcity pole support",35000,"Malampa","South East Malekula"
2025,"Energy","Energy Infrastructure","electrcity pole support",35000,"Malampa","South Malekula"
2025,"Energy","Energy Infrastructure","electrcity pole support",35000,"Malampa","North Ambrym"
2025,"Energy","Energy Infrastructure","electrcity pole support",35000,"Malampa","West Ambrym"
2025,"Energy","Energy Infrastructure","electrcity pole support",35000,"Malampa","South East Ambrym"
2025,"Energy","Energy Infrastructure","electrcity pole support",35000,"Malampa","Paama"
2025,"Energy","Energy Infrastructure","electrcity pole support",35000,"Shefa","Port Vila"
2025,"Energy","Energy Infrastructure","electrcity pole support",35000,"Shefa","Vermali"
2025,"Energy","Energy Infrastructure","electrcity pole support",35000,"Shefa","Vermaul"
2025,"Energy","Energy Infrastructure","electrcity pole support",35000,"Shefa","Varisu"
2025,"Energy","Energy Infrastructure","electrcity pole support",35000,"Shefa","South Epi"
2025,"Energy","Energy Infrastructure","electrcity pole support",35000,"Shefa","North Tongoa"
2025,"Energy","Energy Infrastructure","electrcity pole support",35000,"Shefa","Makimae"
2025,"Energy","Energy Infrastructure","electrcity pole support",35000,"Shefa","Tongariki"
2025,"Energy","Energy Infrastructure","electrcity pole support",35000,"Shefa","Nguna"
2025,"Energy","Energy Infrastructure","electrcity pole support",35000,"Shefa","Emau"
2025,"Energy","Energy Infrastructure","electrcity pole support",35000,"Shefa","Malorua"
2025,"Energy","Energy Infrastructure","electrcity pole support",35000,"Shefa","North Efate"
2025,"Energy","Energy Infrastructure","electrcity pole support",35000,"Shefa","Mele"
2025,"Energy","Energy Infrastructure","electrcity pole support",35000,"Shefa","Tanvasoko"
2025,"Energy","Energy Infrastructure","electrcity pole support",35000,"Shefa","Ifira"
2025,"Energy","Energy Infrastructure","electrcity pole support",35000,"Shefa","Pango"
2025,"Energy","Energy Infrastructure","electrcity pole support",35000,"Shefa","Erakor"
2025,"Energy","Energy Infrastructure","electrcity pole support",35000,"Shefa","Eratap"
2025,"Energy","Energy Infrastructure","electrcity pole support",35000,"Shefa","Eton"
2025,"Energy","Energy Infrastructure","electrcity pole support",35000,"Tafea","North Erromango"
2025,"Energy","Energy Infrastructure","electrcity pole support",35000,"Tafea","South Erromango"
2025,"Energy","Energy Infrastructure","electrcity pole support",35000,"Tafea","Aniwa"
2025,"Energy","Energy Infrastructure","electrcity pole support",35000,"Tafea","North Tanna"
2025,"Energy","Energy Infrastructure","electrcity pole support",35000,"Tafea","West Tanna"
2025,"Energy","Energy Infrastructure","electrcity pole support",35000,"Tafea","Middle Bush Tanna"
2025,"Energy","Energy Infrastructure","electrcity pole support",35000,"Tafea","South West Tanna"
2025,"Energy","Energy Infrastructure","electrcity pole support",35000,"Tafea","Whitesands"
2025,"Energy","Energy Infrastructure","electrcity pole support",35000,"Tafea","South Tanna"
2025,"Energy","Energy Infrastructure","electrcity pole support",35000,"Tafea","Futuna"
2025,"Energy","Energy Infrastructure","electrcity pole support",35000,"Tafea","Aneityum"
2025,"Energy","Energy Infrastructure","electrical terminals",20000,"Torba","Torres"
2025,"Energy","Energy Infrastructure","electrical terminals",20000,"Torba","Ureparapara"
2025,"Energy","Energy Infrastructure","electrical terminals",20000,"Torba","Motalava"
2025,"Energy","Energy Infrastructure","electrical terminals",20000,"Torba","East Vanualava"
2025,"Energy","Energy Infrastructure","electrical terminals",20000,"Torba","West Vanualava"
2025,"Energy","Energy Infrastructure","electrical terminals",20000,"Torba","Mota"
2025,"Energy","Energy Infrastructure","electrical terminals",20000,"Torba","East Gaua"
2025,"Energy","Energy Infrastructure","electrical terminals",20000,"Torba","West Gaua"
2025,"Energy","Energy Infrastructure","electrical terminals",20000,"Torba","Merelava"
2025,"Energy","Energy Infrastructure","electrical terminals",20000,"Sanma","Luganville"
2025,"Energy","Energy Infrastructure","electrical terminals",20000,"Sanma","North West Santo"
2025,"Energy","Energy Infrastructure","electrical terminals",20000,"Sanma","Big Bay Coast"
2025,"Energy","Energy Infrastructure","electrical terminals",20000,"Sanma","Big Bay Inland"
2025,"Energy","Energy Infrastructure","electrical terminals",20000,"Sanma","West Santo"
2025,"Energy","Energy Infrastructure","electrical terminals",20000,"Sanma","South Santo 1"
2025,"Energy","Energy Infrastructure","electrical terminals",20000,"Sanma","South Santo 2"
2025,"Energy","Energy Infrastructure","electrical terminals",20000,"Sanma","East Santo"
2025,"Energy","Energy Infrastructure","electrical terminals",20000,"Sanma","South East Santo"
2025,"Energy","Energy Infrastructure","electrical terminals",20000,"Sanma","Canal Fanafo"
2025,"Energy","Energy Infrastructure","electrical terminals",20000,"Sanma","West Malo"
2025,"Energy","Energy Infrastructure","electrical terminals",20000,"Sanma","East Malo"
2025,"Energy","Energy Infrastructure","electrical terminals",20000,"Penama","West Ambae"
2025,"Energy","Energy Infrastructure","electrical terminals",20000,"Penama","North Ambae"
2025,"Energy","Energy Infrastructure","electrical terminals",20000,"Penama","East Ambae"
2025,"Energy","Energy Infrastructure","electrical terminals",20000,"Penama","South Ambae"
2025,"Energy","Energy Infrastructure","electrical terminals",20000,"Penama","North Maewo"
2025,"Energy","Energy Infrastructure","electrical terminals",20000,"Penama","South Maewo"
2025,"Energy","Energy Infrastructure","electrical terminals",20000,"Penama","North Pentecost"
2025,"Energy","Energy Infrastructure","electrical terminals",20000,"Penama","Central Pentecost 1"
2025,"Energy","Energy Infrastructure","electrical terminals",20000,"Penama","Central Pentecost 2"
2025,"Energy","Energy Infrastructure","electrical terminals",20000,"Penama","South Pentecost"
2025,"Energy","Energy Infrastructure","electrical terminals",20000,"Malampa","North West Malekula"
2025,"Energy","Energy Infrastructure","electrical terminals",20000,"Malampa","North East Malekula"
2025,"Energy","Energy Infrastructure","electrical terminals",20000,"Malampa","Central Malekula"
2025,"Energy","Energy Infrastructure","electrical terminals",20000,"Malampa","South West Malekula"
2025,"Energy","Energy Infrastructure","electrical terminals",20000,"Malampa","South East Malekula"
2025,"Energy","Energy Infrastructure","electrical terminals",20000,"Malampa","South Malekula"
2025,"Energy","Energy Infrastructure","electrical terminals",20000,"Malampa","North Ambrym"
2025,"Energy","Energy Infrastructure","electrical terminals",20000,"Malampa","West Ambrym"
2025,"Energy","Energy Infrastructure","electrical terminals",20000,"Malampa","South East Ambrym"
2025,"Energy","Energy Infrastructure","electrical terminals",20000,"Malampa","Paama"
2025,"Energy","Energy Infrastructure","electrical terminals",20000,"Shefa","Port Vila"
2025,"Energy","Energy Infrastructure","electrical terminals",20000,"Shefa","Vermali"
2025,"Energy","Energy Infrastructure","electrical terminals",20000,"Shefa","Vermaul"
2025,"Energy","Energy Infrastructure","electrical terminals",20000,"Shefa","Varisu"
2025,"Energy","Energy Infrastructure","electrical terminals",20000,"Shefa","South Epi"
2025,"Energy","Energy Infrastructure","electrical terminals",20000,"Shefa","North Tongoa"
2025,"Energy","Energy Infrastructure","electrical terminals",20000,"Shefa","Makimae"
2025,"Energy","Energy Infrastructure","electrical terminals",20000,"Shefa","Tongariki"
2025,"Energy","Energy Infrastructure","electrical terminals",20000,"Shefa","Nguna"
2025,"Energy","Energy Infrastructure","electrical terminals",20000,"Shefa","Emau"
2025,"Energy","Energy Infrastructure","electrical terminals",20000,"Shefa","Malorua"
2025,"Energy","Energy Infrastructure","electrical terminals",20000,"Shefa","North Efate"
2025,"Energy","Energy Infrastructure","electrical terminals",20000,"Shefa","Mele"
2025,"Energy","Energy Infrastructure","electrical terminals",20000,"Shefa","Tanvasoko"
2025,"Energy","Energy Infrastructure","electrical terminals",20000,"Shefa","Ifira"
2025,"Energy","Energy Infrastructure","electrical terminals",20000,"Shefa","Pango"
2025,"Energy","Energy Infrastructure","electrical terminals",20000,"Shefa","Erakor"
2025,"Energy","Energy Infrastructure","electrical terminals",20000,"Shefa","Eratap"
2025,"Energy","Energy Infrastructure","electrical terminals",20000,"Shefa","Eton"
2025,"Energy","Energy Infrastructure","electrical terminals",20000,"Tafea","North Erromango"
2025,"Energy","Energy Infrastructure","electrical terminals",20000,"Tafea","South Erromango"
2025,"Energy","Energy Infrastructure","electrical terminals",20000,"Tafea","Aniwa"
2025,"Energy","Energy Infrastructure","electrical terminals",20000,"Tafea","North Tanna"
2025,"Energy","Energy Infrastructure","electrical terminals",20000,"Tafea","West Tanna"
2025,"Energy","Energy Infrastructure","electrical terminals",20000,"Tafea","Middle Bush Tanna"
2025,"Energy","Energy Infrastructure","electrical terminals",20000,"Tafea","South West Tanna"
2025,"Energy","Energy Infrastructure","electrical terminals",20000,"Tafea","Whitesands"
2025,"Energy","Energy Infrastructure","electrical terminals",20000,"Tafea","South Tanna"
2025,"Energy","Energy Infrastructure","electrical terminals",20000,"Tafea","Futuna"
2025,"Energy","Energy Infrastructure","electrical terminals",20000,"Tafea","Aneityum"
2025,"Energy","Energy Infrastructure","high voltage poles",180000,"Torba","Torres"
2025,"Energy","Energy Infrastructure","high voltage poles",180000,"Torba","Ureparapara"
2025,"Energy","Energy Infrastructure","high voltage poles",180000,"Torba","Motalava"
2025,"Energy","Energy Infrastructure","high voltage poles",180000,"Torba","East Vanualava"
2025,"Energy","Energy Infrastructure","high voltage poles",180000,"Torba","West Vanualava"
2025,"Energy","Energy Infrastructure","high voltage poles",180000,"Torba","Mota"
2025,"Energy","Energy Infrastructure","high voltage poles",180000,"Torba","East Gaua"
2025,"Energy","Energy Infrastructure","high voltage poles",180000,"Torba","West Gaua"
2025,"Energy","Energy Infrastructure","high voltage poles",180000,"Torba","Merelava"
2025,"Energy","Energy Infrastructure","high voltage poles",180000,"Sanma","Luganville"
2025,"Energy","Energy Infrastructure","high voltage poles",180000,"Sanma","North West Santo"
2025,"Energy","Energy Infrastructure","high voltage poles",180000,"Sanma","Big Bay Coast"
2025,"Energy","Energy Infrastructure","high voltage poles",180000,"Sanma","Big Bay Inland"
2025,"Energy","Energy Infrastructure","high voltage poles",180000,"Sanma","West Santo"
2025,"Energy","Energy Infrastructure","high voltage poles",180000,"Sanma","South Santo 1"
2025,"Energy","Energy Infrastructure","high voltage poles",180000,"Sanma","South Santo 2"
2025,"Energy","Energy Infrastructure","high voltage poles",180000,"Sanma","East Santo"
2025,"Energy","Energy Infrastructure","high voltage poles",180000,"Sanma","South East Santo"
2025,"Energy","Energy Infrastructure","high voltage poles",180000,"Sanma","Canal Fanafo"
2025,"Energy","Energy Infrastructure","high voltage poles",180000,"Sanma","West Malo"
2025,"Energy","Energy Infrastructure","high voltage poles",180000,"Sanma","East Malo"
2025,"Energy","Energy Infrastructure","high voltage poles",180000,"Penama","West Ambae"
2025,"Energy","Energy Infrastructure","high voltage poles",180000,"Penama","North Ambae"
2025,"Energy","Energy Infrastructure","high voltage poles",180000,"Penama","East Ambae"
2025,"Energy","Energy Infrastructure","high voltage poles",180000,"Penama","South Ambae"
2025,"Energy","Energy Infrastructure","high voltage poles",180000,"Penama","North Maewo"
2025,"Energy","Energy Infrastructure","high voltage poles",180000,"Penama","South Maewo"
2025,"Energy","Energy Infrastructure","high voltage poles",180000,"Penama","North Pentecost"
2025,"Energy","Energy Infrastructure","high voltage poles",180000,"Penama","Central Pentecost 1"
2025,"Energy","Energy Infrastructure","high voltage poles",180000,"Penama","Central Pentecost 2"
2025,"Energy","Energy Infrastructure","high voltage poles",180000,"Penama","South Pentecost"
2025,"Energy","Energy Infrastructure","high voltage poles",180000,"Malampa","North West Malekula"
2025,"Energy","Energy Infrastructure","high voltage poles",180000,"Malampa","North East Malekula"
2025,"Energy","Energy Infrastructure","high voltage poles",180000,"Malampa","Central Malekula"
2025,"Energy","Energy Infrastructure","high voltage poles",180000,"Malampa","South West Malekula"
2025,"Energy","Energy Infrastructure","high voltage poles",180000,"Malampa","South East Malekula"
2025,"Energy","Energy Infrastructure","high voltage poles",180000,"Malampa","South Malekula"
2025,"Energy","Energy Infrastructure","high voltage poles",180000,"Malampa","North Ambrym"
2025,"Energy","Energy Infrastructure","high voltage poles",180000,"Malampa","West Ambrym"
2025,"Energy","Energy Infrastructure","high voltage poles",180000,"Malampa","South East Ambrym"
2025,"Energy","Energy Infrastructure","high voltage poles",180000,"Malampa","Paama"
2025,"Energy","Energy Infrastructure","high voltage poles",180000,"Shefa","Port Vila"
2025,"Energy","Energy Infrastructure","high voltage poles",180000,"Shefa","Vermali"
2025,"Energy","Energy Infrastructure","high voltage poles",180000,"Shefa","Vermaul"
2025,"Energy","Energy Infrastructure","high voltage poles",180000,"Shefa","Varisu"
2025,"Energy","Energy Infrastructure","high voltage poles",180000,"Shefa","South Epi"
2025,"Energy","Energy Infrastructure","high voltage poles",180000,"Shefa","North Tongoa"
2025,"Energy","Energy Infrastructure","high voltage poles",180000,"Shefa","Makimae"
2025,"Energy","Energy Infrastructure","high voltage poles",180000,"Shefa","Tongariki"
2025,"Energy","Energy Infrastructure","high voltage poles",180000,"Shefa","Nguna"
2025,"Energy","Energy Infrastructure","high voltage poles",180000,"Shefa","Emau"
2025,"Energy","Energy Infrastructure","high voltage poles",180000,"Shefa","Malorua"
2025,"Energy","Energy Infrastructure","high voltage poles",180000,"Shefa","North Efate"
2025,"Energy","Energy Infrastructure","high voltage poles",180000,"Shefa","Mele"
2025,"Energy","Energy Infrastructure","high voltage poles",180000,"Shefa","Tanvasoko"
2025,"Energy","Energy Infrastructure","high voltage poles",180000,"Shefa","Ifira"
2025,"Energy","Energy Infrastructure","high voltage poles",180000,"Shefa","Pango"
2025,"Energy","Energy Infrastructure","high voltage poles",180000,"Shefa","Erakor"
2025,"Energy","Energy Infrastructure","high voltage poles",180000,"Shefa","Eratap"
2025,"Energy","Energy Infrastructure","high voltage poles",180000,"Shefa","Eton"
2025,"Energy","Energy Infrastructure","high voltage poles",180000,"Tafea","North Erromango"
2025,"Energy","Energy Infrastructure","high voltage poles",180000,"Tafea","South Erromango"
2025,"Energy","Energy Infrastructure","high voltage poles",180000,"Tafea","Aniwa"
2025,"Energy","Energy Infrastructure","high voltage poles",180000,"Tafea","North Tanna"
2025,"Energy","Energy Infrastructure","high voltage poles",180000,"Tafea","West Tanna"
2025,"Energy","Energy Infrastructure","high voltage poles",180000,"Tafea","Middle Bush Tanna"
2025,"Energy","Energy Infrastructure","high voltage poles",180000,"Tafea","South West Tanna"
2025,"Energy","Energy Infrastructure","high voltage poles",180000,"Tafea","Whitesands"
2025,"Energy","Energy Infrastructure","high voltage poles",180000,"Tafea","South Tanna"
2025,"Energy","Energy Infrastructure","high voltage poles",180000,"Tafea","Futuna"
2025,"Energy","Energy Infrastructure","high voltage poles",180000,"Tafea","Aneityum"
2025,"Energy","Energy Infrastructure","high voltage support poles",90000,"Torba","Torres"
2025,"Energy","Energy Infrastructure","high voltage support poles",90000,"Torba","Ureparapara"
2025,"Energy","Energy Infrastructure","high voltage support poles",90000,"Torba","Motalava"
2025,"Energy","Energy Infrastructure","high voltage support poles",90000,"Torba","East Vanualava"
2025,"Energy","Energy Infrastructure","high voltage support poles",90000,"Torba","West Vanualava"
2025,"Energy","Energy Infrastructure","high voltage support poles",90000,"Torba","Mota"
2025,"Energy","Energy Infrastructure","high voltage support poles",90000,"Torba","East Gaua"
2025,"Energy","Energy Infrastructure","high voltage support poles",90000,"Torba","West Gaua"
2025,"Energy","Energy Infrastructure","high voltage support poles",90000,"Torba","Merelava"
2025,"Energy","Energy Infrastructure","high voltage support poles",90000,"Sanma","Luganville"
2025,"Energy","Energy Infrastructure","high voltage support poles",90000,"Sanma","North West Santo"
2025,"Energy","Energy Infrastructure","high voltage support poles",90000,"Sanma","Big Bay Coast"
2025,"Energy","Energy Infrastructure","high voltage support poles",90000,"Sanma","Big Bay Inland"
2025,"Energy","Energy Infrastructure","high voltage support poles",90000,"Sanma","West Santo"
2025,"Energy","Energy Infrastructure","high voltage support poles",90000,"Sanma","South Santo 1"
2025,"Energy","Energy Infrastructure","high voltage support poles",90000,"Sanma","South Santo 2"
2025,"Energy","Energy Infrastructure","high voltage support poles",90000,"Sanma","East Santo"
2025,"Energy","Energy Infrastructure","high voltage support poles",90000,"Sanma","South East Santo"
2025,"Energy","Energy Infrastructure","high voltage support poles",90000,"Sanma","Canal Fanafo"
2025,"Energy","Energy Infrastructure","high voltage support poles",90000,"Sanma","West Malo"
2025,"Energy","Energy Infrastructure","high voltage support poles",90000,"Sanma","East Malo"
2025,"Energy","Energy Infrastructure","high voltage support poles",90000,"Penama","West Ambae"
2025,"Energy","Energy Infrastructure","high voltage support poles",90000,"Penama","North Ambae"
2025,"Energy","Energy Infrastructure","high voltage support poles",90000,"Penama","East Ambae"
2025,"Energy","Energy Infrastructure","high voltage support poles",90000,"Penama","South Ambae"
2025,"Energy","Energy Infrastructure","high voltage support poles",90000,"Penama","North Maewo"
2025,"Energy","Energy Infrastructure","high voltage support poles",90000,"Penama","South Maewo"
2025,"Energy","Energy Infrastructure","high voltage support poles",90000,"Penama","North Pentecost"
2025,"Energy","Energy Infrastructure","high voltage support poles",90000,"Penama","Central Pentecost 1"
2025,"Energy","Energy Infrastructure","high voltage support poles",90000,"Penama","Central Pentecost 2"
2025,"Energy","Energy Infrastructure","high voltage support poles",90000,"Penama","South Pentecost"
2025,"Energy","Energy Infrastructure","high voltage support poles",90000,"Malampa","North West Malekula"
2025,"Energy","Energy Infrastructure","high voltage support poles",90000,"Malampa","North East Malekula"
2025,"Energy","Energy Infrastructure","high voltage support poles",90000,"Malampa","Central Malekula"
2025,"Energy","Energy Infrastructure","high voltage support poles",90000,"Malampa","South West Malekula"
2025,"Energy","Energy Infrastructure","high voltage support poles",90000,"Malampa","South East Malekula"
2025,"Energy","Energy Infrastructure","high voltage support poles",90000,"Malampa","South Malekula"
2025,"Energy","Energy Infrastructure","high voltage support poles",90000,"Malampa","North Ambrym"
2025,"Energy","Energy Infrastructure","high voltage support poles",90000,"Malampa","West Ambrym"
2025,"Energy","Energy Infrastructure","high voltage support poles",90000,"Malampa","South East Ambrym"
2025,"Energy","Energy Infrastructure","high voltage support poles",90000,"Malampa","Paama"
2025,"Energy","Energy Infrastructure","high voltage support poles",90000,"Shefa","Port Vila"
2025,"Energy","Energy Infrastructure","high voltage support poles",90000,"Shefa","Vermali"
2025,"Energy","Energy Infrastructure","high voltage support poles",90000,"Shefa","Vermaul"
2025,"Energy","Energy Infrastructure","high voltage support poles",90000,"Shefa","Varisu"
2025,"Energy","Energy Infrastructure","high voltage support poles",90000,"Shefa","South Epi"
2025,"Energy","Energy Infrastructure","high voltage support poles",90000,"Shefa","North Tongoa"
2025,"Energy","Energy Infrastructure","high voltage support poles",90000,"Shefa","Makimae"
2025,"Energy","Energy Infrastructure","high voltage support poles",90000,"Shefa","Tongariki"
2025,"Energy","Energy Infrastructure","high voltage support poles",90000,"Shefa","Nguna"
2025,"Energy","Energy Infrastructure","high voltage support poles",90000,"Shefa","Emau"
2025,"Energy","Energy Infrastructure","high voltage support poles",90000,"Shefa","Malorua"
2025,"Energy","Energy Infrastructure","high voltage support poles",90000,"Shefa","North Efate"
2025,"Energy","Energy Infrastructure","high voltage support poles",90000,"Shefa","Mele"
2025,"Energy","Energy Infrastructure","high voltage support poles",90000,"Shefa","Tanvasoko"
2025,"Energy","Energy Infrastructure","high voltage support poles",90000,"Shefa","Ifira"
2025,"Energy","Energy Infrastructure","high voltage support poles",90000,"Shefa","Pango"
2025,"Energy","Energy Infrastructure","high voltage support poles",90000,"Shefa","Erakor"
2025,"Energy","Energy Infrastructure","high voltage support poles",90000,"Shefa","Eratap"
2025,"Energy","Energy Infrastructure","high voltage support poles",90000,"Shefa","Eton"
2025,"Energy","Energy Infrastructure","high voltage support poles",90000,"Tafea","North Erromango"
2025,"Energy","Energy Infrastructure","high voltage support poles",90000,"Tafea","South Erromango"
2025,"Energy","Energy Infrastructure","high voltage support poles",90000,"Tafea","Aniwa"
2025,"Energy","Energy Infrastructure","high voltage support poles",90000,"Tafea","North Tanna"
2025,"Energy","Energy Infrastructure","high voltage support poles",90000,"Tafea","West Tanna"
2025,"Energy","Energy Infrastructure","high voltage support poles",90000,"Tafea","Middle Bush Tanna"
2025,"Energy","Energy Infrastructure","high voltage support poles",90000,"Tafea","South West Tanna"
2025,"Energy","Energy Infrastructure","high voltage support poles",90000,"Tafea","Whitesands"
2025,"Energy","Energy Infrastructure","high voltage support poles",90000,"Tafea","South Tanna"
2025,"Energy","Energy Infrastructure","high voltage support poles",90000,"Tafea","Futuna"
2025,"Energy","Energy Infrastructure","high voltage support poles",90000,"Tafea","Aneityum"
2025,"Energy","Energy Infrastructure","high voltage transformer substation",3500000,"Torba","Torres"
2025,"Energy","Energy Infrastructure","high voltage transformer substation",3500000,"Torba","Ureparapara"
2025,"Energy","Energy Infrastructure","high voltage transformer substation",3500000,"Torba","Motalava"
2025,"Energy","Energy Infrastructure","high voltage transformer substation",3500000,"Torba","East Vanualava"
2025,"Energy","Energy Infrastructure","high voltage transformer substation",3500000,"Torba","West Vanualava"
2025,"Energy","Energy Infrastructure","high voltage transformer substation",3500000,"Torba","Mota"
2025,"Energy","Energy Infrastructure","high voltage transformer substation",3500000,"Torba","East Gaua"
2025,"Energy","Energy Infrastructure","high voltage transformer substation",3500000,"Torba","West Gaua"
2025,"Energy","Energy Infrastructure","high voltage transformer substation",3500000,"Torba","Merelava"
2025,"Energy","Energy Infrastructure","high voltage transformer substation",3500000,"Sanma","Luganville"
2025,"Energy","Energy Infrastructure","high voltage transformer substation",3500000,"Sanma","North West Santo"
2025,"Energy","Energy Infrastructure","high voltage transformer substation",3500000,"Sanma","Big Bay Coast"
2025,"Energy","Energy Infrastructure","high voltage transformer substation",3500000,"Sanma","Big Bay Inland"
2025,"Energy","Energy Infrastructure","high voltage transformer substation",3500000,"Sanma","West Santo"
2025,"Energy","Energy Infrastructure","high voltage transformer substation",3500000,"Sanma","South Santo 1"
2025,"Energy","Energy Infrastructure","high voltage transformer substation",3500000,"Sanma","South Santo 2"
2025,"Energy","Energy Infrastructure","high voltage transformer substation",3500000,"Sanma","East Santo"
2025,"Energy","Energy Infrastructure","high voltage transformer substation",3500000,"Sanma","South East Santo"
2025,"Energy","Energy Infrastructure","high voltage transformer substation",3500000,"Sanma","Canal Fanafo"
2025,"Energy","Energy Infrastructure","high voltage transformer substation",3500000,"Sanma","West Malo"
2025,"Energy","Energy Infrastructure","high voltage transformer substation",3500000,"Sanma","East Malo"
2025,"Energy","Energy Infrastructure","high voltage transformer substation",3500000,"Penama","West Ambae"
2025,"Energy","Energy Infrastructure","high voltage transformer substation",3500000,"Penama","North Ambae"
2025,"Energy","Energy Infrastructure","high voltage transformer substation",3500000,"Penama","East Ambae"
2025,"Energy","Energy Infrastructure","high voltage transformer substation",3500000,"Penama","South Ambae"
2025,"Energy","Energy Infrastructure","high voltage transformer substation",3500000,"Penama","North Maewo"
2025,"Energy","Energy Infrastructure","high voltage transformer substation",3500000,"Penama","South Maewo"
2025,"Energy","Energy Infrastructure","high voltage transformer substation",3500000,"Penama","North Pentecost"
2025,"Energy","Energy Infrastructure","high voltage transformer substation",3500000,"Penama","Central Pentecost 1"
2025,"Energy","Energy Infrastructure","high voltage transformer substation",3500000,"Penama","Central Pentecost 2"
2025,"Energy","Energy Infrastructure","high voltage transformer substation",3500000,"Penama","South Pentecost"
2025,"Energy","Energy Infrastructure","high voltage transformer substation",3500000,"Malampa","North West Malekula"
2025,"Energy","Energy Infrastructure","high voltage transformer substation",3500000,"Malampa","North East Malekula"
2025,"Energy","Energy Infrastructure","high voltage transformer substation",3500000,"Malampa","Central Malekula"
2025,"Energy","Energy Infrastructure","high voltage transformer substation",3500000,"Malampa","South West Malekula"
2025,"Energy","Energy Infrastructure","high voltage transformer substation",3500000,"Malampa","South East Malekula"
2025,"Energy","Energy Infrastructure","high voltage transformer substation",3500000,"Malampa","South Malekula"
2025,"Energy","Energy Infrastructure","high voltage transformer substation",3500000,"Malampa","North Ambrym"
2025,"Energy","Energy Infrastructure","high voltage transformer substation",3500000,"Malampa","West Ambrym"
2025,"Energy","Energy Infrastructure","high voltage transformer substation",3500000,"Malampa","South East Ambrym"
2025,"Energy","Energy Infrastructure","high voltage transformer substation",3500000,"Malampa","Paama"
2025,"Energy","Energy Infrastructure","high voltage transformer substation",3500000,"Shefa","Port Vila"
2025,"Energy","Energy Infrastructure","high voltage transformer substation",3500000,"Shefa","Vermali"
2025,"Energy","Energy Infrastructure","high voltage transformer substation",3500000,"Shefa","Vermaul"
2025,"Energy","Energy Infrastructure","high voltage transformer substation",3500000,"Shefa","Varisu"
2025,"Energy","Energy Infrastructure","high voltage transformer substation",3500000,"Shefa","South Epi"
2025,"Energy","Energy Infrastructure","high voltage transformer substation",3500000,"Shefa","North Tongoa"
2025,"Energy","Energy Infrastructure","high voltage transformer substation",3500000,"Shefa","Makimae"
2025,"Energy","Energy Infrastructure","high voltage transformer substation",3500000,"Shefa","Tongariki"
2025,"Energy","Energy Infrastructure","high voltage transformer substation",3500000,"Shefa","Nguna"
2025,"Energy","Energy Infrastructure","high voltage transformer substation",3500000,"Shefa","Emau"
2025,"Energy","Energy Infrastructure","high voltage transformer substation",3500000,"Shefa","Malorua"
2025,"Energy","Energy Infrastructure","high voltage transformer substation",3500000,"Shefa","North Efate"
2025,"Energy","Energy Infrastructure","high voltage transformer substation",3500000,"Shefa","Mele"
2025,"Energy","Energy Infrastructure","high voltage transformer substation",3500000,"Shefa","Tanvasoko"
2025,"Energy","Energy Infrastructure","high voltage transformer substation",3500000,"Shefa","Ifira"
2025,"Energy","Energy Infrastructure","high voltage transformer substation",3500000,"Shefa","Pango"
2025,"Energy","Energy Infrastructure","high voltage transformer substation",3500000,"Shefa","Erakor"
2025,"Energy","Energy Infrastructure","high voltage transformer substation",3500000,"Shefa","Eratap"
2025,"Energy","Energy Infrastructure","high voltage transformer substation",3500000,"Shefa","Eton"
2025,"Energy","Energy Infrastructure","high voltage transformer substation",3500000,"Tafea","North Erromango"
2025,"Energy","Energy Infrastructure","high voltage transformer substation",3500000,"Tafea","South Erromango"
2025,"Energy","Energy Infrastructure","high voltage transformer substation",3500000,"Tafea","Aniwa"
2025,"Energy","Energy Infrastructure","high voltage transformer substation",3500000,"Tafea","North Tanna"
2025,"Energy","Energy Infrastructure","high voltage transformer substation",3500000,"Tafea","West Tanna"
2025,"Energy","Energy Infrastructure","high voltage transformer substation",3500000,"Tafea","Middle Bush Tanna"
2025,"Energy","Energy Infrastructure","high voltage transformer substation",3500000,"Tafea","South West Tanna"
2025,"Energy","Energy Infrastructure","high voltage transformer substation",3500000,"Tafea","Whitesands"
2025,"Energy","Energy Infrastructure","high voltage transformer substation",3500000,"Tafea","South Tanna"
2025,"Energy","Energy Infrastructure","high voltage transformer substation",3500000,"Tafea","Futuna"
2025,"Energy","Energy Infrastructure","high voltage transformer substation",3500000,"Tafea","Aneityum"
2025,"Energy","Energy Infrastructure","low voltage poles",75000,"Torba","Torres"
2025,"Energy","Energy Infrastructure","low voltage poles",75000,"Torba","Ureparapara"
2025,"Energy","Energy Infrastructure","low voltage poles",75000,"Torba","Motalava"
2025,"Energy","Energy Infrastructure","low voltage poles",75000,"Torba","East Vanualava"
2025,"Energy","Energy Infrastructure","low voltage poles",75000,"Torba","West Vanualava"
2025,"Energy","Energy Infrastructure","low voltage poles",75000,"Torba","Mota"
2025,"Energy","Energy Infrastructure","low voltage poles",75000,"Torba","East Gaua"
2025,"Energy","Energy Infrastructure","low voltage poles",75000,"Torba","West Gaua"
2025,"Energy","Energy Infrastructure","low voltage poles",75000,"Torba","Merelava"
2025,"Energy","Energy Infrastructure","low voltage poles",75000,"Sanma","Luganville"
2025,"Energy","Energy Infrastructure","low voltage poles",75000,"Sanma","North West Santo"
2025,"Energy","Energy Infrastructure","low voltage poles",75000,"Sanma","Big Bay Coast"
2025,"Energy","Energy Infrastructure","low voltage poles",75000,"Sanma","Big Bay Inland"
2025,"Energy","Energy Infrastructure","low voltage poles",75000,"Sanma","West Santo"
2025,"Energy","Energy Infrastructure","low voltage poles",75000,"Sanma","South Santo 1"
2025,"Energy","Energy Infrastructure","low voltage poles",75000,"Sanma","South Santo 2"
2025,"Energy","Energy Infrastructure","low voltage poles",75000,"Sanma","East Santo"
2025,"Energy","Energy Infrastructure","low voltage poles",75000,"Sanma","South East Santo"
2025,"Energy","Energy Infrastructure","low voltage poles",75000,"Sanma","Canal Fanafo"
2025,"Energy","Energy Infrastructure","low voltage poles",75000,"Sanma","West Malo"
2025,"Energy","Energy Infrastructure","low voltage poles",75000,"Sanma","East Malo"
2025,"Energy","Energy Infrastructure","low voltage poles",75000,"Penama","West Ambae"
2025,"Energy","Energy Infrastructure","low voltage poles",75000,"Penama","North Ambae"
2025,"Energy","Energy Infrastructure","low voltage poles",75000,"Penama","East Ambae"
2025,"Energy","Energy Infrastructure","low voltage poles",75000,"Penama","South Ambae"
2025,"Energy","Energy Infrastructure","low voltage poles",75000,"Penama","North Maewo"
2025,"Energy","Energy Infrastructure","low voltage poles",75000,"Penama","South Maewo"
2025,"Energy","Energy Infrastructure","low voltage poles",75000,"Penama","North Pentecost"
2025,"Energy","Energy Infrastructure","low voltage poles",75000,"Penama","Central Pentecost 1"
2025,"Energy","Energy Infrastructure","low voltage poles",75000,"Penama","Central Pentecost 2"
2025,"Energy","Energy Infrastructure","low voltage poles",75000,"Penama","South Pentecost"
2025,"Energy","Energy Infrastructure","low voltage poles",75000,"Malampa","North West Malekula"
2025,"Energy","Energy Infrastructure","low voltage poles",75000,"Malampa","North East Malekula"
2025,"Energy","Energy Infrastructure","low voltage poles",75000,"Malampa","Central Malekula"
2025,"Energy","Energy Infrastructure","low voltage poles",75000,"Malampa","South West Malekula"
2025,"Energy","Energy Infrastructure","low voltage poles",75000,"Malampa","South East Malekula"
2025,"Energy","Energy Infrastructure","low voltage poles",75000,"Malampa","South Malekula"
2025,"Energy","Energy Infrastructure","low voltage poles",75000,"Malampa","North Ambrym"
2025,"Energy","Energy Infrastructure","low voltage poles",75000,"Malampa","West Ambrym"
2025,"Energy","Energy Infrastructure","low voltage poles",75000,"Malampa","South East Ambrym"
2025,"Energy","Energy Infrastructure","low voltage poles",75000,"Malampa","Paama"
2025,"Energy","Energy Infrastructure","low voltage poles",75000,"Shefa","Port Vila"
2025,"Energy","Energy Infrastructure","low voltage poles",75000,"Shefa","Vermali"
2025,"Energy","Energy Infrastructure","low voltage poles",75000,"Shefa","Vermaul"
2025,"Energy","Energy Infrastructure","low voltage poles",75000,"Shefa","Varisu"
2025,"Energy","Energy Infrastructure","low voltage poles",75000,"Shefa","South Epi"
2025,"Energy","Energy Infrastructure","low voltage poles",75000,"Shefa","North Tongoa"
2025,"Energy","Energy Infrastructure","low voltage poles",75000,"Shefa","Makimae"
2025,"Energy","Energy Infrastructure","low voltage poles",75000,"Shefa","Tongariki"
2025,"Energy","Energy Infrastructure","low voltage poles",75000,"Shefa","Nguna"
2025,"Energy","Energy Infrastructure","low voltage poles",75000,"Shefa","Emau"
2025,"Energy","Energy Infrastructure","low voltage poles",75000,"Shefa","Malorua"
2025,"Energy","Energy Infrastructure","low voltage poles",75000,"Shefa","North Efate"
2025,"Energy","Energy Infrastructure","low voltage poles",75000,"Shefa","Mele"
2025,"Energy","Energy Infrastructure","low voltage poles",75000,"Shefa","Tanvasoko"
2025,"Energy","Energy Infrastructure","low voltage poles",75000,"Shefa","Ifira"
2025,"Energy","Energy Infrastructure","low voltage poles",75000,"Shefa","Pango"
2025,"Energy","Energy Infrastructure","low voltage poles",75000,"Shefa","Erakor"
2025,"Energy","Energy Infrastructure","low voltage poles",75000,"Shefa","Eratap"
2025,"Energy","Energy Infrastructure","low voltage poles",75000,"Shefa","Eton"
2025,"Energy","Energy Infrastructure","low voltage poles",75000,"Tafea","North Erromango"
2025,"Energy","Energy Infrastructure","low voltage poles",75000,"Tafea","South Erromango"
2025,"Energy","Energy Infrastructure","low voltage poles",75000,"Tafea","Aniwa"
2025,"Energy","Energy Infrastructure","low voltage poles",75000,"Tafea","North Tanna"
2025,"Energy","Energy Infrastructure","low voltage poles",75000,"Tafea","West Tanna"
2025,"Energy","Energy Infrastructure","low voltage poles",75000,"Tafea","Middle Bush Tanna"
2025,"Energy","Energy Infrastructure","low voltage poles",75000,"Tafea","South West Tanna"
2025,"Energy","Energy Infrastructure","low voltage poles",75000,"Tafea","Whitesands"
2025,"Energy","Energy Infrastructure","low voltage poles",75000,"Tafea","South Tanna"
2025,"Energy","Energy Infrastructure","low voltage poles",75000,"Tafea","Futuna"
2025,"Energy","Energy Infrastructure","low voltage poles",75000,"Tafea","Aneityum"
2025,"Energy","Energy Infrastructure","low voltage street distrbution boxes",40000,"Torba","Torres"
2025,"Energy","Energy Infrastructure","low voltage street distrbution boxes",40000,"Torba","Ureparapara"
2025,"Energy","Energy Infrastructure","low voltage street distrbution boxes",40000,"Torba","Motalava"
2025,"Energy","Energy Infrastructure","low voltage street distrbution boxes",40000,"Torba","East Vanualava"
2025,"Energy","Energy Infrastructure","low voltage street distrbution boxes",40000,"Torba","West Vanualava"
2025,"Energy","Energy Infrastructure","low voltage street distrbution boxes",40000,"Torba","Mota"
2025,"Energy","Energy Infrastructure","low voltage street distrbution boxes",40000,"Torba","East Gaua"
2025,"Energy","Energy Infrastructure","low voltage street distrbution boxes",40000,"Torba","West Gaua"
2025,"Energy","Energy Infrastructure","low voltage street distrbution boxes",40000,"Torba","Merelava"
2025,"Energy","Energy Infrastructure","low voltage street distrbution boxes",40000,"Sanma","Luganville"
2025,"Energy","Energy Infrastructure","low voltage street distrbution boxes",40000,"Sanma","North West Santo"
2025,"Energy","Energy Infrastructure","low voltage street distrbution boxes",40000,"Sanma","Big Bay Coast"
2025,"Energy","Energy Infrastructure","low voltage street distrbution boxes",40000,"Sanma","Big Bay Inland"
2025,"Energy","Energy Infrastructure","low voltage street distrbution boxes",40000,"Sanma","West Santo"
2025,"Energy","Energy Infrastructure","low voltage street distrbution boxes",40000,"Sanma","South Santo 1"
2025,"Energy","Energy Infrastructure","low voltage street distrbution boxes",40000,"Sanma","South Santo 2"
2025,"Energy","Energy Infrastructure","low voltage street distrbution boxes",40000,"Sanma","East Santo"
2025,"Energy","Energy Infrastructure","low voltage street distrbution boxes",40000,"Sanma","South East Santo"
2025,"Energy","Energy Infrastructure","low voltage street distrbution boxes",40000,"Sanma","Canal Fanafo"
2025,"Energy","Energy Infrastructure","low voltage street distrbution boxes",40000,"Sanma","West Malo"
2025,"Energy","Energy Infrastructure","low voltage street distrbution boxes",40000,"Sanma","East Malo"
2025,"Energy","Energy Infrastructure","low voltage street distrbution boxes",40000,"Penama","West Ambae"
2025,"Energy","Energy Infrastructure","low voltage street distrbution boxes",40000,"Penama","North Ambae"
2025,"Energy","Energy Infrastructure","low voltage street distrbution boxes",40000,"Penama","East Ambae"
2025,"Energy","Energy Infrastructure","low voltage street distrbution boxes",40000,"Penama","South Ambae"
2025,"Energy","Energy Infrastructure","low voltage street distrbution boxes",40000,"Penama","North Maewo"
2025,"Energy","Energy Infrastructure","low voltage street distrbution boxes",40000,"Penama","South Maewo"
2025,"Energy","Energy Infrastructure","low voltage street distrbution boxes",40000,"Penama","North Pentecost"
2025,"Energy","Energy Infrastructure","low voltage street distrbution boxes",40000,"Penama","Central Pentecost 1"
2025,"Energy","Energy Infrastructure","low voltage street distrbution boxes",40000,"Penama","Central Pentecost 2"
2025,"Energy","Energy Infrastructure","low voltage street distrbution boxes",40000,"Penama","South Pentecost"
2025,"Energy","Energy Infrastructure","low voltage street distrbution boxes",40000,"Malampa","North West Malekula"
2025,"Energy","Energy Infrastructure","low voltage street distrbution boxes",40000,"Malampa","North East Malekula"
2025,"Energy","Energy Infrastructure","low voltage street distrbution boxes",40000,"Malampa","Central Malekula"
2025,"Energy","Energy Infrastructure","low voltage street distrbution boxes",40000,"Malampa","South West Malekula"
2025,"Energy","Energy Infrastructure","low voltage street distrbution boxes",40000,"Malampa","South East Malekula"
2025,"Energy","Energy Infrastructure","low voltage street distrbution boxes",40000,"Malampa","South Malekula"
2025,"Energy","Energy Infrastructure","low voltage street distrbution boxes",40000,"Malampa","North Ambrym"
2025,"Energy","Energy Infrastructure","low voltage street distrbution boxes",40000,"Malampa","West Ambrym"
2025,"Energy","Energy Infrastructure","low voltage street distrbution boxes",40000,"Malampa","South East Ambrym"
2025,"Energy","Energy Infrastructure","low voltage street distrbution boxes",40000,"Malampa","Paama"
2025,"Energy","Energy Infrastructure","low voltage street distrbution boxes",40000,"Shefa","Port Vila"
2025,"Energy","Energy Infrastructure","low voltage street distrbution boxes",40000,"Shefa","Vermali"
2025,"Energy","Energy Infrastructure","low voltage street distrbution boxes",40000,"Shefa","Vermaul"
2025,"Energy","Energy Infrastructure","low voltage street distrbution boxes",40000,"Shefa","Varisu"
2025,"Energy","Energy Infrastructure","low voltage street distrbution boxes",40000,"Shefa","South Epi"
2025,"Energy","Energy Infrastructure","low voltage street distrbution boxes",40000,"Shefa","North Tongoa"
2025,"Energy","Energy Infrastructure","low voltage street distrbution boxes",40000,"Shefa","Makimae"
2025,"Energy","Energy Infrastructure","low voltage street distrbution boxes",40000,"Shefa","Tongariki"
2025,"Energy","Energy Infrastructure","low voltage street distrbution boxes",40000,"Shefa","Nguna"
2025,"Energy","Energy Infrastructure","low voltage street distrbution boxes",40000,"Shefa","Emau"
2025,"Energy","Energy Infrastructure","low voltage street distrbution boxes",40000,"Shefa","Malorua"
2025,"Energy","Energy Infrastructure","low voltage street distrbution boxes",40000,"Shefa","North Efate"
2025,"Energy","Energy Infrastructure","low voltage street distrbution boxes",40000,"Shefa","Mele"
2025,"Energy","Energy Infrastructure","low voltage street distrbution boxes",40000,"Shefa","Tanvasoko"
2025,"Energy","Energy Infrastructure","low voltage street distrbution boxes",40000,"Shefa","Ifira"
2025,"Energy","Energy Infrastructure","low voltage street distrbution boxes",40000,"Shefa","Pango"
2025,"Energy","Energy Infrastructure","low voltage street distrbution boxes",40000,"Shefa","Erakor"
2025,"Energy","Energy Infrastructure","low voltage street distrbution boxes",40000,"Shefa","Eratap"
2025,"Energy","Energy Infrastructure","low voltage street distrbution boxes",40000,"Shefa","Eton"
2025,"Energy","Energy Infrastructure","low voltage street distrbution boxes",40000,"Tafea","North Erromango"
2025,"Energy","Energy Infrastructure","low voltage street distrbution boxes",40000,"Tafea","South Erromango"
2025,"Energy","Energy Infrastructure","low voltage street distrbution boxes",40000,"Tafea","Aniwa"
2025,"Energy","Energy Infrastructure","low voltage street distrbution boxes",40000,"Tafea","North Tanna"
2025,"Energy","Energy Infrastructure","low voltage street distrbution boxes",40000,"Tafea","West Tanna"
2025,"Energy","Energy Infrastructure","low voltage street distrbution boxes",40000,"Tafea","Middle Bush Tanna"
2025,"Energy","Energy Infrastructure","low voltage street distrbution boxes",40000,"Tafea","South West Tanna"
2025,"Energy","Energy Infrastructure","low voltage street distrbution boxes",40000,"Tafea","Whitesands"
2025,"Energy","Energy Infrastructure","low voltage street distrbution boxes",40000,"Tafea","South Tanna"
2025,"Energy","Energy Infrastructure","low voltage street distrbution boxes",40000,"Tafea","Futuna"
2025,"Energy","Energy Infrastructure","low voltage street distrbution boxes",40000,"Tafea","Aneityum"
2025,"Food Security","Staple Crop Production","banana",120,"Torba","Torres"
2025,"Food Security","Staple Crop Production","banana",120,"Torba","Ureparapara"
2025,"Food Security","Staple Crop Production","banana",120,"Torba","Motalava"
2025,"Food Security","Staple Crop Production","banana",120,"Torba","East Vanualava"
2025,"Food Security","Staple Crop Production","banana",120,"Torba","West Vanualava"
2025,"Food Security","Staple Crop Production","banana",120,"Torba","Mota"
2025,"Food Security","Staple Crop Production","banana",120,"Torba","East Gaua"
2025,"Food Security","Staple Crop Production","banana",120,"Torba","West Gaua"
2025,"Food Security","Staple Crop Production","banana",120,"Torba","Merelava"
2025,"Food Security","Staple Crop Production","banana",120,"Sanma","Luganville"
2025,"Food Security","Staple Crop Production","banana",120,"Sanma","North West Santo"
2025,"Food Security","Staple Crop Production","banana",120,"Sanma","Big Bay Coast"
2025,"Food Security","Staple Crop Production","banana",120,"Sanma","Big Bay Inland"
2025,"Food Security","Staple Crop Production","banana",120,"Sanma","West Santo"
2025,"Food Security","Staple Crop Production","banana",120,"Sanma","South Santo 1"
2025,"Food Security","Staple Crop Production","banana",120,"Sanma","South Santo 2"
2025,"Food Security","Staple Crop Production","banana",120,"Sanma","East Santo"
2025,"Food Security","Staple Crop Production","banana",120,"Sanma","South East Santo"
2025,"Food Security","Staple Crop Production","banana",120,"Sanma","Canal Fanafo"
2025,"Food Security","Staple Crop Production","banana",120,"Sanma","West Malo"
2025,"Food Security","Staple Crop Production","banana",120,"Sanma","East Malo"
2025,"Food Security","Staple Crop Production","banana",120,"Penama","West Ambae"
2025,"Food Security","Staple Crop Production","banana",120,"Penama","North Ambae"
2025,"Food Security","Staple Crop Production","banana",120,"Penama","East Ambae"
2025,"Food Security","Staple Crop Production","banana",120,"Penama","South Ambae"
2025,"Food Security","Staple Crop Production","banana",120,"Penama","North Maewo"
2025,"Food Security","Staple Crop Production","banana",120,"Penama","South Maewo"
2025,"Food Security","Staple Crop Production","banana",120,"Penama","North Pentecost"
2025,"Food Security","Staple Crop Production","banana",120,"Penama","Central Pentecost 1"
2025,"Food Security","Staple Crop Production","banana",120,"Penama","Central Pentecost 2"
2025,"Food Security","Staple Crop Production","banana",120,"Penama","South Pentecost"
2025,"Food Security","Staple Crop Production","banana",120,"Malampa","North West Malekula"
2025,"Food Security","Staple Crop Production","banana",120,"Malampa","North East Malekula"
2025,"Food Security","Staple Crop Production","banana",120,"Malampa","Central Malekula"
2025,"Food Security","Staple Crop Production","banana",120,"Malampa","South West Malekula"
2025,"Food Security","Staple Crop Production","banana",120,"Malampa","South East Malekula"
2025,"Food Security","Staple Crop Production","banana",120,"Malampa","South Malekula"
2025,"Food Security","Staple Crop Production","banana",120,"Malampa","North Ambrym"
2025,"Food Security","Staple Crop Production","banana",120,"Malampa","West Ambrym"
2025,"Food Security","Staple Crop Production","banana",120,"Malampa","South East Ambrym"
2025,"Food Security","Staple Crop Production","banana",120,"Malampa","Paama"
2025,"Food Security","Staple Crop Production","banana",120,"Shefa","Port Vila"
2025,"Food Security","Staple Crop Production","banana",120,"Shefa","Vermali"
2025,"Food Security","Staple Crop Production","banana",120,"Shefa","Vermaul"
2025,"Food Security","Staple Crop Production","banana",120,"Shefa","Varisu"
2025,"Food Security","Staple Crop Production","banana",120,"Shefa","South Epi"
2025,"Food Security","Staple Crop Production","banana",120,"Shefa","North Tongoa"
2025,"Food Security","Staple Crop Production","banana",120,"Shefa","Makimae"
2025,"Food Security","Staple Crop Production","banana",120,"Shefa","Tongariki"
2025,"Food Security","Staple Crop Production","banana",120,"Shefa","Nguna"
2025,"Food Security","Staple Crop Production","banana",120,"Shefa","Emau"
2025,"Food Security","Staple Crop Production","banana",120,"Shefa","Malorua"
2025,"Food Security","Staple Crop Production","banana",120,"Shefa","North Efate"
2025,"Food Security","Staple Crop Production","banana",120,"Shefa","Mele"
2025,"Food Security","Staple Crop Production","banana",120,"Shefa","Tanvasoko"
2025,"Food Security","Staple Crop Production","banana",120,"Shefa","Ifira"
2025,"Food Security","Staple Crop Production","banana",120,"Shefa","Pango"
2025,"Food Security","Staple Crop Production","banana",120,"Shefa","Erakor"
2025,"Food Security","Staple Crop Production","banana",120,"Shefa","Eratap"
2025,"Food Security","Staple Crop Production","banana",120,"Shefa","Eton"
2025,"Food Security","Staple Crop Production","banana",120,"Tafea","North Erromango"
2025,"Food Security","Staple Crop Production","banana",120,"Tafea","South Erromango"
2025,"Food Security","Staple Crop Production","banana",120,"Tafea","Aniwa"
2025,"Food Security","Staple Crop Production","banana",120,"Tafea","North Tanna"
2025,"Food Security","Staple Crop Production","banana",120,"Tafea","West Tanna"
2025,"Food Security","Staple Crop Production","banana",120,"Tafea","Middle Bush Tanna"
2025,"Food Security","Staple Crop Production","banana",120,"Tafea","South West Tanna"
2025,"Food Security","Staple Crop Production","banana",120,"Tafea","Whitesands"
2025,"Food Security","Staple Crop Production","banana",120,"Tafea","South Tanna"
2025,"Food Security","Staple Crop Production","banana",120,"Tafea","Futuna"
2025,"Food Security","Staple Crop Production","banana",120,"Tafea","Aneityum"
2025,"Food Security","Staple Crop Production","island cabbage",180,"Torba","Torres"
2025,"Food Security","Staple Crop Production","island cabbage",180,"Torba","Ureparapara"
2025,"Food Security","Staple Crop Production","island cabbage",180,"Torba","Motalava"
2025,"Food Security","Staple Crop Production","island cabbage",180,"Torba","East Vanualava"
2025,"Food Security","Staple Crop Production","island cabbage",180,"Torba","West Vanualava"
2025,"Food Security","Staple Crop Production","island cabbage",180,"Torba","Mota"
2025,"Food Security","Staple Crop Production","island cabbage",180,"Torba","East Gaua"
2025,"Food Security","Staple Crop Production","island cabbage",180,"Torba","West Gaua"
2025,"Food Security","Staple Crop Production","island cabbage",180,"Torba","Merelava"
2025,"Food Security","Staple Crop Production","island cabbage",180,"Sanma","Luganville"
2025,"Food Security","Staple Crop Production","island cabbage",180,"Sanma","North West Santo"
2025,"Food Security","Staple Crop Production","island cabbage",180,"Sanma","Big Bay Coast"
2025,"Food Security","Staple Crop Production","island cabbage",180,"Sanma","Big Bay Inland"
2025,"Food Security","Staple Crop Production","island cabbage",180,"Sanma","West Santo"
2025,"Food Security","Staple Crop Production","island cabbage",180,"Sanma","South Santo 1"
2025,"Food Security","Staple Crop Production","island cabbage",180,"Sanma","South Santo 2"
2025,"Food Security","Staple Crop Production","island cabbage",180,"Sanma","East Santo"
2025,"Food Security","Staple Crop Production","island cabbage",180,"Sanma","South East Santo"
2025,"Food Security","Staple Crop Production","island cabbage",180,"Sanma","Canal Fanafo"
2025,"Food Security","Staple Crop Production","island cabbage",180,"Sanma","West Malo"
2025,"Food Security","Staple Crop Production","island cabbage",180,"Sanma","East Malo"
2025,"Food Security","Staple Crop Production","island cabbage",180,"Penama","West Ambae"
2025,"Food Security","Staple Crop Production","island cabbage",180,"Penama","North Ambae"
2025,"Food Security","Staple Crop Production","island cabbage",180,"Penama","East Ambae"
2025,"Food Security","Staple Crop Production","island cabbage",180,"Penama","South Ambae"
2025,"Food Security","Staple Crop Production","island cabbage",180,"Penama","North Maewo"
2025,"Food Security","Staple Crop Production","island cabbage",180,"Penama","South Maewo"
2025,"Food Security","Staple Crop Production","island cabbage",180,"Penama","North Pentecost"
2025,"Food Security","Staple Crop Production","island cabbage",180,"Penama","Central Pentecost 1"
2025,"Food Security","Staple Crop Production","island cabbage",180,"Penama","Central Pentecost 2"
2025,"Food Security","Staple Crop Production","island cabbage",180,"Penama","South Pentecost"
2025,"Food Security","Staple Crop Production","island cabbage",180,"Malampa","North West Malekula"
2025,"Food Security","Staple Crop Production","island cabbage",180,"Malampa","North East Malekula"
2025,"Food Security","Staple Crop Production","island cabbage",180,"Malampa","Central Malekula"
2025,"Food Security","Staple Crop Production","island cabbage",180,"Malampa","South West Malekula"
2025,"Food Security","Staple Crop Production","island cabbage",180,"Malampa","South East Malekula"
2025,"Food Security","Staple Crop Production","island cabbage",180,"Malampa","South Malekula"
2025,"Food Security","Staple Crop Production","island cabbage",180,"Malampa","North Ambrym"
2025,"Food Security","Staple Crop Production","island cabbage",180,"Malampa","West Ambrym"
2025,"Food Security","Staple Crop Production","island cabbage",180,"Malampa","South East Ambrym"
2025,"Food Security","Staple Crop Production","island cabbage",180,"Malampa","Paama"
2025,"Food Security","Staple Crop Production","island cabbage",180,"Shefa","Port Vila"
2025,"Food Security","Staple Crop Production","island cabbage",180,"Shefa","Vermali"
2025,"Food Security","Staple Crop Production","island cabbage",180,"Shefa","Vermaul"
2025,"Food Security","Staple Crop Production","island cabbage",180,"Shefa","Varisu"
2025,"Food Security","Staple Crop Production","island cabbage",180,"Shefa","South Epi"
2025,"Food Security","Staple Crop Production","island cabbage",180,"Shefa","North Tongoa"
2025,"Food Security","Staple Crop Production","island cabbage",180,"Shefa","Makimae"
2025,"Food Security","Staple Crop Production","island cabbage",180,"Shefa","Tongariki"
2025,"Food Security","Staple Crop Production","island cabbage",180,"Shefa","Nguna"
2025,"Food Security","Staple Crop Production","island cabbage",180,"Shefa","Emau"
2025,"Food Security","Staple Crop Production","island cabbage",180,"Shefa","Malorua"
2025,"Food Security","Staple Crop Production","island cabbage",180,"Shefa","North Efate"
2025,"Food Security","Staple Crop Production","island cabbage",180,"Shefa","Mele"
2025,"Food Security","Staple Crop Production","island cabbage",180,"Shefa","Tanvasoko"
2025,"Food Security","Staple Crop Production","island cabbage",180,"Shefa","Ifira"
2025,"Food Security","Staple Crop Production","island cabbage",180,"Shefa","Pango"
2025,"Food Security","Staple Crop Production","island cabbage",180,"Shefa","Erakor"
2025,"Food Security","Staple Crop Production","island cabbage",180,"Shefa","Eratap"
2025,"Food Security","Staple Crop Production","island cabbage",180,"Shefa","Eton"
2025,"Food Security","Staple Crop Production","island cabbage",180,"Tafea","North Erromango"
2025,"Food Security","Staple Crop Production","island cabbage",180,"Tafea","South Erromango"
2025,"Food Security","Staple Crop Production","island cabbage",180,"Tafea","Aniwa"
2025,"Food Security","Staple Crop Production","island cabbage",180,"Tafea","North Tanna"
2025,"Food Security","Staple Crop Production","island cabbage",180,"Tafea","West Tanna"
2025,"Food Security","Staple Crop Production","island cabbage",180,"Tafea","Middle Bush Tanna"
2025,"Food Security","Staple Crop Production","island cabbage",180,"Tafea","South West Tanna"
2025,"Food Security","Staple Crop Production","island cabbage",180,"Tafea","Whitesands"
2025,"Food Security","Staple Crop Production","island cabbage",180,"Tafea","South Tanna"
2025,"Food Security","Staple Crop Production","island cabbage",180,"Tafea","Futuna"
2025,"Food Security","Staple Crop Production","island cabbage",180,"Tafea","Aneityum"
2025,"Food Security","Staple Crop Production","kumala",150,"Torba","Torres"
2025,"Food Security","Staple Crop Production","kumala",150,"Torba","Ureparapara"
2025,"Food Security","Staple Crop Production","kumala",150,"Torba","Motalava"
2025,"Food Security","Staple Crop Production","kumala",150,"Torba","East Vanualava"
2025,"Food Security","Staple Crop Production","kumala",150,"Torba","West Vanualava"
2025,"Food Security","Staple Crop Production","kumala",150,"Torba","Mota"
2025,"Food Security","Staple Crop Production","kumala",150,"Torba","East Gaua"
2025,"Food Security","Staple Crop Production","kumala",150,"Torba","West Gaua"
2025,"Food Security","Staple Crop Production","kumala",150,"Torba","Merelava"
2025,"Food Security","Staple Crop Production","kumala",150,"Sanma","Luganville"
2025,"Food Security","Staple Crop Production","kumala",150,"Sanma","North West Santo"
2025,"Food Security","Staple Crop Production","kumala",150,"Sanma","Big Bay Coast"
2025,"Food Security","Staple Crop Production","kumala",150,"Sanma","Big Bay Inland"
2025,"Food Security","Staple Crop Production","kumala",150,"Sanma","West Santo"
2025,"Food Security","Staple Crop Production","kumala",150,"Sanma","South Santo 1"
2025,"Food Security","Staple Crop Production","kumala",150,"Sanma","South Santo 2"
2025,"Food Security","Staple Crop Production","kumala",150,"Sanma","East Santo"
2025,"Food Security","Staple Crop Production","kumala",150,"Sanma","South East Santo"
2025,"Food Security","Staple Crop Production","kumala",150,"Sanma","Canal Fanafo"
2025,"Food Security","Staple Crop Production","kumala",150,"Sanma","West Malo"
2025,"Food Security","Staple Crop Production","kumala",150,"Sanma","East Malo"
2025,"Food Security","Staple Crop Production","kumala",150,"Penama","West Ambae"
2025,"Food Security","Staple Crop Production","kumala",150,"Penama","North Ambae"
2025,"Food Security","Staple Crop Production","kumala",150,"Penama","East Ambae"
2025,"Food Security","Staple Crop Production","kumala",150,"Penama","South Ambae"
2025,"Food Security","Staple Crop Production","kumala",150,"Penama","North Maewo"
2025,"Food Security","Staple Crop Production","kumala",150,"Penama","South Maewo"
2025,"Food Security","Staple Crop Production","kumala",150,"Penama","North Pentecost"
2025,"Food Security","Staple Crop Production","kumala",150,"Penama","Central Pentecost 1"
2025,"Food Security","Staple Crop Production","kumala",150,"Penama","Central Pentecost 2"
2025,"Food Security","Staple Crop Production","kumala",150,"Penama","South Pentecost"
2025,"Food Security","Staple Crop Production","kumala",150,"Malampa","North West Malekula"
2025,"Food Security","Staple Crop Production","kumala",150,"Malampa","North East Malekula"
2025,"Food Security","Staple Crop Production","kumala",150,"Malampa","Central Malekula"
2025,"Food Security","Staple Crop Production","kumala",150,"Malampa","South West Malekula"
2025,"Food Security","Staple Crop Production","kumala",150,"Malampa","South East Malekula"
2025,"Food Security","Staple Crop Production","kumala",150,"Malampa","South Malekula"
2025,"Food Security","Staple Crop Production","kumala",150,"Malampa","North Ambrym"
2025,"Food Security","Staple Crop Production","kumala",150,"Malampa","West Ambrym"
2025,"Food Security","Staple Crop Production","kumala",150,"Malampa","South East Ambrym"
2025,"Food Security","Staple Crop Production","kumala",150,"Malampa","Paama"
2025,"Food Security","Staple Crop Production","kumala",150,"Shefa","Port Vila"
2025,"Food Security","Staple Crop Production","kumala",150,"Shefa","Vermali"
2025,"Food Security","Staple Crop Production","kumala",150,"Shefa","Vermaul"
2025,"Food Security","Staple Crop Production","kumala",150,"Shefa","Varisu"
2025,"Food Security","Staple Crop Production","kumala",150,"Shefa","South Epi"
2025,"Food Security","Staple Crop Production","kumala",150,"Shefa","North Tongoa"
2025,"Food Security","Staple Crop Production","kumala",150,"Shefa","Makimae"
2025,"Food Security","Staple Crop Production","kumala",150,"Shefa","Tongariki"
2025,"Food Security","Staple Crop Production","kumala",150,"Shefa","Nguna"
2025,"Food Security","Staple Crop Production","kumala",150,"Shefa","Emau"
2025,"Food Security","Staple Crop Production","kumala",150,"Shefa","Malorua"
2025,"Food Security","Staple Crop Production","kumala",150,"Shefa","North Efate"
2025,"Food Security","Staple Crop Production","kumala",150,"Shefa","Mele"
2025,"Food Security","Staple Crop Production","kumala",150,"Shefa","Tanvasoko"
2025,"Food Security","Staple Crop Production","kumala",150,"Shefa","Ifira"
2025,"Food Security","Staple Crop Production","kumala",150,"Shefa","Pango"
2025,"Food Security","Staple Crop Production","kumala",150,"Shefa","Erakor"
2025,"Food Security","Staple Crop Production","kumala",150,"Shefa","Eratap"
2025,"Food Security","Staple Crop Production","kumala",150,"Shefa","Eton"
2025,"Food Security","Staple Crop Production","kumala",150,"Tafea","North Erromango"
2025,"Food Security","Staple Crop Production","kumala",150,"Tafea","South Erromango"
2025,"Food Security","Staple Crop Production","kumala",150,"Tafea","Aniwa"
2025,"Food Security","Staple Crop Production","kumala",150,"Tafea","North Tanna"
2025,"Food Security","Staple Crop Production","kumala",150,"Tafea","West Tanna"
2025,"Food Security","Staple Crop Production","kumala",150,"Tafea","Middle Bush Tanna"
2025,"Food Security","Staple Crop Production","kumala",150,"Tafea","South West Tanna"
2025,"Food Security","Staple Crop Production","kumala",150,"Tafea","Whitesands"
2025,"Food Security","Staple Crop Production","kumala",150,"Tafea","South Tanna"
2025,"Food Security","Staple Crop Production","kumala",150,"Tafea","Futuna"
2025,"Food Security","Staple Crop Production","kumala",150,"Tafea","Aneityum"
2025,"Food Security","Staple Crop Production","manioc",110,"Torba","Torres"
2025,"Food Security","Staple Crop Production","manioc",110,"Torba","Ureparapara"
2025,"Food Security","Staple Crop Production","manioc",110,"Torba","Motalava"
2025,"Food Security","Staple Crop Production","manioc",110,"Torba","East Vanualava"
2025,"Food Security","Staple Crop Production","manioc",110,"Torba","West Vanualava"
2025,"Food Security","Staple Crop Production","manioc",110,"Torba","Mota"
2025,"Food Security","Staple Crop Production","manioc",110,"Torba","East Gaua"
2025,"Food Security","Staple Crop Production","manioc",110,"Torba","West Gaua"
2025,"Food Security","Staple Crop Production","manioc",110,"Torba","Merelava"
2025,"Food Security","Staple Crop Production","manioc",110,"Sanma","Luganville"
2025,"Food Security","Staple Crop Production","manioc",110,"Sanma","North West Santo"
2025,"Food Security","Staple Crop Production","manioc",110,"Sanma","Big Bay Coast"
2025,"Food Security","Staple Crop Production","manioc",110,"Sanma","Big Bay Inland"
2025,"Food Security","Staple Crop Production","manioc",110,"Sanma","West Santo"
2025,"Food Security","Staple Crop Production","manioc",110,"Sanma","South Santo 1"
2025,"Food Security","Staple Crop Production","manioc",110,"Sanma","South Santo 2"
2025,"Food Security","Staple Crop Production","manioc",110,"Sanma","East Santo"
2025,"Food Security","Staple Crop Production","manioc",110,"Sanma","South East Santo"
2025,"Food Security","Staple Crop Production","manioc",110,"Sanma","Canal Fanafo"
2025,"Food Security","Staple Crop Production","manioc",110,"Sanma","West Malo"
2025,"Food Security","Staple Crop Production","manioc",110,"Sanma","East Malo"
2025,"Food Security","Staple Crop Production","manioc",110,"Penama","West Ambae"
2025,"Food Security","Staple Crop Production","manioc",110,"Penama","North Ambae"
2025,"Food Security","Staple Crop Production","manioc",110,"Penama","East Ambae"
2025,"Food Security","Staple Crop Production","manioc",110,"Penama","South Ambae"
2025,"Food Security","Staple Crop Production","manioc",110,"Penama","North Maewo"
2025,"Food Security","Staple Crop Production","manioc",110,"Penama","South Maewo"
2025,"Food Security","Staple Crop Production","manioc",110,"Penama","North Pentecost"
2025,"Food Security","Staple Crop Production","manioc",110,"Penama","Central Pentecost 1"
2025,"Food Security","Staple Crop Production","manioc",110,"Penama","Central Pentecost 2"
2025,"Food Security","Staple Crop Production","manioc",110,"Penama","South Pentecost"
2025,"Food Security","Staple Crop Production","manioc",110,"Malampa","North West Malekula"
2025,"Food Security","Staple Crop Production","manioc",110,"Malampa","North East Malekula"
2025,"Food Security","Staple Crop Production","manioc",110,"Malampa","Central Malekula"
2025,"Food Security","Staple Crop Production","manioc",110,"Malampa","South West Malekula"
2025,"Food Security","Staple Crop Production","manioc",110,"Malampa","South East Malekula"
2025,"Food Security","Staple Crop Production","manioc",110,"Malampa","South Malekula"
2025,"Food Security","Staple Crop Production","manioc",110,"Malampa","North Ambrym"
2025,"Food Security","Staple Crop Production","manioc",110,"Malampa","West Ambrym"
2025,"Food Security","Staple Crop Production","manioc",110,"Malampa","South East Ambrym"
2025,"Food Security","Staple Crop Production","manioc",110,"Malampa","Paama"
2025,"Food Security","Staple Crop Production","manioc",110,"Shefa","Port Vila"
2025,"Food Security","Staple Crop Production","manioc",110,"Shefa","Vermali"
2025,"Food Security","Staple Crop Production","manioc",110,"Shefa","Vermaul"
2025,"Food Security","Staple Crop Production","manioc",110,"Shefa","Varisu"
2025,"Food Security","Staple Crop Production","manioc",110,"Shefa","South Epi"
2025,"Food Security","Staple Crop Production","manioc",110,"Shefa","North Tongoa"
2025,"Food Security","Staple Crop Production","manioc",110,"Shefa","Makimae"
2025,"Food Security","Staple Crop Production","manioc",110,"Shefa","Tongariki"
2025,"Food Security","Staple Crop Production","manioc",110,"Shefa","Nguna"
2025,"Food Security","Staple Crop Production","manioc",110,"Shefa","Emau"
2025,"Food Security","Staple Crop Production","manioc",110,"Shefa","Malorua"
2025,"Food Security","Staple Crop Production","manioc",110,"Shefa","North Efate"
2025,"Food Security","Staple Crop Production","manioc",110,"Shefa","Mele"
2025,"Food Security","Staple Crop Production","manioc",110,"Shefa","Tanvasoko"
2025,"Food Security","Staple Crop Production","manioc",110,"Shefa","Ifira"
2025,"Food Security","Staple Crop Production","manioc",110,"Shefa","Pango"
2025,"Food Security","Staple Crop Production","manioc",110,"Shefa","Erakor"
2025,"Food Security","Staple Crop Production","manioc",110,"Shefa","Eratap"
2025,"Food Security","Staple Crop Production","manioc",110,"Shefa","Eton"
2025,"Food Security","Staple Crop Production","manioc",110,"Tafea","North Erromango"
2025,"Food Security","Staple Crop Production","manioc",110,"Tafea","South Erromango"
2025,"Food Security","Staple Crop Production","manioc",110,"Tafea","Aniwa"
2025,"Food Security","Staple Crop Production","manioc",110,"Tafea","North Tanna"
2025,"Food Security","Staple Crop Production","manioc",110,"Tafea","West Tanna"
2025,"Food Security","Staple Crop Production","manioc",110,"Tafea","Middle Bush Tanna"
2025,"Food Security","Staple Crop Production","manioc",110,"Tafea","South West Tanna"
2025,"Food Security","Staple Crop Production","manioc",110,"Tafea","Whitesands"
2025,"Food Security","Staple Crop Production","manioc",110,"Tafea","South Tanna"
2025,"Food Security","Staple Crop Production","manioc",110,"Tafea","Futuna"
2025,"Food Security","Staple Crop Production","manioc",110,"Tafea","Aneityum"
2025,"Food Security","Staple Crop Production","taro",260,"Torba","Torres"
2025,"Food Security","Staple Crop Production","taro",260,"Torba","Ureparapara"
2025,"Food Security","Staple Crop Production","taro",260,"Torba","Motalava"
2025,"Food Security","Staple Crop Production","taro",260,"Torba","East Vanualava"
2025,"Food Security","Staple Crop Production","taro",260,"Torba","West Vanualava"
2025,"Food Security","Staple Crop Production","taro",260,"Torba","Mota"
2025,"Food Security","Staple Crop Production","taro",260,"Torba","East Gaua"
2025,"Food Security","Staple Crop Production","taro",260,"Torba","West Gaua"
2025,"Food Security","Staple Crop Production","taro",260,"Torba","Merelava"
2025,"Food Security","Staple Crop Production","taro",260,"Sanma","Luganville"
2025,"Food Security","Staple Crop Production","taro",260,"Sanma","North West Santo"
2025,"Food Security","Staple Crop Production","taro",260,"Sanma","Big Bay Coast"
2025,"Food Security","Staple Crop Production","taro",260,"Sanma","Big Bay Inland"
2025,"Food Security","Staple Crop Production","taro",260,"Sanma","West Santo"
2025,"Food Security","Staple Crop Production","taro",260,"Sanma","South Santo 1"
2025,"Food Security","Staple Crop Production","taro",260,"Sanma","South Santo 2"
2025,"Food Security","Staple Crop Production","taro",260,"Sanma","East Santo"
2025,"Food Security","Staple Crop Production","taro",260,"Sanma","South East Santo"
2025,"Food Security","Staple Crop Production","taro",260,"Sanma","Canal Fanafo"
2025,"Food Security","Staple Crop Production","taro",260,"Sanma","West Malo"
2025,"Food Security","Staple Crop Production","taro",260,"Sanma","East Malo"
2025,"Food Security","Staple Crop Production","taro",260,"Penama","West Ambae"
2025,"Food Security","Staple Crop Production","taro",260,"Penama","North Ambae"
2025,"Food Security","Staple Crop Production","taro",260,"Penama","East Ambae"
2025,"Food Security","Staple Crop Production","taro",260,"Penama","South Ambae"
2025,"Food Security","Staple Crop Production","taro",260,"Penama","North Maewo"
2025,"Food Security","Staple Crop Production","taro",260,"Penama","South Maewo"
2025,"Food Security","Staple Crop Production","taro",260,"Penama","North Pentecost"
2025,"Food Security","Staple Crop Production","taro",260,"Penama","Central Pentecost 1"
2025,"Food Security","Staple Crop Production","taro",260,"Penama","Central Pentecost 2"
2025,"Food Security","Staple Crop Production","taro",260,"Penama","South Pentecost"
2025,"Food Security","Staple Crop Production","taro",260,"Malampa","North West Malekula"
2025,"Food Security","Staple Crop Production","taro",260,"Malampa","North East Malekula"
2025,"Food Security","Staple Crop Production","taro",260,"Malampa","Central Malekula"
2025,"Food Security","Staple Crop Production","taro",260,"Malampa","South West Malekula"
2025,"Food Security","Staple Crop Production","taro",260,"Malampa","South East Malekula"
2025,"Food Security","Staple Crop Production","taro",260,"Malampa","South Malekula"
2025,"Food Security","Staple Crop Production","taro",260,"Malampa","North Ambrym"
2025,"Food Security","Staple Crop Production","taro",260,"Malampa","West Ambrym"
2025,"Food Security","Staple Crop Production","taro",260,"Malampa","South East Ambrym"
2025,"Food Security","Staple Crop Production","taro",260,"Malampa","Paama"
2025,"Food Security","Staple Crop Production","taro",260,"Shefa","Port Vila"
2025,"Food Security","Staple Crop Production","taro",260,"Shefa","Vermali"
2025,"Food Security","Staple Crop Production","taro",260,"Shefa","Vermaul"
2025,"Food Security","Staple Crop Production","taro",260,"Shefa","Varisu"
2025,"Food Security","Staple Crop Production","taro",260,"Shefa","South Epi"
2025,"Food Security","Staple Crop Production","taro",260,"Shefa","North Tongoa"
2025,"Food Security","Staple Crop Production","taro",260,"Shefa","Makimae"
2025,"Food Security","Staple Crop Production","taro",260,"Shefa","Tongariki"
2025,"Food Security","Staple Crop Production","taro",260,"Shefa","Nguna"
2025,"Food Security","Staple Crop Production","taro",260,"Shefa","Emau"
2025,"Food Security","Staple Crop Production","taro",260,"Shefa","Malorua"
2025,"Food Security","Staple Crop Production","taro",260,"Shefa","North Efate"
2025,"Food Security","Staple Crop Production","taro",260,"Shefa","Mele"
2025,"Food Security","Staple Crop Production","taro",260,"Shefa","Tanvasoko"
2025,"Food Security","Staple Crop Production","taro",260,"Shefa","Ifira"
2025,"Food Security","Staple Crop Production","taro",260,"Shefa","Pango"
2025,"Food Security","Staple Crop Production","taro",260,"Shefa","Erakor"
2025,"Food Security","Staple Crop Production","taro",260,"Shefa","Eratap"
2025,"Food Security","Staple Crop Production","taro",260,"Shefa","Eton"
2025,"Food Security","Staple Crop Production","taro",260,"Tafea","North Erromango"
2025,"Food Security","Staple Crop Production","taro",260,"Tafea","South Erromango"
2025,"Food Security","Staple Crop Production","taro",260,"Tafea","Aniwa"
2025,"Food Security","Staple Crop Production","taro",260,"Tafea","North Tanna"
2025,"Food Security","Staple Crop Production","taro",260,"Tafea","West Tanna"
2025,"Food Security","Staple Crop Production","taro",260,"Tafea","Middle Bush Tanna"
2025,"Food Security","Staple Crop Production","taro",260,"Tafea","South West Tanna"
2025,"Food Security","Staple Crop Production","taro",260,"Tafea","Whitesands"
2025,"Food Security","Staple Crop Production","taro",260,"Tafea","South Tanna"
2025,"Food Security","Staple Crop Production","taro",260,"Tafea","Futuna"
2025,"Food Security","Staple Crop Production","taro",260,"Tafea","Aneityum"
2025,"Food Security","Staple Crop Production","yam",320,"Torba","Torres"
2025,"Food Security","Staple Crop Production","yam",320,"Torba","Ureparapara"
2025,"Food Security","Staple Crop Production","yam",320,"Torba","Motalava"
2025,"Food Security","Staple Crop Production","yam",320,"Torba","East Vanualava"
2025,"Food Security","Staple Crop Production","yam",320,"Torba","West Vanualava"
2025,"Food Security","Staple Crop Production","yam",320,"Torba","Mota"
2025,"Food Security","Staple Crop Production","yam",320,"Torba","East Gaua"
2025,"Food Security","Staple Crop Production","yam",320,"Torba","West Gaua"
2025,"Food Security","Staple Crop Production","yam",320,"Torba","Merelava"
2025,"Food Security","Staple Crop Production","yam",320,"Sanma","Luganville"
2025,"Food Security","Staple Crop Production","yam",320,"Sanma","North West Santo"
2025,"Food Security","Staple Crop Production","yam",320,"Sanma","Big Bay Coast"
2025,"Food Security","Staple Crop Production","yam",320,"Sanma","Big Bay Inland"
2025,"Food Security","Staple Crop Production","yam",320,"Sanma","West Santo"
2025,"Food Security","Staple Crop Production","yam",320,"Sanma","South Santo 1"
2025,"Food Security","Staple Crop Production","yam",320,"Sanma","South Santo 2"
2025,"Food Security","Staple Crop Production","yam",320,"Sanma","East Santo"
2025,"Food Security","Staple Crop Production","yam",320,"Sanma","South East Santo"
2025,"Food Security","Staple Crop Production","yam",320,"Sanma","Canal Fanafo"
2025,"Food Security","Staple Crop Production","yam",320,"Sanma","West Malo"
2025,"Food Security","Staple Crop Production","yam",320,"Sanma","East Malo"
2025,"Food Security","Staple Crop Production","yam",320,"Penama","West Ambae"
2025,"Food Security","Staple Crop Production","yam",320,"Penama","North Ambae"
2025,"Food Security","Staple Crop Production","yam",320,"Penama","East Ambae"
2025,"Food Security","Staple Crop Production","yam",320,"Penama","South Ambae"
2025,"Food Security","Staple Crop Production","yam",320,"Penama","North Maewo"
2025,"Food Security","Staple Crop Production","yam",320,"Penama","South Maewo"
2025,"Food Security","Staple Crop Production","yam",320,"Penama","North Pentecost"
2025,"Food Security","Staple Crop Production","yam",320,"Penama","Central Pentecost 1"
2025,"Food Security","Staple Crop Production","yam",320,"Penama","Central Pentecost 2"
2025,"Food Security","Staple Crop Production","yam",320,"Penama","South Pentecost"
2025,"Food Security","Staple Crop Production","yam",320,"Malampa","North West Malekula"
2025,"Food Security","Staple Crop Production","yam",320,"Malampa","North East Malekula"
2025,"Food Security","Staple Crop Production","yam",320,"Malampa","Central Malekula"
2025,"Food Security","Staple Crop Production","yam",320,"Malampa","South West Malekula"
2025,"Food Security","Staple Crop Production","yam",320,"Malampa","South East Malekula"
2025,"Food Security","Staple Crop Production","yam",320,"Malampa","South Malekula"
2025,"Food Security","Staple Crop Production","yam",320,"Malampa","North Ambrym"
2025,"Food Security","Staple Crop Production","yam",320,"Malampa","West Ambrym"
2025,"Food Security","Staple Crop Production","yam",320,"Malampa","South East Ambrym"
2025,"Food Security","Staple Crop Production","yam",320,"Malampa","Paama"
2025,"Food Security","Staple Crop Production","yam",320,"Shefa","Port Vila"
2025,"Food Security","Staple Crop Production","yam",320,"Shefa","Vermali"
2025,"Food Security","Staple Crop Production","yam",320,"Shefa","Vermaul"
2025,"Food Security","Staple Crop Production","yam",320,"Shefa","Varisu"
2025,"Food Security","Staple Crop Production","yam",320,"Shefa","South Epi"
2025,"Food Security","Staple Crop Production","yam",320,"Shefa","North Tongoa"
2025,"Food Security","Staple Crop Production","yam",320,"Shefa","Makimae"
2025,"Food Security","Staple Crop Production","yam",320,"Shefa","Tongariki"
2025,"Food Security","Staple Crop Production","yam",320,"Shefa","Nguna"
2025,"Food Security","Staple Crop Production","yam",320,"Shefa","Emau"
2025,"Food Security","Staple Crop Production","yam",320,"Shefa","Malorua"
2025,"Food Security","Staple Crop Production","yam",320,"Shefa","North Efate"
2025,"Food Security","Staple Crop Production","yam",320,"Shefa","Mele"
2025,"Food Security","Staple Crop Production","yam",320,"Shefa","Tanvasoko"
2025,"Food Security","Staple Crop Production","yam",320,"Shefa","Ifira"
2025,"Food Security","Staple Crop Production","yam",320,"Shefa","Pango"
2025,"Food Security","Staple Crop Production","yam",320,"Shefa","Erakor"
2025,"Food Security","Staple Crop Production","yam",320,"Shefa","Eratap"
2025,"Food Security","Staple Crop Production","yam",320,"Shefa","Eton"
2025,"Food Security","Staple Crop Production","yam",320,"Tafea","North Erromango"
2025,"Food Security","Staple Crop Production","yam",320,"Tafea","South Erromango"
2025,"Food Security","Staple Crop Production","yam",320,"Tafea","Aniwa"
2025,"Food Security","Staple Crop Production","yam",320,"Tafea","North Tanna"
2025,"Food Security","Staple Crop Production","yam",320,"Tafea","West Tanna"
2025,"Food Security","Staple Crop Production","yam",320,"Tafea","Middle Bush Tanna"
2025,"Food Security","Staple Crop Production","yam",320,"Tafea","South West Tanna"
2025,"Food Security","Staple Crop Production","yam",320,"Tafea","Whitesands"
2025,"Food Security","Staple Crop Production","yam",320,"Tafea","South Tanna"
2025,"Food Security","Staple Crop Production","yam",320,"Tafea","Futuna"
2025,"Food Security","Staple Crop Production","yam",320,"Tafea","Aneityum"
2025,"Food Security","Cash Crop Production","cocoa",320,"Torba","Torres"
2025,"Food Security","Cash Crop Production","cocoa",320,"Torba","Ureparapara"
2025,"Food Security","Cash Crop Production","cocoa",320,"Torba","Motalava"
2025,"Food Security","Cash Crop Production","cocoa",320,"Torba","East Vanualava"
2025,"Food Security","Cash Crop Production","cocoa",320,"Torba","West Vanualava"
2025,"Food Security","Cash Crop Production","cocoa",320,"Torba","Mota"
2025,"Food Security","Cash Crop Production","cocoa",320,"Torba","East Gaua"
2025,"Food Security","Cash Crop Production","cocoa",320,"Torba","West Gaua"
2025,"Food Security","Cash Crop Production","cocoa",320,"Torba","Merelava"
2025,"Food Security","Cash Crop Production","cocoa",320,"Sanma","Luganville"
2025,"Food Security","Cash Crop Production","cocoa",320,"Sanma","North West Santo"
2025,"Food Security","Cash Crop Production","cocoa",320,"Sanma","Big Bay Coast"
2025,"Food Security","Cash Crop Production","cocoa",320,"Sanma","Big Bay Inland"
2025,"Food Security","Cash Crop Production","cocoa",320,"Sanma","West Santo"
2025,"Food Security","Cash Crop Production","cocoa",320,"Sanma","South Santo 1"
2025,"Food Security","Cash Crop Production","cocoa",320,"Sanma","South Santo 2"
2025,"Food Security","Cash Crop Production","cocoa",320,"Sanma","East Santo"
2025,"Food Security","Cash Crop Production","cocoa",320,"Sanma","South East Santo"
2025,"Food Security","Cash Crop Production","cocoa",320,"Sanma","Canal Fanafo"
2025,"Food Security","Cash Crop Production","cocoa",320,"Sanma","West Malo"
2025,"Food Security","Cash Crop Production","cocoa",320,"Sanma","East Malo"
2025,"Food Security","Cash Crop Production","cocoa",320,"Penama","West Ambae"
2025,"Food Security","Cash Crop Production","cocoa",320,"Penama","North Ambae"
2025,"Food Security","Cash Crop Production","cocoa",320,"Penama","East Ambae"
2025,"Food Security","Cash Crop Production","cocoa",320,"Penama","South Ambae"
2025,"Food Security","Cash Crop Production","cocoa",320,"Penama","North Maewo"
2025,"Food Security","Cash Crop Production","cocoa",320,"Penama","South Maewo"
2025,"Food Security","Cash Crop Production","cocoa",320,"Penama","North Pentecost"
2025,"Food Security","Cash Crop Production","cocoa",320,"Penama","Central Pentecost 1"
2025,"Food Security","Cash Crop Production","cocoa",320,"Penama","Central Pentecost 2"
2025,"Food Security","Cash Crop Production","cocoa",320,"Penama","South Pentecost"
2025,"Food Security","Cash Crop Production","cocoa",320,"Malampa","North West Malekula"
2025,"Food Security","Cash Crop Production","cocoa",320,"Malampa","North East Malekula"
2025,"Food Security","Cash Crop Production","cocoa",320,"Malampa","Central Malekula"
2025,"Food Security","Cash Crop Production","cocoa",320,"Malampa","South West Malekula"
2025,"Food Security","Cash Crop Production","cocoa",320,"Malampa","South East Malekula"
2025,"Food Security","Cash Crop Production","cocoa",320,"Malampa","South Malekula"
2025,"Food Security","Cash Crop Production","cocoa",320,"Malampa","North Ambrym"
2025,"Food Security","Cash Crop Production","cocoa",320,"Malampa","West Ambrym"
2025,"Food Security","Cash Crop Production","cocoa",320,"Malampa","South East Ambrym"
2025,"Food Security","Cash Crop Production","cocoa",320,"Malampa","Paama"
2025,"Food Security","Cash Crop Production","cocoa",320,"Shefa","Port Vila"
2025,"Food Security","Cash Crop Production","cocoa",320,"Shefa","Vermali"
2025,"Food Security","Cash Crop Production","cocoa",320,"Shefa","Vermaul"
2025,"Food Security","Cash Crop Production","cocoa",320,"Shefa","Varisu"
2025,"Food Security","Cash Crop Production","cocoa",320,"Shefa","South Epi"
2025,"Food Security","Cash Crop Production","cocoa",320,"Shefa","North Tongoa"
2025,"Food Security","Cash Crop Production","cocoa",320,"Shefa","Makimae"
2025,"Food Security","Cash Crop Production","cocoa",320,"Shefa","Tongariki"
2025,"Food Security","Cash Crop Production","cocoa",320,"Shefa","Nguna"
2025,"Food Security","Cash Crop Production","cocoa",320,"Shefa","Emau"
2025,"Food Security","Cash Crop Production","cocoa",320,"Shefa","Malorua"
2025,"Food Security","Cash Crop Production","cocoa",320,"Shefa","North Efate"
2025,"Food Security","Cash Crop Production","cocoa",320,"Shefa","Mele"
2025,"Food Security","Cash Crop Production","cocoa",320,"Shefa","Tanvasoko"
2025,"Food Security","Cash Crop Production","cocoa",320,"Shefa","Ifira"
2025,"Food Security","Cash Crop Production","cocoa",320,"Shefa","Pango"
2025,"Food Security","Cash Crop Production","cocoa",320,"Shefa","Erakor"
2025,"Food Security","Cash Crop Production","cocoa",320,"Shefa","Eratap"
2025,"Food Security","Cash Crop Production","cocoa",320,"Shefa","Eton"
2025,"Food Security","Cash Crop Production","cocoa",320,"Tafea","North Erromango"
2025,"Food Security","Cash Crop Production","cocoa",320,"Tafea","South Erromango"
2025,"Food Security","Cash Crop Production","cocoa",320,"Tafea","Aniwa"
2025,"Food Security","Cash Crop Production","cocoa",320,"Tafea","North Tanna"
2025,"Food Security","Cash Crop Production","cocoa",320,"Tafea","West Tanna"
2025,"Food Security","Cash Crop Production","cocoa",320,"Tafea","Middle Bush Tanna"
2025,"Food Security","Cash Crop Production","cocoa",320,"Tafea","South West Tanna"
2025,"Food Security","Cash Crop Production","cocoa",320,"Tafea","Whitesands"
2025,"Food Security","Cash Crop Production","cocoa",320,"Tafea","South Tanna"
2025,"Food Security","Cash Crop Production","cocoa",320,"Tafea","Futuna"
2025,"Food Security","Cash Crop Production","cocoa",320,"Tafea","Aneityum"
2025,"Food Security","Cash Crop Production","coconut",55,"Torba","Torres"
2025,"Food Security","Cash Crop Production","coconut",55,"Torba","Ureparapara"
2025,"Food Security","Cash Crop Production","coconut",55,"Torba","Motalava"
2025,"Food Security","Cash Crop Production","coconut",55,"Torba","East Vanualava"
2025,"Food Security","Cash Crop Production","coconut",55,"Torba","West Vanualava"
2025,"Food Security","Cash Crop Production","coconut",55,"Torba","Mota"
2025,"Food Security","Cash Crop Production","coconut",55,"Torba","East Gaua"
2025,"Food Security","Cash Crop Production","coconut",55,"Torba","West Gaua"
2025,"Food Security","Cash Crop Production","coconut",55,"Torba","Merelava"
2025,"Food Security","Cash Crop Production","coconut",55,"Sanma","Luganville"
2025,"Food Security","Cash Crop Production","coconut",55,"Sanma","North West Santo"
2025,"Food Security","Cash Crop Production","coconut",55,"Sanma","Big Bay Coast"
2025,"Food Security","Cash Crop Production","coconut",55,"Sanma","Big Bay Inland"
2025,"Food Security","Cash Crop Production","coconut",55,"Sanma","West Santo"
2025,"Food Security","Cash Crop Production","coconut",55,"Sanma","South Santo 1"
2025,"Food Security","Cash Crop Production","coconut",55,"Sanma","South Santo 2"
2025,"Food Security","Cash Crop Production","coconut",55,"Sanma","East Santo"
2025,"Food Security","Cash Crop Production","coconut",55,"Sanma","South East Santo"
2025,"Food Security","Cash Crop Production","coconut",55,"Sanma","Canal Fanafo"
2025,"Food Security","Cash Crop Production","coconut",55,"Sanma","West Malo"
2025,"Food Security","Cash Crop Production","coconut",55,"Sanma","East Malo"
2025,"Food Security","Cash Crop Production","coconut",55,"Penama","West Ambae"
2025,"Food Security","Cash Crop Production","coconut",55,"Penama","North Ambae"
2025,"Food Security","Cash Crop Production","coconut",55,"Penama","East Ambae"
2025,"Food Security","Cash Crop Production","coconut",55,"Penama","South Ambae"
2025,"Food Security","Cash Crop Production","coconut",55,"Penama","North Maewo"
2025,"Food Security","Cash Crop Production","coconut",55,"Penama","South Maewo"
2025,"Food Security","Cash Crop Production","coconut",55,"Penama","North Pentecost"
2025,"Food Security","Cash Crop Production","coconut",55,"Penama","Central Pentecost 1"
2025,"Food Security","Cash Crop Production","coconut",55,"Penama","Central Pentecost 2"
2025,"Food Security","Cash Crop Production","coconut",55,"Penama","South Pentecost"
2025,"Food Security","Cash Crop Production","coconut",55,"Malampa","North West Malekula"
2025,"Food Security","Cash Crop Production","coconut",55,"Malampa","North East Malekula"
2025,"Food Security","Cash Crop Production","coconut",55,"Malampa","Central Malekula"
2025,"Food Security","Cash Crop Production","coconut",55,"Malampa","South West Malekula"
2025,"Food Security","Cash Crop Production","coconut",55,"Malampa","South East Malekula"
2025,"Food Security","Cash Crop Production","coconut",55,"Malampa","South Malekula"
2025,"Food Security","Cash Crop Production","coconut",55,"Malampa","North Ambrym"
2025,"Food Security","Cash Crop Production","coconut",55,"Malampa","West Ambrym"
2025,"Food Security","Cash Crop Production","coconut",55,"Malampa","South East Ambrym"
2025,"Food Security","Cash Crop Production","coconut",55,"Malampa","Paama"
2025,"Food Security","Cash Crop Production","coconut",55,"Shefa","Port Vila"
2025,"Food Security","Cash Crop Production","coconut",55,"Shefa","Vermali"
2025,"Food Security","Cash Crop Production","coconut",55,"Shefa","Vermaul"
2025,"Food Security","Cash Crop Production","coconut",55,"Shefa","Varisu"
2025,"Food Security","Cash Crop Production","coconut",55,"Shefa","South Epi"
2025,"Food Security","Cash Crop Production","coconut",55,"Shefa","North Tongoa"
2025,"Food Security","Cash Crop Production","coconut",55,"Shefa","Makimae"
2025,"Food Security","Cash Crop Production","coconut",55,"Shefa","Tongariki"
2025,"Food Security","Cash Crop Production","coconut",55,"Shefa","Nguna"
2025,"Food Security","Cash Crop Production","coconut",55,"Shefa","Emau"
2025,"Food Security","Cash Crop Production","coconut",55,"Shefa","Malorua"
2025,"Food Security","Cash Crop Production","coconut",55,"Shefa","North Efate"
2025,"Food Security","Cash Crop Production","coconut",55,"Shefa","Mele"
2025,"Food Security","Cash Crop Production","coconut",55,"Shefa","Tanvasoko"
2025,"Food Security","Cash Crop Production","coconut",55,"Shefa","Ifira"
2025,"Food Security","Cash Crop Production","coconut",55,"Shefa","Pango"
2025,"Food Security","Cash Crop Production","coconut",55,"Shefa","Erakor"
2025,"Food Security","Cash Crop Production","coconut",55,"Shefa","Eratap"
2025,"Food Security","Cash Crop Production","coconut",55,"Shefa","Eton"
2025,"Food Security","Cash Crop Production","coconut",55,"Tafea","North Erromango"
2025,"Food Security","Cash Crop Production","coconut",55,"Tafea","South Erromango"
2025,"Food Security","Cash Crop Production","coconut",55,"Tafea","Aniwa"
2025,"Food Security","Cash Crop Production","coconut",55,"Tafea","North Tanna"
2025,"Food Security","Cash Crop Production","coconut",55,"Tafea","West Tanna"
2025,"Food Security","Cash Crop Production","coconut",55,"Tafea","Middle Bush Tanna"
2025,"Food Security","Cash Crop Production","coconut",55,"Tafea","South West Tanna"
2025,"Food Security","Cash Crop Production","coconut",55,"Tafea","Whitesands"
2025,"Food Security","Cash Crop Production","coconut",55,"Tafea","South Tanna"
2025,"Food Security","Cash Crop Production","coconut",55,"Tafea","Futuna"
2025,"Food Security","Cash Crop Production","coconut",55,"Tafea","Aneityum"
2025,"Food Security","Cash Crop Production","coffee",480,"Torba","Torres"
2025,"Food Security","Cash Crop Production","coffee",480,"Torba","Ureparapara"
2025,"Food Security","Cash Crop Production","coffee",480,"Torba","Motalava"
2025,"Food Security","Cash Crop Production","coffee",480,"Torba","East Vanualava"
2025,"Food Security","Cash Crop Production","coffee",480,"Torba","West Vanualava"
2025,"Food Security","Cash Crop Production","coffee",480,"Torba","Mota"
2025,"Food Security","Cash Crop Production","coffee",480,"Torba","East Gaua"
2025,"Food Security","Cash Crop Production","coffee",480,"Torba","West Gaua"
2025,"Food Security","Cash Crop Production","coffee",480,"Torba","Merelava"
2025,"Food Security","Cash Crop Production","coffee",480,"Sanma","Luganville"
2025,"Food Security","Cash Crop Production","coffee",480,"Sanma","North West Santo"
2025,"Food Security","Cash Crop Production","coffee",480,"Sanma","Big Bay Coast"
2025,"Food Security","Cash Crop Production","coffee",480,"Sanma","Big Bay Inland"
2025,"Food Security","Cash Crop Production","coffee",480,"Sanma","West Santo"
2025,"Food Security","Cash Crop Production","coffee",480,"Sanma","South Santo 1"
2025,"Food Security","Cash Crop Production","coffee",480,"Sanma","South Santo 2"
2025,"Food Security","Cash Crop Production","coffee",480,"Sanma","East Santo"
2025,"Food Security","Cash Crop Production","coffee",480,"Sanma","South East Santo"
2025,"Food Security","Cash Crop Production","coffee",480,"Sanma","Canal Fanafo"
2025,"Food Security","Cash Crop Production","coffee",480,"Sanma","West Malo"
2025,"Food Security","Cash Crop Production","coffee",480,"Sanma","East Malo"
2025,"Food Security","Cash Crop Production","coffee",480,"Penama","West Ambae"
2025,"Food Security","Cash Crop Production","coffee",480,"Penama","North Ambae"
2025,"Food Security","Cash Crop Production","coffee",480,"Penama","East Ambae"
2025,"Food Security","Cash Crop Production","coffee",480,"Penama","South Ambae"
2025,"Food Security","Cash Crop Production","coffee",480,"Penama","North Maewo"
2025,"Food Security","Cash Crop Production","coffee",480,"Penama","South Maewo"
2025,"Food Security","Cash Crop Production","coffee",480,"Penama","North Pentecost"
2025,"Food Security","Cash Crop Production","coffee",480,"Penama","Central Pentecost 1"
2025,"Food Security","Cash Crop Production","coffee",480,"Penama","Central Pentecost 2"
2025,"Food Security","Cash Crop Production","coffee",480,"Penama","South Pentecost"
2025,"Food Security","Cash Crop Production","coffee",480,"Malampa","North West Malekula"
2025,"Food Security","Cash Crop Production","coffee",480,"Malampa","North East Malekula"
2025,"Food Security","Cash Crop Production","coffee",480,"Malampa","Central Malekula"
2025,"Food Security","Cash Crop Production","coffee",480,"Malampa","South West Malekula"
2025,"Food Security","Cash Crop Production","coffee",480,"Malampa","South East Malekula"
2025,"Food Security","Cash Crop Production","coffee",480,"Malampa","South Malekula"
2025,"Food Security","Cash Crop Production","coffee",480,"Malampa","North Ambrym"
2025,"Food Security","Cash Crop Production","coffee",480,"Malampa","West Ambrym"
2025,"Food Security","Cash Crop Production","coffee",480,"Malampa","South East Ambrym"
2025,"Food Security","Cash Crop Production","coffee",480,"Malampa","Paama"
2025,"Food Security","Cash Crop Production","coffee",480,"Shefa","Port Vila"
2025,"Food Security","Cash Crop Production","coffee",480,"Shefa","Vermali"
2025,"Food Security","Cash Crop Production","coffee",480,"Shefa","Vermaul"
2025,"Food Security","Cash Crop Production","coffee",480,"Shefa","Varisu"
2025,"Food Security","Cash Crop Production","coffee",480,"Shefa","South Epi"
2025,"Food Security","Cash Crop Production","coffee",480,"Shefa","North Tongoa"
2025,"Food Security","Cash Crop Production","coffee",480,"Shefa","Makimae"
2025,"Food Security","Cash Crop Production","coffee",480,"Shefa","Tongariki"
2025,"Food Security","Cash Crop Production","coffee",480,"Shefa","Nguna"
2025,"Food Security","Cash Crop Production","coffee",480,"Shefa","Emau"
2025,"Food Security","Cash Crop Production","coffee",480,"Shefa","Malorua"
2025,"Food Security","Cash Crop Production","coffee",480,"Shefa","North Efate"
2025,"Food Security","Cash Crop Production","coffee",480,"Shefa","Mele"
2025,"Food Security","Cash Crop Production","coffee",480,"Shefa","Tanvasoko"
2025,"Food Security","Cash Crop Production","coffee",480,"Shefa","Ifira"
2025,"Food Security","Cash Crop Production","coffee",480,"Shefa","Pango"
2025,"Food Security","Cash Crop Production","coffee",480,"Shefa","Erakor"
2025,"Food Security","Cash Crop Production","coffee",480,"Shefa","Eratap"
2025,"Food Security","Cash Crop Production","coffee",480,"Shefa","Eton"
2025,"Food Security","Cash Crop Production","coffee",480,"Tafea","North Erromango"
2025,"Food Security","Cash Crop Production","coffee",480,"Tafea","South Erromango"
2025,"Food Security","Cash Crop Production","coffee",480,"Tafea","Aniwa"
2025,"Food Security","Cash Crop Production","coffee",480,"Tafea","North Tanna"
2025,"Food Security","Cash Crop Production","coffee",480,"Tafea","West Tanna"
2025,"Food Security","Cash Crop Production","coffee",480,"Tafea","Middle Bush Tanna"
2025,"Food Security","Cash Crop Production","coffee",480,"Tafea","South West Tanna"
2025,"Food Security","Cash Crop Production","coffee",480,"Tafea","Whitesands"
2025,"Food Security","Cash Crop Production","coffee",480,"Tafea","South Tanna"
2025,"Food Security","Cash Crop Production","coffee",480,"Tafea","Futuna"
2025,"Food Security","Cash Crop Production","coffee",480,"Tafea","Aneityum"
2025,"Food Security","Cash Crop Production","kava",1200,"Torba","Torres"
2025,"Food Security","Cash Crop Production","kava",1200,"Torba","Ureparapara"
2025,"Food Security","Cash Crop Production","kava",1200,"Torba","Motalava"
2025,"Food Security","Cash Crop Production","kava",1200,"Torba","East Vanualava"
2025,"Food Security","Cash Crop Production","kava",1200,"Torba","West Vanualava"
2025,"Food Security","Cash Crop Production","kava",1200,"Torba","Mota"
2025,"Food Security","Cash Crop Production","kava",1200,"Torba","East Gaua"
2025,"Food Security","Cash Crop Production","kava",1200,"Torba","West Gaua"
2025,"Food Security","Cash Crop Production","kava",1200,"Torba","Merelava"
2025,"Food Security","Cash Crop Production","kava",1200,"Sanma","Luganville"
2025,"Food Security","Cash Crop Production","kava",1200,"Sanma","North West Santo"
2025,"Food Security","Cash Crop Production","kava",1200,"Sanma","Big Bay Coast"
2025,"Food Security","Cash Crop Production","kava",1200,"Sanma","Big Bay Inland"
2025,"Food Security","Cash Crop Production","kava",1200,"Sanma","West Santo"
2025,"Food Security","Cash Crop Production","kava",1200,"Sanma","South Santo 1"
2025,"Food Security","Cash Crop Production","kava",1200,"Sanma","South Santo 2"
2025,"Food Security","Cash Crop Production","kava",1200,"Sanma","East Santo"
2025,"Food Security","Cash Crop Production","kava",1200,"Sanma","South East Santo"
2025,"Food Security","Cash Crop Production","kava",1200,"Sanma","Canal Fanafo"
2025,"Food Security","Cash Crop Production","kava",1200,"Sanma","West Malo"
2025,"Food Security","Cash Crop Production","kava",1200,"Sanma","East Malo"
2025,"Food Security","Cash Crop Production","kava",1200,"Penama","West Ambae"
2025,"Food Security","Cash Crop Production","kava",1200,"Penama","North Ambae"
2025,"Food Security","Cash Crop Production","kava",1200,"Penama","East Ambae"
2025,"Food Security","Cash Crop Production","kava",1200,"Penama","South Ambae"
2025,"Food Security","Cash Crop Production","kava",1200,"Penama","North Maewo"
2025,"Food Security","Cash Crop Production","kava",1200,"Penama","South Maewo"
2025,"Food Security","Cash Crop Production","kava",1200,"Penama","North Pentecost"
2025,"Food Security","Cash Crop Production","kava",1200,"Penama","Central Pentecost 1"
2025,"Food Security","Cash Crop Production","kava",1200,"Penama","Central Pentecost 2"
2025,"Food Security","Cash Crop Production","kava",1200,"Penama","South Pentecost"
2025,"Food Security","Cash Crop Production","kava",1200,"Malampa","North West Malekula"
2025,"Food Security","Cash Crop Production","kava",1200,"Malampa","North East Malekula"
2025,"Food Security","Cash Crop Production","kava",1200,"Malampa","Central Malekula"
2025,"Food Security","Cash Crop Production","kava",1200,"Malampa","South West Malekula"
2025,"Food Security","Cash Crop Production","kava",1200,"Malampa","South East Malekula"
2025,"Food Security","Cash Crop Production","kava",1200,"Malampa","South Malekula"
2025,"Food Security","Cash Crop Production","kava",1200,"Malampa","North Ambrym"
2025,"Food Security","Cash Crop Production","kava",1200,"Malampa","West Ambrym"
2025,"Food Security","Cash Crop Production","kava",1200,"Malampa","South East Ambrym"
2025,"Food Security","Cash Crop Production","kava",1200,"Malampa","Paama"
2025,"Food Security","Cash Crop Production","kava",1200,"Shefa","Port Vila"
2025,"Food Security","Cash Crop Production","kava",1200,"Shefa","Vermali"
2025,"Food Security","Cash Crop Production","kava",1200,"Shefa","Vermaul"
2025,"Food Security","Cash Crop Production","kava",1200,"Shefa","Varisu"
2025,"Food Security","Cash Crop Production","kava",1200,"Shefa","South Epi"
2025,"Food Security","Cash Crop Production","kava",1200,"Shefa","North Tongoa"
2025,"Food Security","Cash Crop Production","kava",1200,"Shefa","Makimae"
2025,"Food Security","Cash Crop Production","kava",1200,"Shefa","Tongariki"
2025,"Food Security","Cash Crop Production","kava",1200,"Shefa","Nguna"
2025,"Food Security","Cash Crop Production","kava",1200,"Shefa","Emau"
2025,"Food Security","Cash Crop Production","kava",1200,"Shefa","Malorua"
2025,"Food Security","Cash Crop Production","kava",1200,"Shefa","North Efate"
2025,"Food Security","Cash Crop Production","kava",1200,"Shefa","Mele"
2025,"Food Security","Cash Crop Production","kava",1200,"Shefa","Tanvasoko"
2025,"Food Security","Cash Crop Production","kava",1200,"Shefa","Ifira"
2025,"Food Security","Cash Crop Production","kava",1200,"Shefa","Pango"
2025,"Food Security","Cash Crop Production","kava",1200,"Shefa","Erakor"
2025,"Food Security","Cash Crop Production","kava",1200,"Shefa","Eratap"
2025,"Food Security","Cash Crop Production","kava",1200,"Shefa","Eton"
2025,"Food Security","Cash Crop Production","kava",1200,"Tafea","North Erromango"
2025,"Food Security","Cash Crop Production","kava",1200,"Tafea","South Erromango"
2025,"Food Security","Cash Crop Production","kava",1200,"Tafea","Aniwa"
2025,"Food Security","Cash Crop Production","kava",1200,"Tafea","North Tanna"
2025,"Food Security","Cash Crop Production","kava",1200,"Tafea","West Tanna"
2025,"Food Security","Cash Crop Production","kava",1200,"Tafea","Middle Bush Tanna"
2025,"Food Security","Cash Crop Production","kava",1200,"Tafea","South West Tanna"
2025,"Food Security","Cash Crop Production","kava",1200,"Tafea","Whitesands"
2025,"Food Security","Cash Crop Production","kava",1200,"Tafea","South Tanna"
2025,"Food Security","Cash Crop Production","kava",1200,"Tafea","Futuna"
2025,"Food Security","Cash Crop Production","kava",1200,"Tafea","Aneityum"
2025,"Food Security","Cash Crop Production","noni",90,"Torba","Torres"
2025,"Food Security","Cash Crop Production","noni",90,"Torba","Ureparapara"
2025,"Food Security","Cash Crop Production","noni",90,"Torba","Motalava"
2025,"Food Security","Cash Crop Production","noni",90,"Torba","East Vanualava"
2025,"Food Security","Cash Crop Production","noni",90,"Torba","West Vanualava"
2025,"Food Security","Cash Crop Production","noni",90,"Torba","Mota"
2025,"Food Security","Cash Crop Production","noni",90,"Torba","East Gaua"
2025,"Food Security","Cash Crop Production","noni",90,"Torba","West Gaua"
2025,"Food Security","Cash Crop Production","noni",90,"Torba","Merelava"
2025,"Food Security","Cash Crop Production","noni",90,"Sanma","Luganville"
2025,"Food Security","Cash Crop Production","noni",90,"Sanma","North West Santo"
2025,"Food Security","Cash Crop Production","noni",90,"Sanma","Big Bay Coast"
2025,"Food Security","Cash Crop Production","noni",90,"Sanma","Big Bay Inland"
2025,"Food Security","Cash Crop Production","noni",90,"Sanma","West Santo"
2025,"Food Security","Cash Crop Production","noni",90,"Sanma","South Santo 1"
2025,"Food Security","Cash Crop Production","noni",90,"Sanma","South Santo 2"
2025,"Food Security","Cash Crop Production","noni",90,"Sanma","East Santo"
2025,"Food Security","Cash Crop Production","noni",90,"Sanma","South East Santo"
2025,"Food Security","Cash Crop Production","noni",90,"Sanma","Canal Fanafo"
2025,"Food Security","Cash Crop Production","noni",90,"Sanma","West Malo"
2025,"Food Security","Cash Crop Production","noni",90,"Sanma","East Malo"
2025,"Food Security","Cash Crop Production","noni",90,"Penama","West Ambae"
2025,"Food Security","Cash Crop Production","noni",90,"Penama","North Ambae"
2025,"Food Security","Cash Crop Production","noni",90,"Penama","East Ambae"
2025,"Food Security","Cash Crop Production","noni",90,"Penama","South Ambae"
2025,"Food Security","Cash Crop Production","noni",90,"Penama","North Maewo"
2025,"Food Security","Cash Crop Production","noni",90,"Penama","South Maewo"
2025,"Food Security","Cash Crop Production","noni",90,"Penama","North Pentecost"
2025,"Food Security","Cash Crop Production","noni",90,"Penama","Central Pentecost 1"
2025,"Food Security","Cash Crop Production","noni",90,"Penama","Central Pentecost 2"
2025,"Food Security","Cash Crop Production","noni",90,"Penama","South Pentecost"
2025,"Food Security","Cash Crop Production","noni",90,"Malampa","North West Malekula"
2025,"Food Security","Cash Crop Production","noni",90,"Malampa","North East Malekula"
2025,"Food Security","Cash Crop Production","noni",90,"Malampa","Central Malekula"
2025,"Food Security","Cash Crop Production","noni",90,"Malampa","South West Malekula"
2025,"Food Security","Cash Crop Production","noni",90,"Malampa","South East Malekula"
2025,"Food Security","Cash Crop Production","noni",90,"Malampa","South Malekula"
2025,"Food Security","Cash Crop Production","noni",90,"Malampa","North Ambrym"
2025,"Food Security","Cash Crop Production","noni",90,"Malampa","West Ambrym"
2025,"Food Security","Cash Crop Production","noni",90,"Malampa","South East Ambrym"
2025,"Food Security","Cash Crop Production","noni",90,"Malampa","Paama"
2025,"Food Security","Cash Crop Production","noni",90,"Shefa","Port Vila"
2025,"Food Security","Cash Crop Production","noni",90,"Shefa","Vermali"
2025,"Food Security","Cash Crop Production","noni",90,"Shefa","Vermaul"
2025,"Food Security","Cash Crop Production","noni",90,"Shefa","Varisu"
2025,"Food Security","Cash Crop Production","noni",90,"Shefa","South Epi"
2025,"Food Security","Cash Crop Production","noni",90,"Shefa","North Tongoa"
2025,"Food Security","Cash Crop Production","noni",90,"Shefa","Makimae"
2025,"Food Security","Cash Crop Production","noni",90,"Shefa","Tongariki"
2025,"Food Security","Cash Crop Production","noni",90,"Shefa","Nguna"
2025,"Food Security","Cash Crop Production","noni",90,"Shefa","Emau"
2025,"Food Security","Cash Crop Production","noni",90,"Shefa","Malorua"
2025,"Food Security","Cash Crop Production","noni",90,"Shefa","North Efate"
2025,"Food Security","Cash Crop Production","noni",90,"Shefa","Mele"
2025,"Food Security","Cash Crop Production","noni",90,"Shefa","Tanvasoko"
2025,"Food Security","Cash Crop Production","noni",90,"Shefa","Ifira"
2025,"Food Security","Cash Crop Production","noni",90,"Shefa","Pango"
2025,"Food Security","Cash Crop Production","noni",90,"Shefa","Erakor"
2025,"Food Security","Cash Crop Production","noni",90,"Shefa","Eratap"
2025,"Food Security","Cash Crop Production","noni",90,"Shefa","Eton"
2025,"Food Security","Cash Crop Production","noni",90,"Tafea","North Erromango"
2025,"Food Security","Cash Crop Production","noni",90,"Tafea","South Erromango"
2025,"Food Security","Cash Crop Production","noni",90,"Tafea","Aniwa"
2025,"Food Security","Cash Crop Production","noni",90,"Tafea","North Tanna"
2025,"Food Security","Cash Crop Production","noni",90,"Tafea","West Tanna"
2025,"Food Security","Cash Crop Production","noni",90,"Tafea","Middle Bush Tanna"
2025,"Food Security","Cash Crop Production","noni",90,"Tafea","South West Tanna"
2025,"Food Security","Cash Crop Production","noni",90,"Tafea","Whitesands"
2025,"Food Security","Cash Crop Production","noni",90,"Tafea","South Tanna"
2025,"Food Security","Cash Crop Production","noni",90,"Tafea","Futuna"
2025,"Food Security","Cash Crop Production","noni",90,"Tafea","Aneityum"
2025,"Food Security","Cash Crop Production","pepper",900,"Torba","Torres"
2025,"Food Security","Cash Crop Production","pepper",900,"Torba","Ureparapara"
2025,"Food Security","Cash Crop Production","pepper",900,"Torba","Motalava"
2025,"Food Security","Cash Crop Production","pepper",900,"Torba","East Vanualava"
2025,"Food Security","Cash Crop Production","pepper",900,"Torba","West Vanualava"
2025,"Food Security","Cash Crop Production","pepper",900,"Torba","Mota"
2025,"Food Security","Cash Crop Production","pepper",900,"Torba","East Gaua"
2025,"Food Security","Cash Crop Production","pepper",900,"Torba","West Gaua"
2025,"Food Security","Cash Crop Production","pepper",900,"Torba","Merelava"
2025,"Food Security","Cash Crop Production","pepper",900,"Sanma","Luganville"
2025,"Food Security","Cash Crop Production","pepper",900,"Sanma","North West Santo"
2025,"Food Security","Cash Crop Production","pepper",900,"Sanma","Big Bay Coast"
2025,"Food Security","Cash Crop Production","pepper",900,"Sanma","Big Bay Inland"
2025,"Food Security","Cash Crop Production","pepper",900,"Sanma","West Santo"
2025,"Food Security","Cash Crop Production","pepper",900,"Sanma","South Santo 1"
2025,"Food Security","Cash Crop Production","pepper",900,"Sanma","South Santo 2"
2025,"Food Security","Cash Crop Production","pepper",900,"Sanma","East Santo"
2025,"Food Security","Cash Crop Production","pepper",900,"Sanma","South East Santo"
2025,"Food Security","Cash Crop Production","pepper",900,"Sanma","Canal Fanafo"
2025,"Food Security","Cash Crop Production","pepper",900,"Sanma","West Malo"
2025,"Food Security","Cash Crop Production","pepper",900,"Sanma","East Malo"
2025,"Food Security","Cash Crop Production","pepper",900,"Penama","West Ambae"
2025,"Food Security","Cash Crop Production","pepper",900,"Penama","North Ambae"
2025,"Food Security","Cash Crop Production","pepper",900,"Penama","East Ambae"
2025,"Food Security","Cash Crop Production","pepper",900,"Penama","South Ambae"
2025,"Food Security","Cash Crop Production","pepper",900,"Penama","North Maewo"
2025,"Food Security","Cash Crop Production","pepper",900,"Penama","South Maewo"
2025,"Food Security","Cash Crop Production","pepper",900,"Penama","North Pentecost"
2025,"Food Security","Cash Crop Production","pepper",900,"Penama","Central Pentecost 1"
2025,"Food Security","Cash Crop Production","pepper",900,"Penama","Central Pentecost 2"
2025,"Food Security","Cash Crop Production","pepper",900,"Penama","South Pentecost"
2025,"Food Security","Cash Crop Production","pepper",900,"Malampa","North West Malekula"
2025,"Food Security","Cash Crop Production","pepper",900,"Malampa","North East Malekula"
2025,"Food Security","Cash Crop Production","pepper",900,"Malampa","Central Malekula"
2025,"Food Security","Cash Crop Production","pepper",900,"Malampa","South West Malekula"
2025,"Food Security","Cash Crop Production","pepper",900,"Malampa","South East Malekula"
2025,"Food Security","Cash Crop Production","pepper",900,"Malampa","South Malekula"
2025,"Food Security","Cash Crop Production","pepper",900,"Malampa","North Ambrym"
2025,"Food Security","Cash Crop Production","pepper",900,"Malampa","West Ambrym"
2025,"Food Security","Cash Crop Production","pepper",900,"Malampa","South East Ambrym"
2025,"Food Security","Cash Crop Production","pepper",900,"Malampa","Paama"
2025,"Food Security","Cash Crop Production","pepper",900,"Shefa","Port Vila"
2025,"Food Security","Cash Crop Production","pepper",900,"Shefa","Vermali"
2025,"Food Security","Cash Crop Production","pepper",900,"Shefa","Vermaul"
2025,"Food Security","Cash Crop Production","pepper",900,"Shefa","Varisu"
2025,"Food Security","Cash Crop Production","pepper",900,"Shefa","South Epi"
2025,"Food Security","Cash Crop Production","pepper",900,"Shefa","North Tongoa"
2025,"Food Security","Cash Crop Production","pepper",900,"Shefa","Makimae"
2025,"Food Security","Cash Crop Production","pepper",900,"Shefa","Tongariki"
2025,"Food Security","Cash Crop Production","pepper",900,"Shefa","Nguna"
2025,"Food Security","Cash Crop Production","pepper",900,"Shefa","Emau"
2025,"Food Security","Cash Crop Production","pepper",900,"Shefa","Malorua"
2025,"Food Security","Cash Crop Production","pepper",900,"Shefa","North Efate"
2025,"Food Security","Cash Crop Production","pepper",900,"Shefa","Mele"
2025,"Food Security","Cash Crop Production","pepper",900,"Shefa","Tanvasoko"
2025,"Food Security","Cash Crop Production","pepper",900,"Shefa","Ifira"
2025,"Food Security","Cash Crop Production","pepper",900,"Shefa","Pango"
2025,"Food Security","Cash Crop Production","pepper",900,"Shefa","Erakor"
2025,"Food Security","Cash Crop Production","pepper",900,"Shefa","Eratap"
2025,"Food Security","Cash Crop Production","pepper",900,"Shefa","Eton"
2025,"Food Security","Cash Crop Production","pepper",900,"Tafea","North Erromango"
2025,"Food Security","Cash Crop Production","pepper",900,"Tafea","South Erromango"
2025,"Food Security","Cash Crop Production","pepper",900,"Tafea","Aniwa"
2025,"Food Security","Cash Crop Production","pepper",900,"Tafea","North Tanna"
2025,"Food Security","Cash Crop Production","pepper",900,"Tafea","West Tanna"
2025,"Food Security","Cash Crop Production","pepper",900,"Tafea","Middle Bush Tanna"
2025,"Food Security","Cash Crop Production","pepper",900,"Tafea","South West Tanna"
2025,"Food Security","Cash Crop Production","pepper",900,"Tafea","Whitesands"
2025,"Food Security","Cash Crop Production","pepper",900,"Tafea","South Tanna"
2025,"Food Security","Cash Crop Production","pepper",900,"Tafea","Futuna"
2025,"Food Security","Cash Crop Production","pepper",900,"Tafea","Aneityum"
2025,"Food Security","Cash Crop Production","tahitian lime",210,"Torba","Torres"
2025,"Food Security","Cash Crop Production","tahitian lime",210,"Torba","Ureparapara"
2025,"Food Security","Cash Crop Production","tahitian lime",210,"Torba","Motalava"
2025,"Food Security","Cash Crop Production","tahitian lime",210,"Torba","East Vanualava"
2025,"Food Security","Cash Crop Production","tahitian lime",210,"Torba","West Vanualava"
2025,"Food Security","Cash Crop Production","tahitian lime",210,"Torba","Mota"
2025,"Food Security","Cash Crop Production","tahitian lime",210,"Torba","East Gaua"
2025,"Food Security","Cash Crop Production","tahitian lime",210,"Torba","West Gaua"
2025,"Food Security","Cash Crop Production","tahitian lime",210,"Torba","Merelava"
2025,"Food Security","Cash Crop Production","tahitian lime",210,"Sanma","Luganville"
2025,"Food Security","Cash Crop Production","tahitian lime",210,"Sanma","North West Santo"
2025,"Food Security","Cash Crop Production","tahitian lime",210,"Sanma","Big Bay Coast"
2025,"Food Security","Cash Crop Production","tahitian lime",210,"Sanma","Big Bay Inland"
2025,"Food Security","Cash Crop Production","tahitian lime",210,"Sanma","West Santo"
2025,"Food Security","Cash Crop Production","tahitian lime",210,"Sanma","South Santo 1"
2025,"Food Security","Cash Crop Production","tahitian lime",210,"Sanma","South Santo 2"
2025,"Food Security","Cash Crop Production","tahitian lime",210,"Sanma","East Santo"
2025,"Food Security","Cash Crop Production","tahitian lime",210,"Sanma","South East Santo"
2025,"Food Security","Cash Crop Production","tahitian lime",210,"Sanma","Canal Fanafo"
2025,"Food Security","Cash Crop Production","tahitian lime",210,"Sanma","West Malo"
2025,"Food Security","Cash Crop Production","tahitian lime",210,"Sanma","East Malo"
2025,"Food Security","Cash Crop Production","tahitian lime",210,"Penama","West Ambae"
2025,"Food Security","Cash Crop Production","tahitian lime",210,"Penama","North Ambae"
2025,"Food Security","Cash Crop Production","tahitian lime",210,"Penama","East Ambae"
2025,"Food Security","Cash Crop Production","tahitian lime",210,"Penama","South Ambae"
2025,"Food Security","Cash Crop Production","tahitian lime",210,"Penama","North Maewo"
2025,"Food Security","Cash Crop Production","tahitian lime",210,"Penama","South Maewo"
2025,"Food Security","Cash Crop Production","tahitian lime",210,"Penama","North Pentecost"
2025,"Food Security","Cash Crop Production","tahitian lime",210,"Penama","Central Pentecost 1"
2025,"Food Security","Cash Crop Production","tahitian lime",210,"Penama","Central Pentecost 2"
2025,"Food Security","Cash Crop Production","tahitian lime",210,"Penama","South Pentecost"
2025,"Food Security","Cash Crop Production","tahitian lime",210,"Malampa","North West Malekula"
2025,"Food Security","Cash Crop Production","tahitian lime",210,"Malampa","North East Malekula"
2025,"Food Security","Cash Crop Production","tahitian lime",210,"Malampa","Central Malekula"
2025,"Food Security","Cash Crop Production","tahitian lime",210,"Malampa","South West Malekula"
2025,"Food Security","Cash Crop Production","tahitian lime",210,"Malampa","South East Malekula"
2025,"Food Security","Cash Crop Production","tahitian lime",210,"Malampa","South Malekula"
2025,"Food Security","Cash Crop Production","tahitian lime",210,"Malampa","North Ambrym"
2025,"Food Security","Cash Crop Production","tahitian lime",210,"Malampa","West Ambrym"
2025,"Food Security","Cash Crop Production","tahitian lime",210,"Malampa","South East Ambrym"
2025,"Food Security","Cash Crop Production","tahitian lime",210,"Malampa","Paama"
2025,"Food Security","Cash Crop Production","tahitian lime",210,"Shefa","Port Vila"
2025,"Food Security","Cash Crop Production","tahitian lime",210,"Shefa","Vermali"
2025,"Food Security","Cash Crop Production","tahitian lime",210,"Shefa","Vermaul"
2025,"Food Security","Cash Crop Production","tahitian lime",210,"Shefa","Varisu"
2025,"Food Security","Cash Crop Production","tahitian lime",210,"Shefa","South Epi"
2025,"Food Security","Cash Crop Production","tahitian lime",210,"Shefa","North Tongoa"
2025,"Food Security","Cash Crop Production","tahitian lime",210,"Shefa","Makimae"
2025,"Food Security","Cash Crop Production","tahitian lime",210,"Shefa","Tongariki"
2025,"Food Security","Cash Crop Production","tahitian lime",210,"Shefa","Nguna"
2025,"Food Security","Cash Crop Production","tahitian lime",210,"Shefa","Emau"
2025,"Food Security","Cash Crop Production","tahitian lime",210,"Shefa","Malorua"
2025,"Food Security","Cash Crop Production","tahitian lime",210,"Shefa","North Efate"
2025,"Food Security","Cash Crop Production","tahitian lime",210,"Shefa","Mele"
2025,"Food Security","Cash Crop Production","tahitian lime",210,"Shefa","Tanvasoko"
2025,"Food Security","Cash Crop Production","tahitian lime",210,"Shefa","Ifira"
2025,"Food Security","Cash Crop Production","tahitian lime",210,"Shefa","Pango"
2025,"Food Security","Cash Crop Production","tahitian lime",210,"Shefa","Erakor"
2025,"Food Security","Cash Crop Production","tahitian lime",210,"Shefa","Eratap"
2025,"Food Security","Cash Crop Production","tahitian lime",210,"Shefa","Eton"
2025,"Food Security","Cash Crop Production","tahitian lime",210,"Tafea","North Erromango"
2025,"Food Security","Cash Crop Production","tahitian lime",210,"Tafea","South Erromango"
2025,"Food Security","Cash Crop Production","tahitian lime",210,"Tafea","Aniwa"
2025,"Food Security","Cash Crop Production","tahitian lime",210,"Tafea","North Tanna"
2025,"Food Security","Cash Crop Production","tahitian lime",210,"Tafea","West Tanna"
2025,"Food Security","Cash Crop Production","tahitian lime",210,"Tafea","Middle Bush Tanna"
2025,"Food Security","Cash Crop Production","tahitian lime",210,"Tafea","South West Tanna"
2025,"Food Security","Cash Crop Production","tahitian lime",210,"Tafea","Whitesands"
2025,"Food Security","Cash Crop Production","tahitian lime",210,"Tafea","South Tanna"
2025,"Food Security","Cash Crop Production","tahitian lime",210,"Tafea","Futuna"
2025,"Food Security","Cash Crop Production","tahitian lime",210,"Tafea","Aneityum"
2025,"Food Security","Cash Crop Production","vanilla",25000,"Torba","Torres"
2025,"Food Security","Cash Crop Production","vanilla",25000,"Torba","Ureparapara"
2025,"Food Security","Cash Crop Production","vanilla",25000,"Torba","Motalava"
2025,"Food Security","Cash Crop Production","vanilla",25000,"Torba","East Vanualava"
2025,"Food Security","Cash Crop Production","vanilla",25000,"Torba","West Vanualava"
2025,"Food Security","Cash Crop Production","vanilla",25000,"Torba","Mota"
2025,"Food Security","Cash Crop Production","vanilla",25000,"Torba","East Gaua"
2025,"Food Security","Cash Crop Production","vanilla",25000,"Torba","West Gaua"
2025,"Food Security","Cash Crop Production","vanilla",25000,"Torba","Merelava"
2025,"Food Security","Cash Crop Production","vanilla",25000,"Sanma","Luganville"
2025,"Food Security","Cash Crop Production","vanilla",25000,"Sanma","North West Santo"
2025,"Food Security","Cash Crop Production","vanilla",25000,"Sanma","Big Bay Coast"
2025,"Food Security","Cash Crop Production","vanilla",25000,"Sanma","Big Bay Inland"
2025,"Food Security","Cash Crop Production","vanilla",25000,"Sanma","West Santo"
2025,"Food Security","Cash Crop Production","vanilla",25000,"Sanma","South Santo 1"
2025,"Food Security","Cash Crop Production","vanilla",25000,"Sanma","South Santo 2"
2025,"Food Security","Cash Crop Production","vanilla",25000,"Sanma","East Santo"
2025,"Food Security","Cash Crop Production","vanilla",25000,"Sanma","South East Santo"
2025,"Food Security","Cash Crop Production","vanilla",25000,"Sanma","Canal Fanafo"
2025,"Food Security","Cash Crop Production","vanilla",25000,"Sanma","West Malo"
2025,"Food Security","Cash Crop Production","vanilla",25000,"Sanma","East Malo"
2025,"Food Security","Cash Crop Production","vanilla",25000,"Penama","West Ambae"
2025,"Food Security","Cash Crop Production","vanilla",25000,"Penama","North Ambae"
2025,"Food Security","Cash Crop Production","vanilla",25000,"Penama","East Ambae"
2025,"Food Security","Cash Crop Production","vanilla",25000,"Penama","South Ambae"
2025,"Food Security","Cash Crop Production","vanilla",25000,"Penama","North Maewo"
2025,"Food Security","Cash Crop Production","vanilla",25000,"Penama","South Maewo"
2025,"Food Security","Cash Crop Production","vanilla",25000,"Penama","North Pentecost"
2025,"Food Security","Cash Crop Production","vanilla",25000,"Penama","Central Pentecost 1"
2025,"Food Security","Cash Crop Production","vanilla",25000,"Penama","Central Pentecost 2"
2025,"Food Security","Cash Crop Production","vanilla",25000,"Penama","South Pentecost"
2025,"Food Security","Cash Crop Production","vanilla",25000,"Malampa","North West Malekula"
2025,"Food Security","Cash Crop Production","vanilla",25000,"Malampa","North East Malekula"
2025,"Food Security","Cash Crop Production","vanilla",25000,"Malampa","Central Malekula"
2025,"Food Security","Cash Crop Production","vanilla",25000,"Malampa","South West Malekula"
2025,"Food Security","Cash Crop Production","vanilla",25000,"Malampa","South East Malekula"
2025,"Food Security","Cash Crop Production","vanilla",25000,"Malampa","South Malekula"
2025,"Food Security","Cash Crop Production","vanilla",25000,"Malampa","North Ambrym"
2025,"Food Security","Cash Crop Production","vanilla",25000,"Malampa","West Ambrym"
2025,"Food Security","Cash Crop Production","vanilla",25000,"Malampa","South East Ambrym"
2025,"Food Security","Cash Crop Production","vanilla",25000,"Malampa","Paama"
2025,"Food Security","Cash Crop Production","vanilla",25000,"Shefa","Port Vila"
2025,"Food Security","Cash Crop Production","vanilla",25000,"Shefa","Vermali"
2025,"Food Security","Cash Crop Production","vanilla",25000,"Shefa","Vermaul"
2025,"Food Security","Cash Crop Production","vanilla",25000,"Shefa","Varisu"
2025,"Food Security","Cash Crop Production","vanilla",25000,"Shefa","South Epi"
2025,"Food Security","Cash Crop Production","vanilla",25000,"Shefa","North Tongoa"
2025,"Food Security","Cash Crop Production","vanilla",25000,"Shefa","Makimae"
2025,"Food Security","Cash Crop Production","vanilla",25000,"Shefa","Tongariki"
2025,"Food Security","Cash Crop Production","vanilla",25000,"Shefa","Nguna"
2025,"Food Security","Cash Crop Production","vanilla",25000,"Shefa","Emau"
2025,"Food Security","Cash Crop Production","vanilla",25000,"Shefa","Malorua"
2025,"Food Security","Cash Crop Production","vanilla",25000,"Shefa","North Efate"
2025,"Food Security","Cash Crop Production","vanilla",25000,"Shefa","Mele"
2025,"Food Security","Cash Crop Production","vanilla",25000,"Shefa","Tanvasoko"
2025,"Food Security","Cash Crop Production","vanilla",25000,"Shefa","Ifira"
2025,"Food Security","Cash Crop Production","vanilla",25000,"Shefa","Pango"
2025,"Food Security","Cash Crop Production","vanilla",25000,"Shefa","Erakor"
2025,"Food Security","Cash Crop Production","vanilla",25000,"Shefa","Eratap"
2025,"Food Security","Cash Crop Production","vanilla",25000,"Shefa","Eton"
2025,"Food Security","Cash Crop Production","vanilla",25000,"Tafea","North Erromango"
2025,"Food Security","Cash Crop Production","vanilla",25000,"Tafea","South Erromango"
2025,"Food Security","Cash Crop Production","vanilla",25000,"Tafea","Aniwa"
2025,"Food Security","Cash Crop Production","vanilla",25000,"Tafea","North Tanna"
2025,"Food Security","Cash Crop Production","vanilla",25000,"Tafea","West Tanna"
2025,"Food Security","Cash Crop Production","vanilla",25000,"Tafea","Middle Bush Tanna"
2025,"Food Security","Cash Crop Production","vanilla",25000,"Tafea","South West Tanna"
2025,"Food Security","Cash Crop Production","vanilla",25000,"Tafea","Whitesands"
2025,"Food Security","Cash Crop Production","vanilla",25000,"Tafea","South Tanna"
2025,"Food Security","Cash Crop Production","vanilla",25000,"Tafea","Futuna"
2025,"Food Security","Cash Crop Production","vanilla",25000,"Tafea","Aneityum"
2025,"Food Security","Timber Production","kauri",1,"Torba","Torres"
2025,"Food Security","Timber Production","kauri",1,"Torba","Ureparapara"
2025,"Food Security","Timber Production","kauri",1,"Torba","Motalava"
2025,"Food Security","Timber Production","kauri",1,"Torba","East Vanualava"
2025,"Food Security","Timber Production","kauri",1,"Torba","West Vanualava"
2025,"Food Security","Timber Production","kauri",1,"Torba","Mota"
2025,"Food Security","Timber Production","kauri",1,"Torba","East Gaua"
2025,"Food Security","Timber Production","kauri",1,"Torba","West Gaua"
2025,"Food Security","Timber Production","kauri",1,"Torba","Merelava"
2025,"Food Security","Timber Production","kauri",1,"Sanma","Luganville"
2025,"Food Security","Timber Production","kauri",1,"Sanma","North West Santo"
2025,"Food Security","Timber Production","kauri",1,"Sanma","Big Bay Coast"
2025,"Food Security","Timber Production","kauri",1,"Sanma","Big Bay Inland"
2025,"Food Security","Timber Production","kauri",1,"Sanma","West Santo"
2025,"Food Security","Timber Production","kauri",1,"Sanma","South Santo 1"
2025,"Food Security","Timber Production","kauri",1,"Sanma","South Santo 2"
2025,"Food Security","Timber Production","kauri",1,"Sanma","East Santo"
2025,"Food Security","Timber Production","kauri",1,"Sanma","South East Santo"
2025,"Food Security","Timber Production","kauri",1,"Sanma","Canal Fanafo"
2025,"Food Security","Timber Production","kauri",1,"Sanma","West Malo"
2025,"Food Security","Timber Production","kauri",1,"Sanma","East Malo"
2025,"Food Security","Timber Production","kauri",1,"Penama","West Ambae"
2025,"Food Security","Timber Production","kauri",1,"Penama","North Ambae"
2025,"Food Security","Timber Production","kauri",1,"Penama","East Ambae"
2025,"Food Security","Timber Production","kauri",1,"Penama","South Ambae"
2025,"Food Security","Timber Production","kauri",1,"Penama","North Maewo"
2025,"Food Security","Timber Production","kauri",1,"Penama","South Maewo"
2025,"Food Security","Timber Production","kauri",1,"Penama","North Pentecost"
2025,"Food Security","Timber Production","kauri",1,"Penama","Central Pentecost 1"
2025,"Food Security","Timber Production","kauri",1,"Penama","Central Pentecost 2"
2025,"Food Security","Timber Production","kauri",1,"Penama","South Pentecost"
2025,"Food Security","Timber Production","kauri",1,"Malampa","North West Malekula"
2025,"Food Security","Timber Production","kauri",1,"Malampa","North East Malekula"
2025,"Food Security","Timber Production","kauri",1,"Malampa","Central Malekula"
2025,"Food Security","Timber Production","kauri",1,"Malampa","South West Malekula"
2025,"Food Security","Timber Production","kauri",1,"Malampa","South East Malekula"
2025,"Food Security","Timber Production","kauri",1,"Malampa","South Malekula"
2025,"Food Security","Timber Production","kauri",1,"Malampa","North Ambrym"
2025,"Food Security","Timber Production","kauri",1,"Malampa","West Ambrym"
2025,"Food Security","Timber Production","kauri",1,"Malampa","South East Ambrym"
2025,"Food Security","Timber Production","kauri",1,"Malampa","Paama"
2025,"Food Security","Timber Production","kauri",1,"Shefa","Port Vila"
2025,"Food Security","Timber Production","kauri",1,"Shefa","Vermali"
2025,"Food Security","Timber Production","kauri",1,"Shefa","Vermaul"
2025,"Food Security","Timber Production","kauri",1,"Shefa","Varisu"
2025,"Food Security","Timber Production","kauri",1,"Shefa","South Epi"
2025,"Food Security","Timber Production","kauri",1,"Shefa","North Tongoa"
2025,"Food Security","Timber Production","kauri",1,"Shefa","Makimae"
2025,"Food Security","Timber Production","kauri",1,"Shefa","Tongariki"
2025,"Food Security","Timber Production","kauri",1,"Shefa","Nguna"
2025,"Food Security","Timber Production","kauri",1,"Shefa","Emau"
2025,"Food Security","Timber Production","kauri",1,"Shefa","Malorua"
2025,"Food Security","Timber Production","kauri",1,"Shefa","North Efate"
2025,"Food Security","Timber Production","kauri",1,"Shefa","Mele"
2025,"Food Security","Timber Production","kauri",1,"Shefa","Tanvasoko"
2025,"Food Security","Timber Production","kauri",1,"Shefa","Ifira"
2025,"Food Security","Timber Production","kauri",1,"Shefa","Pango"
2025,"Food Security","Timber Production","kauri",1,"Shefa","Erakor"
2025,"Food Security","Timber Production","kauri",1,"Shefa","Eratap"
2025,"Food Security","Timber Production","kauri",1,"Shefa","Eton"
2025,"Food Security","Timber Production","kauri",1,"Tafea","North Erromango"
2025,"Food Security","Timber Production","kauri",1,"Tafea","South Erromango"
2025,"Food Security","Timber Production","kauri",1,"Tafea","Aniwa"
2025,"Food Security","Timber Production","kauri",1,"Tafea","North Tanna"
2025,"Food Security","Timber Production","kauri",1,"Tafea","West Tanna"
2025,"Food Security","Timber Production","kauri",1,"Tafea","Middle Bush Tanna"
2025,"Food Security","Timber Production","kauri",1,"Tafea","South West Tanna"
2025,"Food Security","Timber Production","kauri",1,"Tafea","Whitesands"
2025,"Food Security","Timber Production","kauri",1,"Tafea","South Tanna"
2025,"Food Security","Timber Production","kauri",1,"Tafea","Futuna"
2025,"Food Security","Timber Production","kauri",1,"Tafea","Aneityum"
2025,"Food Security","Timber Production","koyu/natora",1,"Torba","Torres"
2025,"Food Security","Timber Production","koyu/natora",1,"Torba","Ureparapara"
2025,"Food Security","Timber Production","koyu/natora",1,"Torba","Motalava"
2025,"Food Security","Timber Production","koyu/natora",1,"Torba","East Vanualava"
2025,"Food Security","Timber Production","koyu/natora",1,"Torba","West Vanualava"
2025,"Food Security","Timber Production","koyu/natora",1,"Torba","Mota"
2025,"Food Security","Timber Production","koyu/natora",1,"Torba","East Gaua"
2025,"Food Security","Timber Production","koyu/natora",1,"Torba","West Gaua"
2025,"Food Security","Timber Production","koyu/natora",1,"Torba","Merelava"
2025,"Food Security","Timber Production","koyu/natora",1,"Sanma","Luganville"
2025,"Food Security","Timber Production","koyu/natora",1,"Sanma","North West Santo"
2025,"Food Security","Timber Production","koyu/natora",1,"Sanma","Big Bay Coast"
2025,"Food Security","Timber Production","koyu/natora",1,"Sanma","Big Bay Inland"
2025,"Food Security","Timber Production","koyu/natora",1,"Sanma","West Santo"
2025,"Food Security","Timber Production","koyu/natora",1,"Sanma","South Santo 1"
2025,"Food Security","Timber Production","koyu/natora",1,"Sanma","South Santo 2"
2025,"Food Security","Timber Production","koyu/natora",1,"Sanma","East Santo"
2025,"Food Security","Timber Production","koyu/natora",1,"Sanma","South East Santo"
2025,"Food Security","Timber Production","koyu/natora",1,"Sanma","Canal Fanafo"
2025,"Food Security","Timber Production","koyu/natora",1,"Sanma","West Malo"
2025,"Food Security","Timber Production","koyu/natora",1,"Sanma","East Malo"
2025,"Food Security","Timber Production","koyu/natora",1,"Penama","West Ambae"
2025,"Food Security","Timber Production","koyu/natora",1,"Penama","North Ambae"
2025,"Food Security","Timber Production","koyu/natora",1,"Penama","East Ambae"
2025,"Food Security","Timber Production","koyu/natora",1,"Penama","South Ambae"
2025,"Food Security","Timber Production","koyu/natora",1,"Penama","North Maewo"
2025,"Food Security","Timber Production","koyu/natora",1,"Penama","South Maewo"
2025,"Food Security","Timber Production","koyu/natora",1,"Penama","North Pentecost"
2025,"Food Security","Timber Production","koyu/natora",1,"Penama","Central Pentecost 1"
2025,"Food Security","Timber Production","koyu/natora",1,"Penama","Central Pentecost 2"
2025,"Food Security","Timber Production","koyu/natora",1,"Penama","South Pentecost"
2025,"Food Security","Timber Production","koyu/natora",1,"Malampa","North West Malekula"
2025,"Food Security","Timber Production","koyu/natora",1,"Malampa","North East Malekula"
2025,"Food Security","Timber Production","koyu/natora",1,"Malampa","Central Malekula"
2025,"Food Security","Timber Production","koyu/natora",1,"Malampa","South West Malekula"
2025,"Food Security","Timber Production","koyu/natora",1,"Malampa","South East Malekula"
2025,"Food Security","Timber Production","koyu/natora",1,"Malampa","South Malekula"
2025,"Food Security","Timber Production","koyu/natora",1,"Malampa","North Ambrym"
2025,"Food Security","Timber Production","koyu/natora",1,"Malampa","West Ambrym"
2025,"Food Security","Timber Production","koyu/natora",1,"Malampa","South East Ambrym"
2025,"Food Security","Timber Production","koyu/natora",1,"Malampa","Paama"
2025,"Food Security","Timber Production","koyu/natora",1,"Shefa","Port Vila"
2025,"Food Security","Timber Production","koyu/natora",1,"Shefa","Vermali"
2025,"Food Security","Timber Production","koyu/natora",1,"Shefa","Vermaul"
2025,"Food Security","Timber Production","koyu/natora",1,"Shefa","Varisu"
2025,"Food Security","Timber Production","koyu/natora",1,"Shefa","South Epi"
2025,"Food Security","Timber Production","koyu/natora",1,"Shefa","North Tongoa"
2025,"Food Security","Timber Production","koyu/natora",1,"Shefa","Makimae"
2025,"Food Security","Timber Production","koyu/natora",1,"Shefa","Tongariki"
2025,"Food Security","Timber Production","koyu/natora",1,"Shefa","Nguna"
2025,"Food Security","Timber Production","koyu/natora",1,"Shefa","Emau"
2025,"Food Security","Timber Production","koyu/natora",1,"Shefa","Malorua"
2025,"Food Security","Timber Production","koyu/natora",1,"Shefa","North Efate"
2025,"Food Security","Timber Production","koyu/natora",1,"Shefa","Mele"
2025,"Food Security","Timber Production","koyu/natora",1,"Shefa","Tanvasoko"
2025,"Food Security","Timber Production","koyu/natora",1,"Shefa","Ifira"
2025,"Food Security","Timber Production","koyu/natora",1,"Shefa","Pango"
2025,"Food Security","Timber Production","koyu/natora",1,"Shefa","Erakor"
2025,"Food Security","Timber Production","koyu/natora",1,"Shefa","Eratap"
2025,"Food Security","Timber Production","koyu/natora",1,"Shefa","Eton"
2025,"Food Security","Timber Production","koyu/natora",1,"Tafea","North Erromango"
2025,"Food Security","Timber Production","koyu/natora",1,"Tafea","South Erromango"
2025,"Food Security","Timber Production","koyu/natora",1,"Tafea","Aniwa"
2025,"Food Security","Timber Production","koyu/natora",1,"Tafea","North Tanna"
2025,"Food Security","Timber Production","koyu/natora",1,"Tafea","West Tanna"
2025,"Food Security","Timber Production","koyu/natora",1,"Tafea","Middle Bush Tanna"
2025,"Food Security","Timber Production","koyu/natora",1,"Tafea","South West Tanna"
2025,"Food Security","Timber Production","koyu/natora",1,"Tafea","Whitesands"
2025,"Food Security","Timber Production","koyu/natora",1,"Tafea","South Tanna"
2025,"Food Security","Timber Production","koyu/natora",1,"Tafea","Futuna"
2025,"Food Security","Timber Production","koyu/natora",1,"Tafea","Aneityum"
2025,"Food Security","Timber Production","mahogany",1,"Torba","Torres"
2025,"Food Security","Timber Production","mahogany",1,"Torba","Ureparapara"
2025,"Food Security","Timber Production","mahogany",1,"Torba","Motalava"
2025,"Food Security","Timber Production","mahogany",1,"Torba","East Vanualava"
2025,"Food Security","Timber Production","mahogany",1,"Torba","West Vanualava"
2025,"Food Security","Timber Production","mahogany",1,"Torba","Mota"
2025,"Food Security","Timber Production","mahogany",1,"Torba","East Gaua"
2025,"Food Security","Timber Production","mahogany",1,"Torba","West Gaua"
2025,"Food Security","Timber Production","mahogany",1,"Torba","Merelava"
2025,"Food Security","Timber Production","mahogany",1,"Sanma","Luganville"
2025,"Food Security","Timber Production","mahogany",1,"Sanma","North West Santo"
2025,"Food Security","Timber Production","mahogany",1,"Sanma","Big Bay Coast"
2025,"Food Security","Timber Production","mahogany",1,"Sanma","Big Bay Inland"
2025,"Food Security","Timber Production","mahogany",1,"Sanma","West Santo"
2025,"Food Security","Timber Production","mahogany",1,"Sanma","South Santo 1"
2025,"Food Security","Timber Production","mahogany",1,"Sanma","South Santo 2"
2025,"Food Security","Timber Production","mahogany",1,"Sanma","East Santo"
2025,"Food Security","Timber Production","mahogany",1,"Sanma","South East Santo"
2025,"Food Security","Timber Production","mahogany",1,"Sanma","Canal Fanafo"
2025,"Food Security","Timber Production","mahogany",1,"Sanma","West Malo"
2025,"Food Security","Timber Production","mahogany",1,"Sanma","East Malo"
2025,"Food Security","Timber Production","mahogany",1,"Penama","West Ambae"
2025,"Food Security","Timber Production","mahogany",1,"Penama","North Ambae"
2025,"Food Security","Timber Production","mahogany",1,"Penama","East Ambae"
2025,"Food Security","Timber Production","mahogany",1,"Penama","South Ambae"
2025,"Food Security","Timber Production","mahogany",1,"Penama","North Maewo"
2025,"Food Security","Timber Production","mahogany",1,"Penama","South Maewo"
2025,"Food Security","Timber Production","mahogany",1,"Penama","North Pentecost"
2025,"Food Security","Timber Production","mahogany",1,"Penama","Central Pentecost 1"
2025,"Food Security","Timber Production","mahogany",1,"Penama","Central Pentecost 2"
2025,"Food Security","Timber Production","mahogany",1,"Penama","South Pentecost"
2025,"Food Security","Timber Production","mahogany",1,"Malampa","North West Malekula"
2025,"Food Security","Timber Production","mahogany",1,"Malampa","North East Malekula"
2025,"Food Security","Timber Production","mahogany",1,"Malampa","Central Malekula"
2025,"Food Security","Timber Production","mahogany",1,"Malampa","South West Malekula"
2025,"Food Security","Timber Production","mahogany",1,"Malampa","South East Malekula"
2025,"Food Security","Timber Production","mahogany",1,"Malampa","South Malekula"
2025,"Food Security","Timber Production","mahogany",1,"Malampa","North Ambrym"
2025,"Food Security","Timber Production","mahogany",1,"Malampa","West Ambrym"
2025,"Food Security","Timber Production","mahogany",1,"Malampa","South East Ambrym"
2025,"Food Security","Timber Production","mahogany",1,"Malampa","Paama"
2025,"Food Security","Timber Production","mahogany",1,"Shefa","Port Vila"
2025,"Food Security","Timber Production","mahogany",1,"Shefa","Vermali"
2025,"Food Security","Timber Production","mahogany",1,"Shefa","Vermaul"
2025,"Food Security","Timber Production","mahogany",1,"Shefa","Varisu"
2025,"Food Security","Timber Production","mahogany",1,"Shefa","South Epi"
2025,"Food Security","Timber Production","mahogany",1,"Shefa","North Tongoa"
2025,"Food Security","Timber Production","mahogany",1,"Shefa","Makimae"
2025,"Food Security","Timber Production","mahogany",1,"Shefa","Tongariki"
2025,"Food Security","Timber Production","mahogany",1,"Shefa","Nguna"
2025,"Food Security","Timber Production","mahogany",1,"Shefa","Emau"
2025,"Food Security","Timber Production","mahogany",1,"Shefa","Malorua"
2025,"Food Security","Timber Production","mahogany",1,"Shefa","North Efate"
2025,"Food Security","Timber Production","mahogany",1,"Shefa","Mele"
2025,"Food Security","Timber Production","mahogany",1,"Shefa","Tanvasoko"
2025,"Food Security","Timber Production","mahogany",1,"Shefa","Ifira"
2025,"Food Security","Timber Production","mahogany",1,"Shefa","Pango"
2025,"Food Security","Timber Production","mahogany",1,"Shefa","Erakor"
2025,"Food Security","Timber Production","mahogany",1,"Shefa","Eratap"
2025,"Food Security","Timber Production","mahogany",1,"Shefa","Eton"
2025,"Food Security","Timber Production","mahogany",1,"Tafea","North Erromango"
2025,"Food Security","Timber Production","mahogany",1,"Tafea","South Erromango"
2025,"Food Security","Timber Production","mahogany",1,"Tafea","Aniwa"
2025,"Food Security","Timber Production","mahogany",1,"Tafea","North Tanna"
2025,"Food Security","Timber Production","mahogany",1,"Tafea","West Tanna"
2025,"Food Security","Timber Production","mahogany",1,"Tafea","Middle Bush Tanna"
2025,"Food Security","Timber Production","mahogany",1,"Tafea","South West Tanna"
2025,"Food Security","Timber Production","mahogany",1,"Tafea","Whitesands"
2025,"Food Security","Timber Production","mahogany",1,"Tafea","South Tanna"
2025,"Food Security","Timber Production","mahogany",1,"Tafea","Futuna"
2025,"Food Security","Timber Production","mahogany",1,"Tafea","Aneityum"
2025,"Food Security","Timber Production","nangae",1,"Torba","Torres"
2025,"Food Security","Timber Production","nangae",1,"Torba","Ureparapara"
2025,"Food Security","Timber Production","nangae",1,"Torba","Motalava"
2025,"Food Security","Timber Production","nangae",1,"Torba","East Vanualava"
2025,"Food Security","Timber Production","nangae",1,"Torba","West Vanualava"
2025,"Food Security","Timber Production","nangae",1,"Torba","Mota"
2025,"Food Security","Timber Production","nangae",1,"Torba","East Gaua"
2025,"Food Security","Timber Production","nangae",1,"Torba","West Gaua"
2025,"Food Security","Timber Production","nangae",1,"Torba","Merelava"
2025,"Food Security","Timber Production","nangae",1,"Sanma","Luganville"
2025,"Food Security","Timber Production","nangae",1,"Sanma","North West Santo"
2025,"Food Security","Timber Production","nangae",1,"Sanma","Big Bay Coast"
2025,"Food Security","Timber Production","nangae",1,"Sanma","Big Bay Inland"
2025,"Food Security","Timber Production","nangae",1,"Sanma","West Santo"
2025,"Food Security","Timber Production","nangae",1,"Sanma","South Santo 1"
2025,"Food Security","Timber Production","nangae",1,"Sanma","South Santo 2"
2025,"Food Security","Timber Production","nangae",1,"Sanma","East Santo"
2025,"Food Security","Timber Production","nangae",1,"Sanma","South East Santo"
2025,"Food Security","Timber Production","nangae",1,"Sanma","Canal Fanafo"
2025,"Food Security","Timber Production","nangae",1,"Sanma","West Malo"
2025,"Food Security","Timber Production","nangae",1,"Sanma","East Malo"
2025,"Food Security","Timber Production","nangae",1,"Penama","West Ambae"
2025,"Food Security","Timber Production","nangae",1,"Penama","North Ambae"
2025,"Food Security","Timber Production","nangae",1,"Penama","East Ambae"
2025,"Food Security","Timber Production","nangae",1,"Penama","South Ambae"
2025,"Food Security","Timber Production","nangae",1,"Penama","North Maewo"
2025,"Food Security","Timber Production","nangae",1,"Penama","South Maewo"
2025,"Food Security","Timber Production","nangae",1,"Penama","North Pentecost"
2025,"Food Security","Timber Production","nangae",1,"Penama","Central Pentecost 1"
2025,"Food Security","Timber Production","nangae",1,"Penama","Central Pentecost 2"
2025,"Food Security","Timber Production","nangae",1,"Penama","South Pentecost"
2025,"Food Security","Timber Production","nangae",1,"Malampa","North West Malekula"
2025,"Food Security","Timber Production","nangae",1,"Malampa","North East Malekula"
2025,"Food Security","Timber Production","nangae",1,"Malampa","Central Malekula"
2025,"Food Security","Timber Production","nangae",1,"Malampa","South West Malekula"
2025,"Food Security","Timber Production","nangae",1,"Malampa","South East Malekula"
2025,"Food Security","Timber Production","nangae",1,"Malampa","South Malekula"
2025,"Food Security","Timber Production","nangae",1,"Malampa","North Ambrym"
2025,"Food Security","Timber Production","nangae",1,"Malampa","West Ambrym"
2025,"Food Security","Timber Production","nangae",1,"Malampa","South East Ambrym"
2025,"Food Security","Timber Production","nangae",1,"Malampa","Paama"
2025,"Food Security","Timber Production","nangae",1,"Shefa","Port Vila"
2025,"Food Security","Timber Production","nangae",1,"Shefa","Vermali"
2025,"Food Security","Timber Production","nangae",1,"Shefa","Vermaul"
2025,"Food Security","Timber Production","nangae",1,"Shefa","Varisu"
2025,"Food Security","Timber Production","nangae",1,"Shefa","South Epi"
2025,"Food Security","Timber Production","nangae",1,"Shefa","North Tongoa"
2025,"Food Security","Timber Production","nangae",1,"Shefa","Makimae"
2025,"Food Security","Timber Production","nangae",1,"Shefa","Tongariki"
2025,"Food Security","Timber Production","nangae",1,"Shefa","Nguna"
2025,"Food Security","Timber Production","nangae",1,"Shefa","Emau"
2025,"Food Security","Timber Production","nangae",1,"Shefa","Malorua"
2025,"Food Security","Timber Production","nangae",1,"Shefa","North Efate"
2025,"Food Security","Timber Production","nangae",1,"Shefa","Mele"
2025,"Food Security","Timber Production","nangae",1,"Shefa","Tanvasoko"
2025,"Food Security","Timber Production","nangae",1,"Shefa","Ifira"
2025,"Food Security","Timber Production","nangae",1,"Shefa","Pango"
2025,"Food Security","Timber Production","nangae",1,"Shefa","Erakor"
2025,"Food Security","Timber Production","nangae",1,"Shefa","Eratap"
2025,"Food Security","Timber Production","nangae",1,"Shefa","Eton"
2025,"Food Security","Timber Production","nangae",1,"Tafea","North Erromango"
2025,"Food Security","Timber Production","nangae",1,"Tafea","South Erromango"
2025,"Food Security","Timber Production","nangae",1,"Tafea","Aniwa"
2025,"Food Security","Timber Production","nangae",1,"Tafea","North Tanna"
2025,"Food Security","Timber Production","nangae",1,"Tafea","West Tanna"
2025,"Food Security","Timber Production","nangae",1,"Tafea","Middle Bush Tanna"
2025,"Food Security","Timber Production","nangae",1,"Tafea","South West Tanna"
2025,"Food Security","Timber Production","nangae",1,"Tafea","Whitesands"
2025,"Food Security","Timber Production","nangae",1,"Tafea","South Tanna"
2025,"Food Security","Timber Production","nangae",1,"Tafea","Futuna"
2025,"Food Security","Timber Production","nangae",1,"Tafea","Aneityum"
2025,"Food Security","Timber Production","natapoa",1,"Torba","Torres"
2025,"Food Security","Timber Production","natapoa",1,"Torba","Ureparapara"
2025,"Food Security","Timber Production","natapoa",1,"Torba","Motalava"
2025,"Food Security","Timber Production","natapoa",1,"Torba","East Vanualava"
2025,"Food Security","Timber Production","natapoa",1,"Torba","West Vanualava"
2025,"Food Security","Timber Production","natapoa",1,"Torba","Mota"
2025,"Food Security","Timber Production","natapoa",1,"Torba","East Gaua"
2025,"Food Security","Timber Production","natapoa",1,"Torba","West Gaua"
2025,"Food Security","Timber Production","natapoa",1,"Torba","Merelava"
2025,"Food Security","Timber Production","natapoa",1,"Sanma","Luganville"
2025,"Food Security","Timber Production","natapoa",1,"Sanma","North West Santo"
2025,"Food Security","Timber Production","natapoa",1,"Sanma","Big Bay Coast"
2025,"Food Security","Timber Production","natapoa",1,"Sanma","Big Bay Inland"
2025,"Food Security","Timber Production","natapoa",1,"Sanma","West Santo"
2025,"Food Security","Timber Production","natapoa",1,"Sanma","South Santo 1"
2025,"Food Security","Timber Production","natapoa",1,"Sanma","South Santo 2"
2025,"Food Security","Timber Production","natapoa",1,"Sanma","East Santo"
2025,"Food Security","Timber Production","natapoa",1,"Sanma","South East Santo"
2025,"Food Security","Timber Production","natapoa",1,"Sanma","Canal Fanafo"
2025,"Food Security","Timber Production","natapoa",1,"Sanma","West Malo"
2025,"Food Security","Timber Production","natapoa",1,"Sanma","East Malo"
2025,"Food Security","Timber Production","natapoa",1,"Penama","West Ambae"
2025,"Food Security","Timber Production","natapoa",1,"Penama","North Ambae"
2025,"Food Security","Timber Production","natapoa",1,"Penama","East Ambae"
2025,"Food Security","Timber Production","natapoa",1,"Penama","South Ambae"
2025,"Food Security","Timber Production","natapoa",1,"Penama","North Maewo"
2025,"Food Security","Timber Production","natapoa",1,"Penama","South Maewo"
2025,"Food Security","Timber Production","natapoa",1,"Penama","North Pentecost"
2025,"Food Security","Timber Production","natapoa",1,"Penama","Central Pentecost 1"
2025,"Food Security","Timber Production","natapoa",1,"Penama","Central Pentecost 2"
2025,"Food Security","Timber Production","natapoa",1,"Penama","South Pentecost"
2025,"Food Security","Timber Production","natapoa",1,"Malampa","North West Malekula"
2025,"Food Security","Timber Production","natapoa",1,"Malampa","North East Malekula"
2025,"Food Security","Timber Production","natapoa",1,"Malampa","Central Malekula"
2025,"Food Security","Timber Production","natapoa",1,"Malampa","South West Malekula"
2025,"Food Security","Timber Production","natapoa",1,"Malampa","South East Malekula"
2025,"Food Security","Timber Production","natapoa",1,"Malampa","South Malekula"
2025,"Food Security","Timber Production","natapoa",1,"Malampa","North Ambrym"
2025,"Food Security","Timber Production","natapoa",1,"Malampa","West Ambrym"
2025,"Food Security","Timber Production","natapoa",1,"Malampa","South East Ambrym"
2025,"Food Security","Timber Production","natapoa",1,"Malampa","Paama"
2025,"Food Security","Timber Production","natapoa",1,"Shefa","Port Vila"
2025,"Food Security","Timber Production","natapoa",1,"Shefa","Vermali"
2025,"Food Security","Timber Production","natapoa",1,"Shefa","Vermaul"
2025,"Food Security","Timber Production","natapoa",1,"Shefa","Varisu"
2025,"Food Security","Timber Production","natapoa",1,"Shefa","South Epi"
2025,"Food Security","Timber Production","natapoa",1,"Shefa","North Tongoa"
2025,"Food Security","Timber Production","natapoa",1,"Shefa","Makimae"
2025,"Food Security","Timber Production","natapoa",1,"Shefa","Tongariki"
2025,"Food Security","Timber Production","natapoa",1,"Shefa","Nguna"
2025,"Food Security","Timber Production","natapoa",1,"Shefa","Emau"
2025,"Food Security","Timber Production","natapoa",1,"Shefa","Malorua"
2025,"Food Security","Timber Production","natapoa",1,"Shefa","North Efate"
2025,"Food Security","Timber Production","natapoa",1,"Shefa","Mele"
2025,"Food Security","Timber Production","natapoa",1,"Shefa","Tanvasoko"
2025,"Food Security","Timber Production","natapoa",1,"Shefa","Ifira"
2025,"Food Security","Timber Production","natapoa",1,"Shefa","Pango"
2025,"Food Security","Timber Production","natapoa",1,"Shefa","Erakor"
2025,"Food Security","Timber Production","natapoa",1,"Shefa","Eratap"
2025,"Food Security","Timber Production","natapoa",1,"Shefa","Eton"
2025,"Food Security","Timber Production","natapoa",1,"Tafea","North Erromango"
2025,"Food Security","Timber Production","natapoa",1,"Tafea","South Erromango"
2025,"Food Security","Timber Production","natapoa",1,"Tafea","Aniwa"
2025,"Food Security","Timber Production","natapoa",1,"Tafea","North Tanna"
2025,"Food Security","Timber Production","natapoa",1,"Tafea","West Tanna"
2025,"Food Security","Timber Production","natapoa",1,"Tafea","Middle Bush Tanna"
2025,"Food Security","Timber Production","natapoa",1,"Tafea","South West Tanna"
2025,"Food Security","Timber Production","natapoa",1,"Tafea","Whitesands"
2025,"Food Security","Timber Production","natapoa",1,"Tafea","South Tanna"
2025,"Food Security","Timber Production","natapoa",1,"Tafea","Futuna"
2025,"Food Security","Timber Production","natapoa",1,"Tafea","Aneityum"
2025,"Food Security","Timber Production","pine",1,"Torba","Torres"
2025,"Food Security","Timber Production","pine",1,"Torba","Ureparapara"
2025,"Food Security","Timber Production","pine",1,"Torba","Motalava"
2025,"Food Security","Timber Production","pine",1,"Torba","East Vanualava"
2025,"Food Security","Timber Production","pine",1,"Torba","West Vanualava"
2025,"Food Security","Timber Production","pine",1,"Torba","Mota"
2025,"Food Security","Timber Production","pine",1,"Torba","East Gaua"
2025,"Food Security","Timber Production","pine",1,"Torba","West Gaua"
2025,"Food Security","Timber Production","pine",1,"Torba","Merelava"
2025,"Food Security","Timber Production","pine",1,"Sanma","Luganville"
2025,"Food Security","Timber Production","pine",1,"Sanma","North West Santo"
2025,"Food Security","Timber Production","pine",1,"Sanma","Big Bay Coast"
2025,"Food Security","Timber Production","pine",1,"Sanma","Big Bay Inland"
2025,"Food Security","Timber Production","pine",1,"Sanma","West Santo"
2025,"Food Security","Timber Production","pine",1,"Sanma","South Santo 1"
2025,"Food Security","Timber Production","pine",1,"Sanma","South Santo 2"
2025,"Food Security","Timber Production","pine",1,"Sanma","East Santo"
2025,"Food Security","Timber Production","pine",1,"Sanma","South East Santo"
2025,"Food Security","Timber Production","pine",1,"Sanma","Canal Fanafo"
2025,"Food Security","Timber Production","pine",1,"Sanma","West Malo"
2025,"Food Security","Timber Production","pine",1,"Sanma","East Malo"
2025,"Food Security","Timber Production","pine",1,"Penama","West Ambae"
2025,"Food Security","Timber Production","pine",1,"Penama","North Ambae"
2025,"Food Security","Timber Production","pine",1,"Penama","East Ambae"
2025,"Food Security","Timber Production","pine",1,"Penama","South Ambae"
2025,"Food Security","Timber Production","pine",1,"Penama","North Maewo"
2025,"Food Security","Timber Production","pine",1,"Penama","South Maewo"
2025,"Food Security","Timber Production","pine",1,"Penama","North Pentecost"
2025,"Food Security","Timber Production","pine",1,"Penama","Central Pentecost 1"
2025,"Food Security","Timber Production","pine",1,"Penama","Central Pentecost 2"
2025,"Food Security","Timber Production","pine",1,"Penama","South Pentecost"
2025,"Food Security","Timber Production","pine",1,"Malampa","North West Malekula"
2025,"Food Security","Timber Production","pine",1,"Malampa","North East Malekula"
2025,"Food Security","Timber Production","pine",1,"Malampa","Central Malekula"
2025,"Food Security","Timber Production","pine",1,"Malampa","South West Malekula"
2025,"Food Security","Timber Production","pine",1,"Malampa","South East Malekula"
2025,"Food Security","Timber Production","pine",1,"Malampa","South Malekula"
2025,"Food Security","Timber Production","pine",1,"Malampa","North Ambrym"
2025,"Food Security","Timber Production","pine",1,"Malampa","West Ambrym"
2025,"Food Security","Timber Production","pine",1,"Malampa","South East Ambrym"
2025,"Food Security","Timber Production","pine",1,"Malampa","Paama"
2025,"Food Security","Timber Production","pine",1,"Shefa","Port Vila"
2025,"Food Security","Timber Production","pine",1,"Shefa","Vermali"
2025,"Food Security","Timber Production","pine",1,"Shefa","Vermaul"
2025,"Food Security","Timber Production","pine",1,"Shefa","Varisu"
2025,"Food Security","Timber Production","pine",1,"Shefa","South Epi"
2025,"Food Security","Timber Production","pine",1,"Shefa","North Tongoa"
2025,"Food Security","Timber Production","pine",1,"Shefa","Makimae"
2025,"Food Security","Timber Production","pine",1,"Shefa","Tongariki"
2025,"Food Security","Timber Production","pine",1,"Shefa","Nguna"
2025,"Food Security","Timber Production","pine",1,"Shefa","Emau"
2025,"Food Security","Timber Production","pine",1,"Shefa","Malorua"
2025,"Food Security","Timber Production","pine",1,"Shefa","North Efate"
2025,"Food Security","Timber Production","pine",1,"Shefa","Mele"
2025,"Food Security","Timber Production","pine",1,"Shefa","Tanvasoko"
2025,"Food Security","Timber Production","pine",1,"Shefa","Ifira"
2025,"Food Security","Timber Production","pine",1,"Shefa","Pango"
2025,"Food Security","Timber Production","pine",1,"Shefa","Erakor"
2025,"Food Security","Timber Production","pine",1,"Shefa","Eratap"
2025,"Food Security","Timber Production","pine",1,"Shefa","Eton"
2025,"Food Security","Timber Production","pine",1,"Tafea","North Erromango"
2025,"Food Security","Timber Production","pine",1,"Tafea","South Erromango"
2025,"Food Security","Timber Production","pine",1,"Tafea","Aniwa"
2025,"Food Security","Timber Production","pine",1,"Tafea","North Tanna"
2025,"Food Security","Timber Production","pine",1,"Tafea","West Tanna"
2025,"Food Security","Timber Production","pine",1,"Tafea","Middle Bush Tanna"
2025,"Food Security","Timber Production","pine",1,"Tafea","South West Tanna"
2025,"Food Security","Timber Production","pine",1,"Tafea","Whitesands"
2025,"Food Security","Timber Production","pine",1,"Tafea","South Tanna"
2025,"Food Security","Timber Production","pine",1,"Tafea","Futuna"
2025,"Food Security","Timber Production","pine",1,"Tafea","Aneityum"
2025,"Food Security","Timber Production","whitewood",1,"Torba","Torres"
2025,"Food Security","Timber Production","whitewood",1,"Torba","Ureparapara"
2025,"Food Security","Timber Production","whitewood",1,"Torba","Motalava"
2025,"Food Security","Timber Production","whitewood",1,"Torba","East Vanualava"
2025,"Food Security","Timber Production","whitewood",1,"Torba","West Vanualava"
2025,"Food Security","Timber Production","whitewood",1,"Torba","Mota"
2025,"Food Security","Timber Production","whitewood",1,"Torba","East Gaua"
2025,"Food Security","Timber Production","whitewood",1,"Torba","West Gaua"
2025,"Food Security","Timber Production","whitewood",1,"Torba","Merelava"
2025,"Food Security","Timber Production","whitewood",1,"Sanma","Luganville"
2025,"Food Security","Timber Production","whitewood",1,"Sanma","North West Santo"
2025,"Food Security","Timber Production","whitewood",1,"Sanma","Big Bay Coast"
2025,"Food Security","Timber Production","whitewood",1,"Sanma","Big Bay Inland"
2025,"Food Security","Timber Production","whitewood",1,"Sanma","West Santo"
2025,"Food Security","Timber Production","whitewood",1,"Sanma","South Santo 1"
2025,"Food Security","Timber Production","whitewood",1,"Sanma","South Santo 2"
2025,"Food Security","Timber Production","whitewood",1,"Sanma","East Santo"
2025,"Food Security","Timber Production","whitewood",1,"Sanma","South East Santo"
2025,"Food Security","Timber Production","whitewood",1,"Sanma","Canal Fanafo"
2025,"Food Security","Timber Production","whitewood",1,"Sanma","West Malo"
2025,"Food Security","Timber Production","whitewood",1,"Sanma","East Malo"
2025,"Food Security","Timber Production","whitewood",1,"Penama","West Ambae"
2025,"Food Security","Timber Production","whitewood",1,"Penama","North Ambae"
2025,"Food Security","Timber Production","whitewood",1,"Penama","East Ambae"
2025,"Food Security","Timber Production","whitewood",1,"Penama","South Ambae"
2025,"Food Security","Timber Production","whitewood",1,"Penama","North Maewo"
2025,"Food Security","Timber Production","whitewood",1,"Penama","South Maewo"
2025,"Food Security","Timber Production","whitewood",1,"Penama","North Pentecost"
2025,"Food Security","Timber Production","whitewood",1,"Penama","Central Pentecost 1"
2025,"Food Security","Timber Production","whitewood",1,"Penama","Central Pentecost 2"
2025,"Food Security","Timber Production","whitewood",1,"Penama","South Pentecost"
2025,"Food Security","Timber Production","whitewood",1,"Malampa","North West Malekula"
2025,"Food Security","Timber Production","whitewood",1,"Malampa","North East Malekula"
2025,"Food Security","Timber Production","whitewood",1,"Malampa","Central Malekula"
2025,"Food Security","Timber Production","whitewood",1,"Malampa","South West Malekula"
2025,"Food Security","Timber Production","whitewood",1,"Malampa","South East Malekula"
2025,"Food Security","Timber Production","whitewood",1,"Malampa","South Malekula"
2025,"Food Security","Timber Production","whitewood",1,"Malampa","North Ambrym"
2025,"Food Security","Timber Production","whitewood",1,"Malampa","West Ambrym"
2025,"Food Security","Timber Production","whitewood",1,"Malampa","South East Ambrym"
2025,"Food Security","Timber Production","whitewood",1,"Malampa","Paama"
2025,"Food Security","Timber Production","whitewood",1,"Shefa","Port Vila"
2025,"Food Security","Timber Production","whitewood",1,"Shefa","Vermali"
2025,"Food Security","Timber Production","whitewood",1,"Shefa","Vermaul"
2025,"Food Security","Timber Production","whitewood",1,"Shefa","Varisu"
2025,"Food Security","Timber Production","whitewood",1,"Shefa","South Epi"
2025,"Food Security","Timber Production","whitewood",1,"Shefa","North Tongoa"
2025,"Food Security","Timber Production","whitewood",1,"Shefa","Makimae"
2025,"Food Security","Timber Production","whitewood",1,"Shefa","Tongariki"
2025,"Food Security","Timber Production","whitewood",1,"Shefa","Nguna"
2025,"Food Security","Timber Production","whitewood",1,"Shefa","Emau"
2025,"Food Security","Timber Production","whitewood",1,"Shefa","Malorua"
2025,"Food Security","Timber Production","whitewood",1,"Shefa","North Efate"
2025,"Food Security","Timber Production","whitewood",1,"Shefa","Mele"
2025,"Food Security","Timber Production","whitewood",1,"Shefa","Tanvasoko"
2025,"Food Security","Timber Production","whitewood",1,"Shefa","Ifira"
2025,"Food Security","Timber Production","whitewood",1,"Shefa","Pango"
2025,"Food Security","Timber Production","whitewood",1,"Shefa","Erakor"
2025,"Food Security","Timber Production","whitewood",1,"Shefa","Eratap"
2025,"Food Security","Timber Production","whitewood",1,"Shefa","Eton"
2025,"Food Security","Timber Production","whitewood",1,"Tafea","North Erromango"
2025,"Food Security","Timber Production","whitewood",1,"Tafea","South Erromango"
2025,"Food Security","Timber Production","whitewood",1,"Tafea","Aniwa"
2025,"Food Security","Timber Production","whitewood",1,"Tafea","North Tanna"
2025,"Food Security","Timber Production","whitewood",1,"Tafea","West Tanna"
2025,"Food Security","Timber Production","whitewood",1,"Tafea","Middle Bush Tanna"
2025,"Food Security","Timber Production","whitewood",1,"Tafea","South West Tanna"
2025,"Food Security","Timber Production","whitewood",1,"Tafea","Whitesands"
2025,"Food Security","Timber Production","whitewood",1,"Tafea","South Tanna"
2025,"Food Security","Timber Production","whitewood",1,"Tafea","Futuna"
2025,"Food Security","Timber Production","whitewood",1,"Tafea","Aneityum"
2025,"Health","Health Facility","hospital",2.5e+08,"Torba","Torres"
2025,"Health","Health Facility","hospital",2.5e+08,"Torba","Ureparapara"
2025,"Health","Health Facility","hospital",2.5e+08,"Torba","Motalava"
2025,"Health","Health Facility","hospital",2.5e+08,"Torba","East Vanualava"
2025,"Health","Health Facility","hospital",2.5e+08,"Torba","West Vanualava"
2025,"Health","Health Facility","hospital",2.5e+08,"Torba","Mota"
2025,"Health","Health Facility","hospital",2.5e+08,"Torba","East Gaua"
2025,"Health","Health Facility","hospital",2.5e+08,"Torba","West Gaua"
2025,"Health","Health Facility","hospital",2.5e+08,"Torba","Merelava"
2025,"Health","Health Facility","hospital",2.5e+08,"Sanma","Luganville"
2025,"Health","Health Facility","hospital",2.5e+08,"Sanma","North West Santo"
2025,"Health","Health Facility","hospital",2.5e+08,"Sanma","Big Bay Coast"
2025,"Health","Health Facility","hospital",2.5e+08,"Sanma","Big Bay Inland"
2025,"Health","Health Facility","hospital",2.5e+08,"Sanma","West Santo"
2025,"Health","Health Facility","hospital",2.5e+08,"Sanma","South Santo 1"
2025,"Health","Health Facility","hospital",2.5e+08,"Sanma","South Santo 2"
2025,"Health","Health Facility","hospital",2.5e+08,"Sanma","East Santo"
2025,"Health","Health Facility","hospital",2.5e+08,"Sanma","South East Santo"
2025,"Health","Health Facility","hospital",2.5e+08,"Sanma","Canal Fanafo"
2025,"Health","Health Facility","hospital",2.5e+08,"Sanma","West Malo"
2025,"Health","Health Facility","hospital",2.5e+08,"Sanma","East Malo"
2025,"Health","Health Facility","hospital",2.5e+08,"Penama","West Ambae"
2025,"Health","Health Facility","hospital",2.5e+08,"Penama","North Ambae"
2025,"Health","Health Facility","hospital",2.5e+08,"Penama","East Ambae"
2025,"Health","Health Facility","hospital",2.5e+08,"Penama","South Ambae"
2025,"Health","Health Facility","hospital",2.5e+08,"Penama","North Maewo"
2025,"Health","Health Facility","hospital",2.5e+08,"Penama","South Maewo"
2025,"Health","Health Facility","hospital",2.5e+08,"Penama","North Pentecost"
2025,"Health","Health Facility","hospital",2.5e+08,"Penama","Central Pentecost 1"
2025,"Health","Health Facility","hospital",2.5e+08,"Penama","Central Pentecost 2"
2025,"Health","Health Facility","hospital",2.5e+08,"Penama","South Pentecost"
2025,"Health","Health Facility","hospital",2.5e+08,"Malampa","North West Malekula"
2025,"Health","Health Facility","hospital",2.5e+08,"Malampa","North East Malekula"
2025,"Health","Health Facility","hospital",2.5e+08,"Malampa","Central Malekula"
2025,"Health","Health Facility","hospital",2.5e+08,"Malampa","South West Malekula"
2025,"Health","Health Facility","hospital",2.5e+08,"Malampa","South East Malekula"
2025,"Health","Health Facility","hospital",2.5e+08,"Malampa","South Malekula"
2025,"Health","Health Facility","hospital",2.5e+08,"Malampa","North Ambrym"
2025,"Health","Health Facility","hospital",2.5e+08,"Malampa","West Ambrym"
2025,"Health","Health Facility","hospital",2.5e+08,"Malampa","South East Ambrym"
2025,"Health","Health Facility","hospital",2.5e+08,"Malampa","Paama"
2025,"Health","Health Facility","hospital",2.5e+08,"Shefa","Port Vila"
2025,"Health","Health Facility","hospital",2.5e+08,"Shefa","Vermali"
2025,"Health","Health Facility","hospital",2.5e+08,"Shefa","Vermaul"
2025,"Health","Health Facility","hospital",2.5e+08,"Shefa","Varisu"
2025,"Health","Health Facility","hospital",2.5e+08,"Shefa","South Epi"
2025,"Health","Health Facility","hospital",2.5e+08,"Shefa","North Tongoa"
2025,"Health","Health Facility","hospital",2.5e+08,"Shefa","Makimae"
2025,"Health","Health Facility","hospital",2.5e+08,"Shefa","Tongariki"
2025,"Health","Health Facility","hospital",2.5e+08,"Shefa","Nguna"
2025,"Health","Health Facility","hospital",2.5e+08,"Shefa","Emau"
2025,"Health","Health Facility","hospital",2.5e+08,"Shefa","Malorua"
2025,"Health","Health Facility","hospital",2.5e+08,"Shefa","North Efate"
2025,"Health","Health Facility","hospital",2.5e+08,"Shefa","Mele"
2025,"Health","Health Facility","hospital",2.5e+08,"Shefa","Tanvasoko"
2025,"Health","Health Facility","hospital",2.5e+08,"Shefa","Ifira"
2025,"Health","Health Facility","hospital",2.5e+08,"Shefa","Pango"
2025,"Health","Health Facility","hospital",2.5e+08,"Shefa","Erakor"
2025,"Health","Health Facility","hospital",2.5e+08,"Shefa","Eratap"
2025,"Health","Health Facility","hospital",2.5e+08,"Shefa","Eton"
2025,"Health","Health Facility","hospital",2.5e+08,"Tafea","North Erromango"
2025,"Health","Health Facility","hospital",2.5e+08,"Tafea","South Erromango"
2025,"Health","Health Facility","hospital",2.5e+08,"Tafea","Aniwa"
2025,"Health","Health Facility","hospital",2.5e+08,"Tafea","North Tanna"
2025,"Health","Health Facility","hospital",2.5e+08,"Tafea","West Tanna"
2025,"Health","Health Facility","hospital",2.5e+08,"Tafea","Middle Bush Tanna"
2025,"Health","Health Facility","hospital",2.5e+08,"Tafea","South West Tanna"
2025,"Health","Health Facility","hospital",2.5e+08,"Tafea","Whitesands"
2025,"Health","Health Facility","hospital",2.5e+08,"Tafea","South Tanna"
2025,"Health","Health Facility","hospital",2.5e+08,"Tafea","Futuna"
2025,"Health","Health Facility","hospital",2.5e+08,"Tafea","Aneityum"
2025,"Health","Health Facility","health centre",4e+07,"Torba","Torres"
2025,"Health","Health Facility","health centre",4e+07,"Torba","Ureparapara"
2025,"Health","Health Facility","health centre",4e+07,"Torba","Motalava"
2025,"Health","Health Facility","health centre",4e+07,"Torba","East Vanualava"
2025,"Health","Health Facility","health centre",4e+07,"Torba","West Vanualava"
2025,"Health","Health Facility","health centre",4e+07,"Torba","Mota"
2025,"Health","Health Facility","health centre",4e+07,"Torba","East Gaua"
2025,"Health","Health Facility","health centre",4e+07,"Torba","West Gaua"
2025,"Health","Health Facility","health centre",4e+07,"Torba","Merelava"
2025,"Health","Health Facility","health centre",4e+07,"Sanma","Luganville"
2025,"Health","Health Facility","health centre",4e+07,"Sanma","North West Santo"
2025,"Health","Health Facility","health centre",4e+07,"Sanma","Big Bay Coast"
2025,"Health","Health Facility","health centre",4e+07,"Sanma","Big Bay Inland"
2025,"Health","Health Facility","health centre",4e+07,"Sanma","West Santo"
2025,"Health","Health Facility","health centre",4e+07,"Sanma","South Santo 1"
2025,"Health","Health Facility","health centre",4e+07,"Sanma","South Santo 2"
2025,"Health","Health Facility","health centre",4e+07,"Sanma","East Santo"
2025,"Health","Health Facility","health centre",4e+07,"Sanma","South East Santo"
2025,"Health","Health Facility","health centre",4e+07,"Sanma","Canal Fanafo"
2025,"Health","Health Facility","health centre",4e+07,"Sanma","West Malo"
2025,"Health","Health Facility","health centre",4e+07,"Sanma","East Malo"
2025,"Health","Health Facility","health centre",4e+07,"Penama","West Ambae"
2025,"Health","Health Facility","health centre",4e+07,"Penama","North Ambae"
2025,"Health","Health Facility","health centre",4e+07,"Penama","East Ambae"
2025,"Health","Health Facility","health centre",4e+07,"Penama","South Ambae"
2025,"Health","Health Facility","health centre",4e+07,"Penama","North Maewo"
2025,"Health","Health Facility","health centre",4e+07,"Penama","South Maewo"
2025,"Health","Health Facility","health centre",4e+07,"Penama","North Pentecost"
2025,"Health","Health Facility","health centre",4e+07,"Penama","Central Pentecost 1"
2025,"Health","Health Facility","health centre",4e+07,"Penama","Central Pentecost 2"
2025,"Health","Health Facility","health centre",4e+07,"Penama","South Pentecost"
2025,"Health","Health Facility","health centre",4e+07,"Malampa","North West Malekula"
2025,"Health","Health Facility","health centre",4e+07,"Malampa","North East Malekula"
2025,"Health","Health Facility","health centre",4e+07,"Malampa","Central Malekula"
2025,"Health","Health Facility","health centre",4e+07,"Malampa","South West Malekula"
2025,"Health","Health Facility","health centre",4e+07,"Malampa","South East Malekula"
2025,"Health","Health Facility","health centre",4e+07,"Malampa","South Malekula"
2025,"Health","Health Facility","health centre",4e+07,"Malampa","North Ambrym"
2025,"Health","Health Facility","health centre",4e+07,"Malampa","West Ambrym"
2025,"Health","Health Facility","health centre",4e+07,"Malampa","South East Ambrym"
2025,"Health","Health Facility","health centre",4e+07,"Malampa","Paama"
2025,"Health","Health Facility","health centre",4e+07,"Shefa","Port Vila"
2025,"Health","Health Facility","health centre",4e+07,"Shefa","Vermali"
2025,"Health","Health Facility","health centre",4e+07,"Shefa","Vermaul"
2025,"Health","Health Facility","health centre",4e+07,"Shefa","Varisu"
2025,"Health","Health Facility","health centre",4e+07,"Shefa","South Epi"
2025,"Health","Health Facility","health centre",4e+07,"Shefa","North Tongoa"
2025,"Health","Health Facility","health centre",4e+07,"Shefa","Makimae"
2025,"Health","Health Facility","health centre",4e+07,"Shefa","Tongariki"
2025,"Health","Health Facility","health centre",4e+07,"Shefa","Nguna"
2025,"Health","Health Facility","health centre",4e+07,"Shefa","Emau"
2025,"Health","Health Facility","health centre",4e+07,"Shefa","Malorua"
2025,"Health","Health Facility","health centre",4e+07,"Shefa","North Efate"
2025,"Health","Health Facility","health centre",4e+07,"Shefa","Mele"
2025,"Health","Health Facility","health centre",4e+07,"Shefa","Tanvasoko"
2025,"Health","Health Facility","health centre",4e+07,"Shefa","Ifira"
2025,"Health","Health Facility","health centre",4e+07,"Shefa","Pango"
2025,"Health","Health Facility","health centre",4e+07,"Shefa","Erakor"
2025,"Health","Health Facility","health centre",4e+07,"Shefa","Eratap"
2025,"Health","Health Facility","health centre",4e+07,"Shefa","Eton"
2025,"Health","Health Facility","health centre",4e+07,"Tafea","North Erromango"
2025,"Health","Health Facility","health centre",4e+07,"Tafea","South Erromango"
2025,"Health","Health Facility","health centre",4e+07,"Tafea","Aniwa"
2025,"Health","Health Facility","health centre",4e+07,"Tafea","North Tanna"
2025,"Health","Health Facility","health centre",4e+07,"Tafea","West Tanna"
2025,"Health","Health Facility","health centre",4e+07,"Tafea","Middle Bush Tanna"
2025,"Health","Health Facility","health centre",4e+07,"Tafea","South West Tanna"
2025,"Health","Health Facility","health centre",4e+07,"Tafea","Whitesands"
2025,"Health","Health Facility","health centre",4e+07,"Tafea","South Tanna"
2025,"Health","Health Facility","health centre",4e+07,"Tafea","Futuna"
2025,"Health","Health Facility","health centre",4e+07,"Tafea","Aneityum"
2025,"Health","Health Facility","dispensary",8e+06,"Torba","Torres"
2025,"Health","Health Facility","dispensary",8e+06,"Torba","Ureparapara"
2025,"Health","Health Facility","dispensary",8e+06,"Torba","Motalava"
2025,"Health","Health Facility","dispensary",8e+06,"Torba","East Vanualava"
2025,"Health","Health Facility","dispensary",8e+06,"Torba","West Vanualava"
2025,"Health","Health Facility","dispensary",8e+06,"Torba","Mota"
2025,"Health","Health Facility","dispensary",8e+06,"Torba","East Gaua"
2025,"Health","Health Facility","dispensary",8e+06,"Torba","West Gaua"
2025,"Health","Health Facility","dispensary",8e+06,"Torba","Merelava"
2025,"Health","Health Facility","dispensary",8e+06,"Sanma","Luganville"
2025,"Health","Health Facility","dispensary",8e+06,"Sanma","North West Santo"
2025,"Health","Health Facility","dispensary",8e+06,"Sanma","Big Bay Coast"
2025,"Health","Health Facility","dispensary",8e+06,"Sanma","Big Bay Inland"
2025,"Health","Health Facility","dispensary",8e+06,"Sanma","West Santo"
2025,"Health","Health Facility","dispensary",8e+06,"Sanma","South Santo 1"
2025,"Health","Health Facility","dispensary",8e+06,"Sanma","South Santo 2"
2025,"Health","Health Facility","dispensary",8e+06,"Sanma","East Santo"
2025,"Health","Health Facility","dispensary",8e+06,"Sanma","South East Santo"
2025,"Health","Health Facility","dispensary",8e+06,"Sanma","Canal Fanafo"
2025,"Health","Health Facility","dispensary",8e+06,"Sanma","West Malo"
2025,"Health","Health Facility","dispensary",8e+06,"Sanma","East Malo"
2025,"Health","Health Facility","dispensary",8e+06,"Penama","West Ambae"
2025,"Health","Health Facility","dispensary",8e+06,"Penama","North Ambae"
2025,"Health","Health Facility","dispensary",8e+06,"Penama","East Ambae"
2025,"Health","Health Facility","dispensary",8e+06,"Penama","South Ambae"
2025,"Health","Health Facility","dispensary",8e+06,"Penama","North Maewo"
2025,"Health","Health Facility","dispensary",8e+06,"Penama","South Maewo"
2025,"Health","Health Facility","dispensary",8e+06,"Penama","North Pentecost"
2025,"Health","Health Facility","dispensary",8e+06,"Penama","Central Pentecost 1"
2025,"Health","Health Facility","dispensary",8e+06,"Penama","Central Pentecost 2"
2025,"Health","Health Facility","dispensary",8e+06,"Penama","South Pentecost"
2025,"Health","Health Facility","dispensary",8e+06,"Malampa","North West Malekula"
2025,"Health","Health Facility","dispensary",8e+06,"Malampa","North East Malekula"
2025,"Health","Health Facility","dispensary",8e+06,"Malampa","Central Malekula"
2025,"Health","Health Facility","dispensary",8e+06,"Malampa","South West Malekula"
2025,"Health","Health Facility","dispensary",8e+06,"Malampa","South East Malekula"
2025,"Health","Health Facility","dispensary",8e+06,"Malampa","South Malekula"
2025,"Health","Health Facility","dispensary",8e+06,"Malampa","North Ambrym"
2025,"Health","Health Facility","dispensary",8e+06,"Malampa","West Ambrym"
2025,"Health","Health Facility","dispensary",8e+06,"Malampa","South East Ambrym"
2025,"Health","Health Facility","dispensary",8e+06,"Malampa","Paama"
2025,"Health","Health Facility","dispensary",8e+06,"Shefa","Port Vila"
2025,"Health","Health Facility","dispensary",8e+06,"Shefa","Vermali"
2025,"Health","Health Facility","dispensary",8e+06,"Shefa","Vermaul"
2025,"Health","Health Facility","dispensary",8e+06,"Shefa","Varisu"
2025,"Health","Health Facility","dispensary",8e+06,"Shefa","South Epi"
2025,"Health","Health Facility","dispensary",8e+06,"Shefa","North Tongoa"
2025,"Health","Health Facility","dispensary",8e+06,"Shefa","Makimae"
2025,"Health","Health Facility","dispensary",8e+06,"Shefa","Tongariki"
2025,"Health","Health Facility","dispensary",8e+06,"Shefa","Nguna"
2025,"Health","Health Facility","dispensary",8e+06,"Shefa","Emau"
2025,"Health","Health Facility","dispensary",8e+06,"Shefa","Malorua"
2025,"Health","Health Facility","dispensary",8e+06,"Shefa","North Efate"
2025,"Health","Health Facility","dispensary",8e+06,"Shefa","Mele"
2025,"Health","Health Facility","dispensary",8e+06,"Shefa","Tanvasoko"
2025,"Health","Health Facility","dispensary",8e+06,"Shefa","Ifira"
2025,"Health","Health Facility","dispensary",8e+06,"Shefa","Pango"
2025,"Health","Health Facility","dispensary",8e+06,"Shefa","Erakor"
2025,"Health","Health Facility","dispensary",8e+06,"Shefa","Eratap"
2025,"Health","Health Facility","dispensary",8e+06,"Shefa","Eton"
2025,"Health","Health Facility","dispensary",8e+06,"Tafea","North Erromango"
2025,"Health","Health Facility","dispensary",8e+06,"Tafea","South Erromango"
2025,"Health","Health Facility","dispensary",8e+06,"Tafea","Aniwa"
2025,"Health","Health Facility","dispensary",8e+06,"Tafea","North Tanna"
2025,"Health","Health Facility","dispensary",8e+06,"Tafea","West Tanna"
2025,"Health","Health Facility","dispensary",8e+06,"Tafea","Middle Bush Tanna"
2025,"Health","Health Facility","dispensary",8e+06,"Tafea","South West Tanna"
2025,"Health","Health Facility","dispensary",8e+06,"Tafea","Whitesands"
2025,"Health","Health Facility","dispensary",8e+06,"Tafea","South Tanna"
2025,"Health","Health Facility","dispensary",8e+06,"Tafea","Futuna"
2025,"Health","Health Facility","dispensary",8e+06,"Tafea","Aneityum"
2025,"Health","Health Facility","aidpost",2500000,"Torba","Torres"
2025,"Health","Health Facility","aidpost",2500000,"Torba","Ureparapara"
2025,"Health","Health Facility","aidpost",2500000,"Torba","Motalava"
2025,"Health","Health Facility","aidpost",2500000,"Torba","East Vanualava"
2025,"Health","Health Facility","aidpost",2500000,"Torba","West Vanualava"
2025,"Health","Health Facility","aidpost",2500000,"Torba","Mota"
2025,"Health","Health Facility","aidpost",2500000,"Torba","East Gaua"
2025,"Health","Health Facility","aidpost",2500000,"Torba","West Gaua"
2025,"Health","Health Facility","aidpost",2500000,"Torba","Merelava"
2025,"Health","Health Facility","aidpost",2500000,"Sanma","Luganville"
2025,"Health","Health Facility","aidpost",2500000,"Sanma","North West Santo"
2025,"Health","Health Facility","aidpost",2500000,"Sanma","Big Bay Coast"
2025,"Health","Health Facility","aidpost",2500000,"Sanma","Big Bay Inland"
2025,"Health","Health Facility","aidpost",2500000,"Sanma","West Santo"
2025,"Health","Health Facility","aidpost",2500000,"Sanma","South Santo 1"
2025,"Health","Health Facility","aidpost",2500000,"Sanma","South Santo 2"
2025,"Health","Health Facility","aidpost",2500000,"Sanma","East Santo"
2025,"Health","Health Facility","aidpost",2500000,"Sanma","South East Santo"
2025,"Health","Health Facility","aidpost",2500000,"Sanma","Canal Fanafo"
2025,"Health","Health Facility","aidpost",2500000,"Sanma","West Malo"
2025,"Health","Health Facility","aidpost",2500000,"Sanma","East Malo"
2025,"Health","Health Facility","aidpost",2500000,"Penama","West Ambae"
2025,"Health","Health Facility","aidpost",2500000,"Penama","North Ambae"
2025,"Health","Health Facility","aidpost",2500000,"Penama","East Ambae"
2025,"Health","Health Facility","aidpost",2500000,"Penama","South Ambae"
2025,"Health","Health Facility","aidpost",2500000,"Penama","North Maewo"
2025,"Health","Health Facility","aidpost",2500000,"Penama","South Maewo"
2025,"Health","Health Facility","aidpost",2500000,"Penama","North Pentecost"
2025,"Health","Health Facility","aidpost",2500000,"Penama","Central Pentecost 1"
2025,"Health","Health Facility","aidpost",2500000,"Penama","Central Pentecost 2"
2025,"Health","Health Facility","aidpost",2500000,"Penama","South Pentecost"
2025,"Health","Health Facility","aidpost",2500000,"Malampa","North West Malekula"
2025,"Health","Health Facility","aidpost",2500000,"Malampa","North East Malekula"
2025,"Health","Health Facility","aidpost",2500000,"Malampa","Central Malekula"
2025,"Health","Health Facility","aidpost",2500000,"Malampa","South West Malekula"
2025,"Health","Health Facility","aidpost",2500000,"Malampa","South East Malekula"
2025,"Health","Health Facility","aidpost",2500000,"Malampa","South Malekula"
2025,"Health","Health Facility","aidpost",2500000,"Malampa","North Ambrym"
2025,"Health","Health Facility","aidpost",2500000,"Malampa","West Ambrym"
2025,"Health","Health Facility","aidpost",2500000,"Malampa","South East Ambrym"
2025,"Health","Health Facility","aidpost",2500000,"Malampa","Paama"
2025,"Health","Health Facility","aidpost",2500000,"Shefa","Port Vila"
2025,"Health","Health Facility","aidpost",2500000,"Shefa","Vermali"
2025,"Health","Health Facility","aidpost",2500000,"Shefa","Vermaul"
2025,"Health","Health Facility","aidpost",2500000,"Shefa","Varisu"
2025,"Health","Health Facility","aidpost",2500000,"Shefa","South Epi"
2025,"Health","Health Facility","aidpost",2500000,"Shefa","North Tongoa"
2025,"Health","Health Facility","aidpost",2500000,"Shefa","Makimae"
2025,"Health","Health Facility","aidpost",2500000,"Shefa","Tongariki"
2025,"Health","Health Facility","aidpost",2500000,"Shefa","Nguna"
2025,"Health","Health Facility","aidpost",2500000,"Shefa","Emau"
2025,"Health","Health Facility","aidpost",2500000,"Shefa","Malorua"
2025,"Health","Health Facility","aidpost",2500000,"Shefa","North Efate"
2025,"Health","Health Facility","aidpost",2500000,"Shefa","Mele"
2025,"Health","Health Facility","aidpost",2500000,"Shefa","Tanvasoko"
2025,"Health","Health Facility","aidpost",2500000,"Shefa","Ifira"
2025,"Health","Health Facility","aidpost",2500000,"Shefa","Pango"
2025,"Health","Health Facility","aidpost",2500000,"Shefa","Erakor"
2025,"Health","Health Facility","aidpost",2500000,"Shefa","Eratap"
2025,"Health","Health Facility","aidpost",2500000,"Shefa","Eton"
2025,"Health","Health Facility","aidpost",2500000,"Tafea","North Erromango"
2025,"Health","Health Facility","aidpost",2500000,"Tafea","South Erromango"
2025,"Health","Health Facility","aidpost",2500000,"Tafea","Aniwa"
2025,"Health","Health Facility","aidpost",2500000,"Tafea","North Tanna"
2025,"Health","Health Facility","aidpost",2500000,"Tafea","West Tanna"
2025,"Health","Health Facility","aidpost",2500000,"Tafea","Middle Bush Tanna"
2025,"Health","Health Facility","aidpost",2500000,"Tafea","South West Tanna"
2025,"Health","Health Facility","aidpost",2500000,"Tafea","Whitesands"
2025,"Health","Health Facility","aidpost",2500000,"Tafea","South Tanna"
2025,"Health","Health Facility","aidpost",2500000,"Tafea","Futuna"
2025,"Health","Health Facility","aidpost",2500000,"Tafea","Aneityum"
2025,"Logistics","Infrastructure","airport",6e+07,"Torba","Torres"
2025,"Logistics","Infrastructure","airport",6e+07,"Torba","Ureparapara"
2025,"Logistics","Infrastructure","airport",6e+07,"Torba","Motalava"
2025,"Logistics","Infrastructure","airport",6e+07,"Torba","East Vanualava"
2025,"Logistics","Infrastructure","airport",6e+07,"Torba","West Vanualava"
2025,"Logistics","Infrastructure","airport",6e+07,"Torba","Mota"
2025,"Logistics","Infrastructure","airport",6e+07,"Torba","East Gaua"
2025,"Logistics","Infrastructure","airport",6e+07,"Torba","West Gaua"
2025,"Logistics","Infrastructure","airport",6e+07,"Torba","Merelava"
2025,"Logistics","Infrastructure","airport",6e+07,"Sanma","Luganville"
2025,"Logistics","Infrastructure","airport",6e+07,"Sanma","North West Santo"
2025,"Logistics","Infrastructure","airport",6e+07,"Sanma","Big Bay Coast"
2025,"Logistics","Infrastructure","airport",6e+07,"Sanma","Big Bay Inland"
2025,"Logistics","Infrastructure","airport",6e+07,"Sanma","West Santo"
2025,"Logistics","Infrastructure","airport",6e+07,"Sanma","South Santo 1"
2025,"Logistics","Infrastructure","airport",6e+07,"Sanma","South Santo 2"
2025,"Logistics","Infrastructure","airport",6e+07,"Sanma","East Santo"
2025,"Logistics","Infrastructure","airport",6e+07,"Sanma","South East Santo"
2025,"Logistics","Infrastructure","airport",6e+07,"Sanma","Canal Fanafo"
2025,"Logistics","Infrastructure","airport",6e+07,"Sanma","West Malo"
2025,"Logistics","Infrastructure","airport",6e+07,"Sanma","East Malo"
2025,"Logistics","Infrastructure","airport",6e+07,"Penama","West Ambae"
2025,"Logistics","Infrastructure","airport",6e+07,"Penama","North Ambae"
2025,"Logistics","Infrastructure","airport",6e+07,"Penama","East Ambae"
2025,"Logistics","Infrastructure","airport",6e+07,"Penama","South Ambae"
2025,"Logistics","Infrastructure","airport",6e+07,"Penama","North Maewo"
2025,"Logistics","Infrastructure","airport",6e+07,"Penama","South Maewo"
2025,"Logistics","Infrastructure","airport",6e+07,"Penama","North Pentecost"
2025,"Logistics","Infrastructure","airport",6e+07,"Penama","Central Pentecost 1"
2025,"Logistics","Infrastructure","airport",6e+07,"Penama","Central Pentecost 2"
2025,"Logistics","Infrastructure","airport",6e+07,"Penama","South Pentecost"
2025,"Logistics","Infrastructure","airport",6e+07,"Malampa","North West Malekula"
2025,"Logistics","Infrastructure","airport",6e+07,"Malampa","North East Malekula"
2025,"Logistics","Infrastructure","airport",6e+07,"Malampa","Central Malekula"
2025,"Logistics","Infrastructure","airport",6e+07,"Malampa","South West Malekula"
2025,"Logistics","Infrastructure","airport",6e+07,"Malampa","South East Malekula"
2025,"Logistics","Infrastructure","airport",6e+07,"Malampa","South Malekula"
2025,"Logistics","Infrastructure","airport",6e+07,"Malampa","North Ambrym"
2025,"Logistics","Infrastructure","airport",6e+07,"Malampa","West Ambrym"
2025,"Logistics","Infrastructure","airport",6e+07,"Malampa","South East Ambrym"
2025,"Logistics","Infrastructure","airport",6e+07,"Malampa","Paama"
2025,"Logistics","Infrastructure","airport",6e+07,"Shefa","Port Vila"
2025,"Logistics","Infrastructure","airport",6e+07,"Shefa","Vermali"
2025,"Logistics","Infrastructure","airport",6e+07,"Shefa","Vermaul"
2025,"Logistics","Infrastructure","airport",6e+07,"Shefa","Varisu"
2025,"Logistics","Infrastructure","airport",6e+07,"Shefa","South Epi"
2025,"Logistics","Infrastructure","airport",6e+07,"Shefa","North Tongoa"
2025,"Logistics","Infrastructure","airport",6e+07,"Shefa","Makimae"
2025,"Logistics","Infrastructure","airport",6e+07,"Shefa","Tongariki"
2025,"Logistics","Infrastructure","airport",6e+07,"Shefa","Nguna"
2025,"Logistics","Infrastructure","airport",6e+07,"Shefa","Emau"
2025,"Logistics","Infrastructure","airport",6e+07,"Shefa","Malorua"
2025,"Logistics","Infrastructure","airport",6e+07,"Shefa","North Efate"
2025,"Logistics","Infrastructure","airport",6e+07,"Shefa","Mele"
2025,"Logistics","Infrastructure","airport",6e+07,"Shefa","Tanvasoko"
2025,"Logistics","Infrastructure","airport",6e+07,"Shefa","Ifira"
2025,"Logistics","Infrastructure","airport",6e+07,"Shefa","Pango"
2025,"Logistics","Infrastructure","airport",6e+07,"Shefa","Erakor"
2025,"Logistics","Infrastructure","airport",6e+07,"Shefa","Eratap"
2025,"Logistics","Infrastructure","airport",6e+07,"Shefa","Eton"
2025,"Logistics","Infrastructure","airport",6e+07,"Tafea","North Erromango"
2025,"Logistics","Infrastructure","airport",6e+07,"Tafea","South Erromango"
2025,"Logistics","Infrastructure","airport",6e+07,"Tafea","Aniwa"
2025,"Logistics","Infrastructure","airport",6e+07,"Tafea","North Tanna"
2025,"Logistics","Infrastructure","airport",6e+07,"Tafea","West Tanna"
2025,"Logistics","Infrastructure","airport",6e+07,"Tafea","Middle Bush Tanna"
2025,"Logistics","Infrastructure","airport",6e+07,"Tafea","South West Tanna"
2025,"Logistics","Infrastructure","airport",6e+07,"Tafea","Whitesands"
2025,"Logistics","Infrastructure","airport",6e+07,"Tafea","South Tanna"
2025,"Logistics","Infrastructure","airport",6e+07,"Tafea","Futuna"
2025,"Logistics","Infrastructure","airport",6e+07,"Tafea","Aneityum"
2025,"Logistics","Infrastructure","fire hydrants",350000,"Torba","Torres"
2025,"Logistics","Infrastructure","fire hydrants",350000,"Torba","Ureparapara"
2025,"Logistics","Infrastructure","fire hydrants",350000,"Torba","Motalava"
2025,"Logistics","Infrastructure","fire hydrants",350000,"Torba","East Vanualava"
2025,"Logistics","Infrastructure","fire hydrants",350000,"Torba","West Vanualava"
2025,"Logistics","Infrastructure","fire hydrants",350000,"Torba","Mota"
2025,"Logistics","Infrastructure","fire hydrants",350000,"Torba","East Gaua"
2025,"Logistics","Infrastructure","fire hydrants",350000,"Torba","West Gaua"
2025,"Logistics","Infrastructure","fire hydrants",350000,"Torba","Merelava"
2025,"Logistics","Infrastructure","fire hydrants",350000,"Sanma","Luganville"
2025,"Logistics","Infrastructure","fire hydrants",350000,"Sanma","North West Santo"
2025,"Logistics","Infrastructure","fire hydrants",350000,"Sanma","Big Bay Coast"
2025,"Logistics","Infrastructure","fire hydrants",350000,"Sanma","Big Bay Inland"
2025,"Logistics","Infrastructure","fire hydrants",350000,"Sanma","West Santo"
2025,"Logistics","Infrastructure","fire hydrants",350000,"Sanma","South Santo 1"
2025,"Logistics","Infrastructure","fire hydrants",350000,"Sanma","South Santo 2"
2025,"Logistics","Infrastructure","fire hydrants",350000,"Sanma","East Santo"
2025,"Logistics","Infrastructure","fire hydrants",350000,"Sanma","South East Santo"
2025,"Logistics","Infrastructure","fire hydrants",350000,"Sanma","Canal Fanafo"
2025,"Logistics","Infrastructure","fire hydrants",350000,"Sanma","West Malo"
2025,"Logistics","Infrastructure","fire hydrants",350000,"Sanma","East Malo"
2025,"Logistics","Infrastructure","fire hydrants",350000,"Penama","West Ambae"
2025,"Logistics","Infrastructure","fire hydrants",350000,"Penama","North Ambae"
2025,"Logistics","Infrastructure","fire hydrants",350000,"Penama","East Ambae"
2025,"Logistics","Infrastructure","fire hydrants",350000,"Penama","South Ambae"
2025,"Logistics","Infrastructure","fire hydrants",350000,"Penama","North Maewo"
2025,"Logistics","Infrastructure","fire hydrants",350000,"Penama","South Maewo"
2025,"Logistics","Infrastructure","fire hydrants",350000,"Penama","North Pentecost"
2025,"Logistics","Infrastructure","fire hydrants",350000,"Penama","Central Pentecost 1"
2025,"Logistics","Infrastructure","fire hydrants",350000,"Penama","Central Pentecost 2"
2025,"Logistics","Infrastructure","fire hydrants",350000,"Penama","South Pentecost"
2025,"Logistics","Infrastructure","fire hydrants",350000,"Malampa","North West Malekula"
2025,"Logistics","Infrastructure","fire hydrants",350000,"Malampa","North East Malekula"
2025,"Logistics","Infrastructure","fire hydrants",350000,"Malampa","Central Malekula"
2025,"Logistics","Infrastructure","fire hydrants",350000,"Malampa","South West Malekula"
2025,"Logistics","Infrastructure","fire hydrants",350000,"Malampa","South East Malekula"
2025,"Logistics","Infrastructure","fire hydrants",350000,"Malampa","South Malekula"
2025,"Logistics","Infrastructure","fire hydrants",350000,"Malampa","North Ambrym"
2025,"Logistics","Infrastructure","fire hydrants",350000,"Malampa","West Ambrym"
2025,"Logistics","Infrastructure","fire hydrants",350000,"Malampa","South East Ambrym"
2025,"Logistics","Infrastructure","fire hydrants",350000,"Malampa","Paama"
2025,"Logistics","Infrastructure","fire hydrants",350000,"Shefa","Port Vila"
2025,"Logistics","Infrastructure","fire hydrants",350000,"Shefa","Vermali"
2025,"Logistics","Infrastructure","fire hydrants",350000,"Shefa","Vermaul"
2025,"Logistics","Infrastructure","fire hydrants",350000,"Shefa","Varisu"
2025,"Logistics","Infrastructure","fire hydrants",350000,"Shefa","South Epi"
2025,"Logistics","Infrastructure","fire hydrants",350000,"Shefa","North Tongoa"
2025,"Logistics","Infrastructure","fire hydrants",350000,"Shefa","Makimae"
2025,"Logistics","Infrastructure","fire hydrants",350000,"Shefa","Tongariki"
2025,"Logistics","Infrastructure","fire hydrants",350000,"Shefa","Nguna"
2025,"Logistics","Infrastructure","fire hydrants",350000,"Shefa","Emau"
2025,"Logistics","Infrastructure","fire hydrants",350000,"Shefa","Malorua"
2025,"Logistics","Infrastructure","fire hydrants",350000,"Shefa","North Efate"
2025,"Logistics","Infrastructure","fire hydrants",350000,"Shefa","Mele"
2025,"Logistics","Infrastructure","fire hydrants",350000,"Shefa","Tanvasoko"
2025,"Logistics","Infrastructure","fire hydrants",350000,"Shefa","Ifira"
2025,"Logistics","Infrastructure","fire hydrants",350000,"Shefa","Pango"
2025,"Logistics","Infrastructure","fire hydrants",350000,"Shefa","Erakor"
2025,"Logistics","Infrastructure","fire hydrants",350000,"Shefa","Eratap"
2025,"Logistics","Infrastructure","fire hydrants",350000,"Shefa","Eton"
2025,"Logistics","Infrastructure","fire hydrants",350000,"Tafea","North Erromango"
2025,"Logistics","Infrastructure","fire hydrants",350000,"Tafea","South Erromango"
2025,"Logistics","Infrastructure","fire hydrants",350000,"Tafea","Aniwa"
2025,"Logistics","Infrastructure","fire hydrants",350000,"Tafea","North Tanna"
2025,"Logistics","Infrastructure","fire hydrants",350000,"Tafea","West Tanna"
2025,"Logistics","Infrastructure","fire hydrants",350000,"Tafea","Middle Bush Tanna"
2025,"Logistics","Infrastructure","fire hydrants",350000,"Tafea","South West Tanna"
2025,"Logistics","Infrastructure","fire hydrants",350000,"Tafea","Whitesands"
2025,"Logistics","Infrastructure","fire hydrants",350000,"Tafea","South Tanna"
2025,"Logistics","Infrastructure","fire hydrants",350000,"Tafea","Futuna"
2025,"Logistics","Infrastructure","fire hydrants",350000,"Tafea","Aneityum"
2025,"Logistics","Infrastructure","main water valves",250000,"Torba","Torres"
2025,"Logistics","Infrastructure","main water valves",250000,"Torba","Ureparapara"
2025,"Logistics","Infrastructure","main water valves",250000,"Torba","Motalava"
2025,"Logistics","Infrastructure","main water valves",250000,"Torba","East Vanualava"
2025,"Logistics","Infrastructure","main water valves",250000,"Torba","West Vanualava"
2025,"Logistics","Infrastructure","main water valves",250000,"Torba","Mota"
2025,"Logistics","Infrastructure","main water valves",250000,"Torba","East Gaua"
2025,"Logistics","Infrastructure","main water valves",250000,"Torba","West Gaua"
2025,"Logistics","Infrastructure","main water valves",250000,"Torba","Merelava"
2025,"Logistics","Infrastructure","main water valves",250000,"Sanma","Luganville"
2025,"Logistics","Infrastructure","main water valves",250000,"Sanma","North West Santo"
2025,"Logistics","Infrastructure","main water valves",250000,"Sanma","Big Bay Coast"
2025,"Logistics","Infrastructure","main water valves",250000,"Sanma","Big Bay Inland"
2025,"Logistics","Infrastructure","main water valves",250000,"Sanma","West Santo"
2025,"Logistics","Infrastructure","main water valves",250000,"Sanma","South Santo 1"
2025,"Logistics","Infrastructure","main water valves",250000,"Sanma","South Santo 2"
2025,"Logistics","Infrastructure","main water valves",250000,"Sanma","East Santo"
2025,"Logistics","Infrastructure","main water valves",250000,"Sanma","South East Santo"
2025,"Logistics","Infrastructure","main water valves",250000,"Sanma","Canal Fanafo"
2025,"Logistics","Infrastructure","main water valves",250000,"Sanma","West Malo"
2025,"Logistics","Infrastructure","main water valves",250000,"Sanma","East Malo"
2025,"Logistics","Infrastructure","main water valves",250000,"Penama","West Ambae"
2025,"Logistics","Infrastructure","main water valves",250000,"Penama","North Ambae"
2025,"Logistics","Infrastructure","main water valves",250000,"Penama","East Ambae"
2025,"Logistics","Infrastructure","main water valves",250000,"Penama","South Ambae"
2025,"Logistics","Infrastructure","main water valves",250000,"Penama","North Maewo"
2025,"Logistics","Infrastructure","main water valves",250000,"Penama","South Maewo"
2025,"Logistics","Infrastructure","main water valves",250000,"Penama","North Pentecost"
2025,"Logistics","Infrastructure","main water valves",250000,"Penama","Central Pentecost 1"
2025,"Logistics","Infrastructure","main water valves",250000,"Penama","Central Pentecost 2"
2025,"Logistics","Infrastructure","main water valves",250000,"Penama","South Pentecost"
2025,"Logistics","Infrastructure","main water valves",250000,"Malampa","North West Malekula"
2025,"Logistics","Infrastructure","main water valves",250000,"Malampa","North East Malekula"
2025,"Logistics","Infrastructure","main water valves",250000,"Malampa","Central Malekula"
2025,"Logistics","Infrastructure","main water valves",250000,"Malampa","South West Malekula"
2025,"Logistics","Infrastructure","main water valves",250000,"Malampa","South East Malekula"
2025,"Logistics","Infrastructure","main water valves",250000,"Malampa","South Malekula"
2025,"Logistics","Infrastructure","main water valves",250000,"Malampa","North Ambrym"
2025,"Logistics","Infrastructure","main water valves",250000,"Malampa","West Ambrym"
2025,"Logistics","Infrastructure","main water valves",250000,"Malampa","South East Ambrym"
2025,"Logistics","Infrastructure","main water valves",250000,"Malampa","Paama"
2025,"Logistics","Infrastructure","main water valves",250000,"Shefa","Port Vila"
2025,"Logistics","Infrastructure","main water valves",250000,"Shefa","Vermali"
2025,"Logistics","Infrastructure","main water valves",250000,"Shefa","Vermaul"
2025,"Logistics","Infrastructure","main water valves",250000,"Shefa","Varisu"
2025,"Logistics","Infrastructure","main water valves",250000,"Shefa","South Epi"
2025,"Logistics","Infrastructure","main water valves",250000,"Shefa","North Tongoa"
2025,"Logistics","Infrastructure","main water valves",250000,"Shefa","Makimae"
2025,"Logistics","Infrastructure","main water valves",250000,"Shefa","Tongariki"
2025,"Logistics","Infrastructure","main water valves",250000,"Shefa","Nguna"
2025,"Logistics","Infrastructure","main water valves",250000,"Shefa","Emau"
2025,"Logistics","Infrastructure","main water valves",250000,"Shefa","Malorua"
2025,"Logistics","Infrastructure","main water valves",250000,"Shefa","North Efate"
2025,"Logistics","Infrastructure","main water valves",250000,"Shefa","Mele"
2025,"Logistics","Infrastructure","main water valves",250000,"Shefa","Tanvasoko"
2025,"Logistics","Infrastructure","main water valves",250000,"Shefa","Ifira"
2025,"Logistics","Infrastructure","main water valves",250000,"Shefa","Pango"
2025,"Logistics","Infrastructure","main water valves",250000,"Shefa","Erakor"
2025,"Logistics","Infrastructure","main water valves",250000,"Shefa","Eratap"
2025,"Logistics","Infrastructure","main water valves",250000,"Shefa","Eton"
2025,"Logistics","Infrastructure","main water valves",250000,"Tafea","North Erromango"
2025,"Logistics","Infrastructure","main water valves",250000,"Tafea","South Erromango"
2025,"Logistics","Infrastructure","main water valves",250000,"Tafea","Aniwa"
2025,"Logistics","Infrastructure","main water valves",250000,"Tafea","North Tanna"
2025,"Logistics","Infrastructure","main water valves",250000,"Tafea","West Tanna"
2025,"Logistics","Infrastructure","main water valves",250000,"Tafea","Middle Bush Tanna"
2025,"Logistics","Infrastructure","main water valves",250000,"Tafea","South West Tanna"
2025,"Logistics","Infrastructure","main water valves",250000,"Tafea","Whitesands"
2025,"Logistics","Infrastructure","main water valves",250000,"Tafea","South Tanna"
2025,"Logistics","Infrastructure","main water valves",250000,"Tafea","Futuna"
2025,"Logistics","Infrastructure","main water valves",250000,"Tafea","Aneityum"
2025,"Logistics","Infrastructure","police stations",1.2e+07,"Torba","Torres"
2025,"Logistics","Infrastructure","police stations",1.2e+07,"Torba","Ureparapara"
2025,"Logistics","Infrastructure","police stations",1.2e+07,"Torba","Motalava"
2025,"Logistics","Infrastructure","police stations",1.2e+07,"Torba","East Vanualava"
2025,"Logistics","Infrastructure","police stations",1.2e+07,"Torba","West Vanualava"
2025,"Logistics","Infrastructure","police stations",1.2e+07,"Torba","Mota"
2025,"Logistics","Infrastructure","police stations",1.2e+07,"Torba","East Gaua"
2025,"Logistics","Infrastructure","police stations",1.2e+07,"Torba","West Gaua"
2025,"Logistics","Infrastructure","police stations",1.2e+07,"Torba","Merelava"
2025,"Logistics","Infrastructure","police stations",1.2e+07,"Sanma","Luganville"
2025,"Logistics","Infrastructure","police stations",1.2e+07,"Sanma","North West Santo"
2025,"Logistics","Infrastructure","police stations",1.2e+07,"Sanma","Big Bay Coast"
2025,"Logistics","Infrastructure","police stations",1.2e+07,"Sanma","Big Bay Inland"
2025,"Logistics","Infrastructure","police stations",1.2e+07,"Sanma","West Santo"
2025,"Logistics","Infrastructure","police stations",1.2e+07,"Sanma","South Santo 1"
2025,"Logistics","Infrastructure","police stations",1.2e+07,"Sanma","South Santo 2"
2025,"Logistics","Infrastructure","police stations",1.2e+07,"Sanma","East Santo"
2025,"Logistics","Infrastructure","police stations",1.2e+07,"Sanma","South East Santo"
2025,"Logistics","Infrastructure","police stations",1.2e+07,"Sanma","Canal Fanafo"
2025,"Logistics","Infrastructure","police stations",1.2e+07,"Sanma","West Malo"
2025,"Logistics","Infrastructure","police stations",1.2e+07,"Sanma","East Malo"
2025,"Logistics","Infrastructure","police stations",1.2e+07,"Penama","West Ambae"
2025,"Logistics","Infrastructure","police stations",1.2e+07,"Penama","North Ambae"
2025,"Logistics","Infrastructure","police stations",1.2e+07,"Penama","East Ambae"
2025,"Logistics","Infrastructure","police stations",1.2e+07,"Penama","South Ambae"
2025,"Logistics","Infrastructure","police stations",1.2e+07,"Penama","North Maewo"
2025,"Logistics","Infrastructure","police stations",1.2e+07,"Penama","South Maewo"
2025,"Logistics","Infrastructure","police stations",1.2e+07,"Penama","North Pentecost"
2025,"Logistics","Infrastructure","police stations",1.2e+07,"Penama","Central Pentecost 1"
2025,"Logistics","Infrastructure","police stations",1.2e+07,"Penama","Central Pentecost 2"
2025,"Logistics","Infrastructure","police stations",1.2e+07,"Penama","South Pentecost"
2025,"Logistics","Infrastructure","police stations",1.2e+07,"Malampa","North West Malekula"
2025,"Logistics","Infrastructure","police stations",1.2e+07,"Malampa","North East Malekula"
2025,"Logistics","Infrastructure","police stations",1.2e+07,"Malampa","Central Malekula"
2025,"Logistics","Infrastructure","police stations",1.2e+07,"Malampa","South West Malekula"
2025,"Logistics","Infrastructure","police stations",1.2e+07,"Malampa","South East Malekula"
2025,"Logistics","Infrastructure","police stations",1.2e+07,"Malampa","South Malekula"
2025,"Logistics","Infrastructure","police stations",1.2e+07,"Malampa","North Ambrym"
2025,"Logistics","Infrastructure","police stations",1.2e+07,"Malampa","West Ambrym"
2025,"Logistics","Infrastructure","police stations",1.2e+07,"Malampa","South East Ambrym"
2025,"Logistics","Infrastructure","police stations",1.2e+07,"Malampa","Paama"
2025,"Logistics","Infrastructure","police stations",1.2e+07,"Shefa","Port Vila"
2025,"Logistics","Infrastructure","police stations",1.2e+07,"Shefa","Vermali"
2025,"Logistics","Infrastructure","police stations",1.2e+07,"Shefa","Vermaul"
2025,"Logistics","Infrastructure","police stations",1.2e+07,"Shefa","Varisu"
2025,"Logistics","Infrastructure","police stations",1.2e+07,"Shefa","South Epi"
2025,"Logistics","Infrastructure","police stations",1.2e+07,"Shefa","North Tongoa"
2025,"Logistics","Infrastructure","police stations",1.2e+07,"Shefa","Makimae"
2025,"Logistics","Infrastructure","police stations",1.2e+07,"Shefa","Tongariki"
2025,"Logistics","Infrastructure","police stations",1.2e+07,"Shefa","Nguna"
2025,"Logistics","Infrastructure","police stations",1.2e+07,"Shefa","Emau"
2025,"Logistics","Infrastructure","police stations",1.2e+07,"Shefa","Malorua"
2025,"Logistics","Infrastructure","police stations",1.2e+07,"Shefa","North Efate"
2025,"Logistics","Infrastructure","police stations",1.2e+07,"Shefa","Mele"
2025,"Logistics","Infrastructure","police stations",1.2e+07,"Shefa","Tanvasoko"
2025,"Logistics","Infrastructure","police stations",1.2e+07,"Shefa","Ifira"
2025,"Logistics","Infrastructure","police stations",1.2e+07,"Shefa","Pango"
2025,"Logistics","Infrastructure","police stations",1.2e+07,"Shefa","Erakor"
2025,"Logistics","Infrastructure","police stations",1.2e+07,"Shefa","Eratap"
2025,"Logistics","Infrastructure","police stations",1.2e+07,"Shefa","Eton"
2025,"Logistics","Infrastructure","police stations",1.2e+07,"Tafea","North Erromango"
2025,"Logistics","Infrastructure","police stations",1.2e+07,"Tafea","South Erromango"
2025,"Logistics","Infrastructure","police stations",1.2e+07,"Tafea","Aniwa"
2025,"Logistics","Infrastructure","police stations",1.2e+07,"Tafea","North Tanna"
2025,"Logistics","Infrastructure","police stations",1.2e+07,"Tafea","West Tanna"
2025,"Logistics","Infrastructure","police stations",1.2e+07,"Tafea","Middle Bush Tanna"
2025,"Logistics","Infrastructure","police stations",1.2e+07,"Tafea","South West Tanna"
2025,"Logistics","Infrastructure","police stations",1.2e+07,"Tafea","Whitesands"
2025,"Logistics","Infrastructure","police stations",1.2e+07,"Tafea","South Tanna"
2025,"Logistics","Infrastructure","police stations",1.2e+07,"Tafea","Futuna"
2025,"Logistics","Infrastructure","police stations",1.2e+07,"Tafea","Aneityum"
2025,"Logistics","Infrastructure","permanent bridge",3.5e+07,"Torba","Torres"
2025,"Logistics","Infrastructure","permanent bridge",3.5e+07,"Torba","Ureparapara"
2025,"Logistics","Infrastructure","permanent bridge",3.5e+07,"Torba","Motalava"
2025,"Logistics","Infrastructure","permanent bridge",3.5e+07,"Torba","East Vanualava"
2025,"Logistics","Infrastructure","permanent bridge",3.5e+07,"Torba","West Vanualava"
2025,"Logistics","Infrastructure","permanent bridge",3.5e+07,"Torba","Mota"
2025,"Logistics","Infrastructure","permanent bridge",3.5e+07,"Torba","East Gaua"
2025,"Logistics","Infrastructure","permanent bridge",3.5e+07,"Torba","West Gaua"
2025,"Logistics","Infrastructure","permanent bridge",3.5e+07,"Torba","Merelava"
2025,"Logistics","Infrastructure","permanent bridge",3.5e+07,"Sanma","Luganville"
2025,"Logistics","Infrastructure","permanent bridge",3.5e+07,"Sanma","North West Santo"
2025,"Logistics","Infrastructure","permanent bridge",3.5e+07,"Sanma","Big Bay Coast"
2025,"Logistics","Infrastructure","permanent bridge",3.5e+07,"Sanma","Big Bay Inland"
2025,"Logistics","Infrastructure","permanent bridge",3.5e+07,"Sanma","West Santo"
2025,"Logistics","Infrastructure","permanent bridge",3.5e+07,"Sanma","South Santo 1"
2025,"Logistics","Infrastructure","permanent bridge",3.5e+07,"Sanma","South Santo 2"
2025,"Logistics","Infrastructure","permanent bridge",3.5e+07,"Sanma","East Santo"
2025,"Logistics","Infrastructure","permanent bridge",3.5e+07,"Sanma","South East Santo"
2025,"Logistics","Infrastructure","permanent bridge",3.5e+07,"Sanma","Canal Fanafo"
2025,"Logistics","Infrastructure","permanent bridge",3.5e+07,"Sanma","West Malo"
2025,"Logistics","Infrastructure","permanent bridge",3.5e+07,"Sanma","East Malo"
2025,"Logistics","Infrastructure","permanent bridge",3.5e+07,"Penama","West Ambae"
2025,"Logistics","Infrastructure","permanent bridge",3.5e+07,"Penama","North Ambae"
2025,"Logistics","Infrastructure","permanent bridge",3.5e+07,"Penama","East Ambae"
2025,"Logistics","Infrastructure","permanent bridge",3.5e+07,"Penama","South Ambae"
2025,"Logistics","Infrastructure","permanent bridge",3.5e+07,"Penama","North Maewo"
2025,"Logistics","Infrastructure","permanent bridge",3.5e+07,"Penama","South Maewo"
2025,"Logistics","Infrastructure","permanent bridge",3.5e+07,"Penama","North Pentecost"
2025,"Logistics","Infrastructure","permanent bridge",3.5e+07,"Penama","Central Pentecost 1"
2025,"Logistics","Infrastructure","permanent bridge",3.5e+07,"Penama","Central Pentecost 2"
2025,"Logistics","Infrastructure","permanent bridge",3.5e+07,"Penama","South Pentecost"
2025,"Logistics","Infrastructure","permanent bridge",3.5e+07,"Malampa","North West Malekula"
2025,"Logistics","Infrastructure","permanent bridge",3.5e+07,"Malampa","North East Malekula"
2025,"Logistics","Infrastructure","permanent bridge",3.5e+07,"Malampa","Central Malekula"
2025,"Logistics","Infrastructure","permanent bridge",3.5e+07,"Malampa","South West Malekula"
2025,"Logistics","Infrastructure","permanent bridge",3.5e+07,"Malampa","South East Malekula"
2025,"Logistics","Infrastructure","permanent bridge",3.5e+07,"Malampa","South Malekula"
2025,"Logistics","Infrastructure","permanent bridge",3.5e+07,"Malampa","North Ambrym"
2025,"Logistics","Infrastructure","permanent bridge",3.5e+07,"Malampa","West Ambrym"
2025,"Logistics","Infrastructure","permanent bridge",3.5e+07,"Malampa","South East Ambrym"
2025,"Logistics","Infrastructure","permanent bridge",3.5e+07,"Malampa","Paama"
2025,"Logistics","Infrastructure","permanent bridge",3.5e+07,"Shefa","Port Vila"
2025,"Logistics","Infrastructure","permanent bridge",3.5e+07,"Shefa","Vermali"
2025,"Logistics","Infrastructure","permanent bridge",3.5e+07,"Shefa","Vermaul"
2025,"Logistics","Infrastructure","permanent bridge",3.5e+07,"Shefa","Varisu"
2025,"Logistics","Infrastructure","permanent bridge",3.5e+07,"Shefa","South Epi"
2025,"Logistics","Infrastructure","permanent bridge",3.5e+07,"Shefa","North Tongoa"
2025,"Logistics","Infrastructure","permanent bridge",3.5e+07,"Shefa","Makimae"
2025,"Logistics","Infrastructure","permanent bridge",3.5e+07,"Shefa","Tongariki"
2025,"Logistics","Infrastructure","permanent bridge",3.5e+07,"Shefa","Nguna"
2025,"Logistics","Infrastructure","permanent bridge",3.5e+07,"Shefa","Emau"
2025,"Logistics","Infrastructure","permanent bridge",3.5e+07,"Shefa","Malorua"
2025,"Logistics","Infrastructure","permanent bridge",3.5e+07,"Shefa","North Efate"
2025,"Logistics","Infrastructure","permanent bridge",3.5e+07,"Shefa","Mele"
2025,"Logistics","Infrastructure","permanent bridge",3.5e+07,"Shefa","Tanvasoko"
2025,"Logistics","Infrastructure","permanent bridge",3.5e+07,"Shefa","Ifira"
2025,"Logistics","Infrastructure","permanent bridge",3.5e+07,"Shefa","Pango"
2025,"Logistics","Infrastructure","permanent bridge",3.5e+07,"Shefa","Erakor"
2025,"Logistics","Infrastructure","permanent bridge",3.5e+07,"Shefa","Eratap"
2025,"Logistics","Infrastructure","permanent bridge",3.5e+07,"Shefa","Eton"
2025,"Logistics","Infrastructure","permanent bridge",3.5e+07,"Tafea","North Erromango"
2025,"Logistics","Infrastructure","permanent bridge",3.5e+07,"Tafea","South Erromango"
2025,"Logistics","Infrastructure","permanent bridge",3.5e+07,"Tafea","Aniwa"
2025,"Logistics","Infrastructure","permanent bridge",3.5e+07,"Tafea","North Tanna"
2025,"Logistics","Infrastructure","permanent bridge",3.5e+07,"Tafea","West Tanna"
2025,"Logistics","Infrastructure","permanent bridge",3.5e+07,"Tafea","Middle Bush Tanna"
2025,"Logistics","Infrastructure","permanent bridge",3.5e+07,"Tafea","South West Tanna"
2025,"Logistics","Infrastructure","permanent bridge",3.5e+07,"Tafea","Whitesands"
2025,"Logistics","Infrastructure","permanent bridge",3.5e+07,"Tafea","South Tanna"
2025,"Logistics","Infrastructure","permanent bridge",3.5e+07,"Tafea","Futuna"
2025,"Logistics","Infrastructure","permanent bridge",3.5e+07,"Tafea","Aneityum"
2025,"Logistics","Infrastructure","temporary bridge",6e+06,"Torba","Torres"
2025,"Logistics","Infrastructure","temporary bridge",6e+06,"Torba","Ureparapara"
2025,"Logistics","Infrastructure","temporary bridge",6e+06,"Torba","Motalava"
2025,"Logistics","Infrastructure","temporary bridge",6e+06,"Torba","East Vanualava"
2025,"Logistics","Infrastructure","temporary bridge",6e+06,"Torba","West Vanualava"
2025,"Logistics","Infrastructure","temporary bridge",6e+06,"Torba","Mota"
2025,"Logistics","Infrastructure","temporary bridge",6e+06,"Torba","East Gaua"
2025,"Logistics","Infrastructure","temporary bridge",6e+06,"Torba","West Gaua"
2025,"Logistics","Infrastructure","temporary bridge",6e+06,"Torba","Merelava"
2025,"Logistics","Infrastructure","temporary bridge",6e+06,"Sanma","Luganville"
2025,"Logistics","Infrastructure","temporary bridge",6e+06,"Sanma","North West Santo"
2025,"Logistics","Infrastructure","temporary bridge",6e+06,"Sanma","Big Bay Coast"
2025,"Logistics","Infrastructure","temporary bridge",6e+06,"Sanma","Big Bay Inland"
2025,"Logistics","Infrastructure","temporary bridge",6e+06,"Sanma","West Santo"
2025,"Logistics","Infrastructure","temporary bridge",6e+06,"Sanma","South Santo 1"
2025,"Logistics","Infrastructure","temporary bridge",6e+06,"Sanma","South Santo 2"
2025,"Logistics","Infrastructure","temporary bridge",6e+06,"Sanma","East Santo"
2025,"Logistics","Infrastructure","temporary bridge",6e+06,"Sanma","South East Santo"
2025,"Logistics","Infrastructure","temporary bridge",6e+06,"Sanma","Canal Fanafo"
2025,"Logistics","Infrastructure","temporary bridge",6e+06,"Sanma","West Malo"
2025,"Logistics","Infrastructure","temporary bridge",6e+06,"Sanma","East Malo"
2025,"Logistics","Infrastructure","temporary bridge",6e+06,"Penama","West Ambae"
2025,"Logistics","Infrastructure","temporary bridge",6e+06,"Penama","North Ambae"
2025,"Logistics","Infrastructure","temporary bridge",6e+06,"Penama","East Ambae"
2025,"Logistics","Infrastructure","temporary bridge",6e+06,"Penama","South Ambae"
2025,"Logistics","Infrastructure","temporary bridge",6e+06,"Penama","North Maewo"
2025,"Logistics","Infrastructure","temporary bridge",6e+06,"Penama","South Maewo"
2025,"Logistics","Infrastructure","temporary bridge",6e+06,"Penama","North Pentecost"
2025,"Logistics","Infrastructure","temporary bridge",6e+06,"Penama","Central Pentecost 1"
2025,"Logistics","Infrastructure","temporary bridge",6e+06,"Penama","Central Pentecost 2"
2025,"Logistics","Infrastructure","temporary bridge",6e+06,"Penama","South Pentecost"
2025,"Logistics","Infrastructure","temporary bridge",6e+06,"Malampa","North West Malekula"
2025,"Logistics","Infrastructure","temporary bridge",6e+06,"Malampa","North East Malekula"
2025,"Logistics","Infrastructure","temporary bridge",6e+06,"Malampa","Central Malekula"
2025,"Logistics","Infrastructure","temporary bridge",6e+06,"Malampa","South West Malekula"
2025,"Logistics","Infrastructure","temporary bridge",6e+06,"Malampa","South East Malekula"
2025,"Logistics","Infrastructure","temporary bridge",6e+06,"Malampa","South Malekula"
2025,"Logistics","Infrastructure","temporary bridge",6e+06,"Malampa","North Ambrym"
2025,"Logistics","Infrastructure","temporary bridge",6e+06,"Malampa","West Ambrym"
2025,"Logistics","Infrastructure","temporary bridge",6e+06,"Malampa","South East Ambrym"
2025,"Logistics","Infrastructure","temporary bridge",6e+06,"Malampa","Paama"
2025,"Logistics","Infrastructure","temporary bridge",6e+06,"Shefa","Port Vila"
2025,"Logistics","Infrastructure","temporary bridge",6e+06,"Shefa","Vermali"
2025,"Logistics","Infrastructure","temporary bridge",6e+06,"Shefa","Vermaul"
2025,"Logistics","Infrastructure","temporary bridge",6e+06,"Shefa","Varisu"
2025,"Logistics","Infrastructure","temporary bridge",6e+06,"Shefa","South Epi"
2025,"Logistics","Infrastructure","temporary bridge",6e+06,"Shefa","North Tongoa"
2025,"Logistics","Infrastructure","temporary bridge",6e+06,"Shefa","Makimae"
2025,"Logistics","Infrastructure","temporary bridge",6e+06,"Shefa","Tongariki"
2025,"Logistics","Infrastructure","temporary bridge",6e+06,"Shefa","Nguna"
2025,"Logistics","Infrastructure","temporary bridge",6e+06,"Shefa","Emau"
2025,"Logistics","Infrastructure","temporary bridge",6e+06,"Shefa","Malorua"
2025,"Logistics","Infrastructure","temporary bridge",6e+06,"Shefa","North Efate"
2025,"Logistics","Infrastructure","temporary bridge",6e+06,"Shefa","Mele"
2025,"Logistics","Infrastructure","temporary bridge",6e+06,"Shefa","Tanvasoko"
2025,"Logistics","Infrastructure","temporary bridge",6e+06,"Shefa","Ifira"
2025,"Logistics","Infrastructure","temporary bridge",6e+06,"Shefa","Pango"
2025,"Logistics","Infrastructure","temporary bridge",6e+06,"Shefa","Erakor"
2025,"Logistics","Infrastructure","temporary bridge",6e+06,"Shefa","Eratap"
2025,"Logistics","Infrastructure","temporary bridge",6e+06,"Shefa","Eton"
2025,"Logistics","Infrastructure","temporary bridge",6e+06,"Tafea","North Erromango"
2025,"Logistics","Infrastructure","temporary bridge",6e+06,"Tafea","South Erromango"
2025,"Logistics","Infrastructure","temporary bridge",6e+06,"Tafea","Aniwa"
2025,"Logistics","Infrastructure","temporary bridge",6e+06,"Tafea","North Tanna"
2025,"Logistics","Infrastructure","temporary bridge",6e+06,"Tafea","West Tanna"
2025,"Logistics","Infrastructure","temporary bridge",6e+06,"Tafea","Middle Bush Tanna"
2025,"Logistics","Infrastructure","temporary bridge",6e+06,"Tafea","South West Tanna"
2025,"Logistics","Infrastructure","temporary bridge",6e+06,"Tafea","Whitesands"
2025,"Logistics","Infrastructure","temporary bridge",6e+06,"Tafea","South Tanna"
2025,"Logistics","Infrastructure","temporary bridge",6e+06,"Tafea","Futuna"
2025,"Logistics","Infrastructure","temporary bridge",6e+06,"Tafea","Aneityum"
2025,"Logistics","Infrastructure","wharf",2.5e+07,"Torba","Torres"
2025,"Logistics","Infrastructure","wharf",2.5e+07,"Torba","Ureparapara"
2025,"Logistics","Infrastructure","wharf",2.5e+07,"Torba","Motalava"
2025,"Logistics","Infrastructure","wharf",2.5e+07,"Torba","East Vanualava"
2025,"Logistics","Infrastructure","wharf",2.5e+07,"Torba","West Vanualava"
2025,"Logistics","Infrastructure","wharf",2.5e+07,"Torba","Mota"
2025,"Logistics","Infrastructure","wharf",2.5e+07,"Torba","East Gaua"
2025,"Logistics","Infrastructure","wharf",2.5e+07,"Torba","West Gaua"
2025,"Logistics","Infrastructure","wharf",2.5e+07,"Torba","Merelava"
2025,"Logistics","Infrastructure","wharf",2.5e+07,"Sanma","Luganville"
2025,"Logistics","Infrastructure","wharf",2.5e+07,"Sanma","North West Santo"
2025,"Logistics","Infrastructure","wharf",2.5e+07,"Sanma","Big Bay Coast"
2025,"Logistics","Infrastructure","wharf",2.5e+07,"Sanma","Big Bay Inland"
2025,"Logistics","Infrastructure","wharf",2.5e+07,"Sanma","West Santo"
2025,"Logistics","Infrastructure","wharf",2.5e+07,"Sanma","South Santo 1"
2025,"Logistics","Infrastructure","wharf",2.5e+07,"Sanma","South Santo 2"
2025,"Logistics","Infrastructure","wharf",2.5e+07,"Sanma","East Santo"
2025,"Logistics","Infrastructure","wharf",2.5e+07,"Sanma","South East Santo"
2025,"Logistics","Infrastructure","wharf",2.5e+07,"Sanma","Canal Fanafo"
2025,"Logistics","Infrastructure","wharf",2.5e+07,"Sanma","West Malo"
2025,"Logistics","Infrastructure","wharf",2.5e+07,"Sanma","East Malo"
2025,"Logistics","Infrastructure","wharf",2.5e+07,"Penama","West Ambae"
2025,"Logistics","Infrastructure","wharf",2.5e+07,"Penama","North Ambae"
2025,"Logistics","Infrastructure","wharf",2.5e+07,"Penama","East Ambae"
2025,"Logistics","Infrastructure","wharf",2.5e+07,"Penama","South Ambae"
2025,"Logistics","Infrastructure","wharf",2.5e+07,"Penama","North Maewo"
2025,"Logistics","Infrastructure","wharf",2.5e+07,"Penama","South Maewo"
2025,"Logistics","Infrastructure","wharf",2.5e+07,"Penama","North Pentecost"
2025,"Logistics","Infrastructure","wharf",2.5e+07,"Penama","Central Pentecost 1"
2025,"Logistics","Infrastructure","wharf",2.5e+07,"Penama","Central Pentecost 2"
2025,"Logistics","Infrastructure","wharf",2.5e+07,"Penama","South Pentecost"
2025,"Logistics","Infrastructure","wharf",2.5e+07,"Malampa","North West Malekula"
2025,"Logistics","Infrastructure","wharf",2.5e+07,"Malampa","North East Malekula"
2025,"Logistics","Infrastructure","wharf",2.5e+07,"Malampa","Central Malekula"
2025,"Logistics","Infrastructure","wharf",2.5e+07,"Malampa","South West Malekula"
2025,"Logistics","Infrastructure","wharf",2.5e+07,"Malampa","South East Malekula"
2025,"Logistics","Infrastructure","wharf",2.5e+07,"Malampa","South Malekula"
2025,"Logistics","Infrastructure","wharf",2.5e+07,"Malampa","North Ambrym"
2025,"Logistics","Infrastructure","wharf",2.5e+07,"Malampa","West Ambrym"
2025,"Logistics","Infrastructure","wharf",2.5e+07,"Malampa","South East Ambrym"
2025,"Logistics","Infrastructure","wharf",2.5e+07,"Malampa","Paama"
2025,"Logistics","Infrastructure","wharf",2.5e+07,"Shefa","Port Vila"
2025,"Logistics","Infrastructure","wharf",2.5e+07,"Shefa","Vermali"
2025,"Logistics","Infrastructure","wharf",2.5e+07,"Shefa","Vermaul"
2025,"Logistics","Infrastructure","wharf",2.5e+07,"Shefa","Varisu"
2025,"Logistics","Infrastructure","wharf",2.5e+07,"Shefa","South Epi"
2025,"Logistics","Infrastructure","wharf",2.5e+07,"Shefa","North Tongoa"
2025,"Logistics","Infrastructure","wharf",2.5e+07,"Shefa","Makimae"
2025,"Logistics","Infrastructure","wharf",2.5e+07,"Shefa","Tongariki"
2025,"Logistics","Infrastructure","wharf",2.5e+07,"Shefa","Nguna"
2025,"Logistics","Infrastructure","wharf",2.5e+07,"Shefa","Emau"
2025,"Logistics","Infrastructure","wharf",2.5e+07,"Shefa","Malorua"
2025,"Logistics","Infrastructure","wharf",2.5e+07,"Shefa","North Efate"
2025,"Logistics","Infrastructure","wharf",2.5e+07,"Shefa","Mele"
2025,"Logistics","Infrastructure","wharf",2.5e+07,"Shefa","Tanvasoko"
2025,"Logistics","Infrastructure","wharf",2.5e+07,"Shefa","Ifira"
2025,"Logistics","Infrastructure","wharf",2.5e+07,"Shefa","Pango"
2025,"Logistics","Infrastructure","wharf",2.5e+07,"Shefa","Erakor"
2025,"Logistics","Infrastructure","wharf",2.5e+07,"Shefa","Eratap"
2025,"Logistics","Infrastructure","wharf",2.5e+07,"Shefa","Eton"
2025,"Logistics","Infrastructure","wharf",2.5e+07,"Tafea","North Erromango"
2025,"Logistics","Infrastructure","wharf",2.5e+07,"Tafea","South Erromango"
2025,"Logistics","Infrastructure","wharf",2.5e+07,"Tafea","Aniwa"
2025,"Logistics","Infrastructure","wharf",2.5e+07,"Tafea","North Tanna"
2025,"Logistics","Infrastructure","wharf",2.5e+07,"Tafea","West Tanna"
2025,"Logistics","Infrastructure","wharf",2.5e+07,"Tafea","Middle Bush Tanna"
2025,"Logistics","Infrastructure","wharf",2.5e+07,"Tafea","South West Tanna"
2025,"Logistics","Infrastructure","wharf",2.5e+07,"Tafea","Whitesands"
2025,"Logistics","Infrastructure","wharf",2.5e+07,"Tafea","South Tanna"
2025,"Logistics","Infrastructure","wharf",2.5e+07,"Tafea","Futuna"
2025,"Logistics","Infrastructure","wharf",2.5e+07,"Tafea","Aneityum"
2025,"Logistics","Road Surface","asphalt",4.5e+07,"Torba","Torres"
2025,"Logistics","Road Surface","asphalt",4.5e+07,"Torba","Ureparapara"
2025,"Logistics","Road Surface","asphalt",4.5e+07,"Torba","Motalava"
2025,"Logistics","Road Surface","asphalt",4.5e+07,"Torba","East Vanualava"
2025,"Logistics","Road Surface","asphalt",4.5e+07,"Torba","West Vanualava"
2025,"Logistics","Road Surface","asphalt",4.5e+07,"Torba","Mota"
2025,"Logistics","Road Surface","asphalt",4.5e+07,"Torba","East Gaua"
2025,"Logistics","Road Surface","asphalt",4.5e+07,"Torba","West Gaua"
2025,"Logistics","Road Surface","asphalt",4.5e+07,"Torba","Merelava"
2025,"Logistics","Road Surface","asphalt",4.5e+07,"Sanma","Luganville"
2025,"Logistics","Road Surface","asphalt",4.5e+07,"Sanma","North West Santo"
2025,"Logistics","Road Surface","asphalt",4.5e+07,"Sanma","Big Bay Coast"
2025,"Logistics","Road Surface","asphalt",4.5e+07,"Sanma","Big Bay Inland"
2025,"Logistics","Road Surface","asphalt",4.5e+07,"Sanma","West Santo"
2025,"Logistics","Road Surface","asphalt",4.5e+07,"Sanma","South Santo 1"
2025,"Logistics","Road Surface","asphalt",4.5e+07,"Sanma","South Santo 2"
2025,"Logistics","Road Surface","asphalt",4.5e+07,"Sanma","East Santo"
2025,"Logistics","Road Surface","asphalt",4.5e+07,"Sanma","South East Santo"
2025,"Logistics","Road Surface","asphalt",4.5e+07,"Sanma","Canal Fanafo"
2025,"Logistics","Road Surface","asphalt",4.5e+07,"Sanma","West Malo"
2025,"Logistics","Road Surface","asphalt",4.5e+07,"Sanma","East Malo"
2025,"Logistics","Road Surface","asphalt",4.5e+07,"Penama","West Ambae"
2025,"Logistics","Road Surface","asphalt",4.5e+07,"Penama","North Ambae"
2025,"Logistics","Road Surface","asphalt",4.5e+07,"Penama","East Ambae"
2025,"Logistics","Road Surface","asphalt",4.5e+07,"Penama","South Ambae"
2025,"Logistics","Road Surface","asphalt",4.5e+07,"Penama","North Maewo"
2025,"Logistics","Road Surface","asphalt",4.5e+07,"Penama","South Maewo"
2025,"Logistics","Road Surface","asphalt",4.5e+07,"Penama","North Pentecost"
2025,"Logistics","Road Surface","asphalt",4.5e+07,"Penama","Central Pentecost 1"
2025,"Logistics","Road Surface","asphalt",4.5e+07,"Penama","Central Pentecost 2"
2025,"Logistics","Road Surface","asphalt",4.5e+07,"Penama","South Pentecost"
2025,"Logistics","Road Surface","asphalt",4.5e+07,"Malampa","North West Malekula"
2025,"Logistics","Road Surface","asphalt",4.5e+07,"Malampa","North East Malekula"
2025,"Logistics","Road Surface","asphalt",4.5e+07,"Malampa","Central Malekula"
2025,"Logistics","Road Surface","asphalt",4.5e+07,"Malampa","South West Malekula"
2025,"Logistics","Road Surface","asphalt",4.5e+07,"Malampa","South East Malekula"
2025,"Logistics","Road Surface","asphalt",4.5e+07,"Malampa","South Malekula"
2025,"Logistics","Road Surface","asphalt",4.5e+07,"Malampa","North Ambrym"
2025,"Logistics","Road Surface","asphalt",4.5e+07,"Malampa","West Ambrym"
2025,"Logistics","Road Surface","asphalt",4.5e+07,"Malampa","South East Ambrym"
2025,"Logistics","Road Surface","asphalt",4.5e+07,"Malampa","Paama"
2025,"Logistics","Road Surface","asphalt",4.5e+07,"Shefa","Port Vila"
2025,"Logistics","Road Surface","asphalt",4.5e+07,"Shefa","Vermali"
2025,"Logistics","Road Surface","asphalt",4.5e+07,"Shefa","Vermaul"
2025,"Logistics","Road Surface","asphalt",4.5e+07,"Shefa","Varisu"
2025,"Logistics","Road Surface","asphalt",4.5e+07,"Shefa","South Epi"
2025,"Logistics","Road Surface","asphalt",4.5e+07,"Shefa","North Tongoa"
2025,"Logistics","Road Surface","asphalt",4.5e+07,"Shefa","Makimae"
2025,"Logistics","Road Surface","asphalt",4.5e+07,"Shefa","Tongariki"
2025,"Logistics","Road Surface","asphalt",4.5e+07,"Shefa","Nguna"
2025,"Logistics","Road Surface","asphalt",4.5e+07,"Shefa","Emau"
2025,"Logistics","Road Surface","asphalt",4.5e+07,"Shefa","Malorua"
2025,"Logistics","Road Surface","asphalt",4.5e+07,"Shefa","North Efate"
2025,"Logistics","Road Surface","asphalt",4.5e+07,"Shefa","Mele"
2025,"Logistics","Road Surface","asphalt",4.5e+07,"Shefa","Tanvasoko"
2025,"Logistics","Road Surface","asphalt",4.5e+07,"Shefa","Ifira"
2025,"Logistics","Road Surface","asphalt",4.5e+07,"Shefa","Pango"
2025,"Logistics","Road Surface","asphalt",4.5e+07,"Shefa","Erakor"
2025,"Logistics","Road Surface","asphalt",4.5e+07,"Shefa","Eratap"
2025,"Logistics","Road Surface","asphalt",4.5e+07,"Shefa","Eton"
2025,"Logistics","Road Surface","asphalt",4.5e+07,"Tafea","North Erromango"
2025,"Logistics","Road Surface","asphalt",4.5e+07,"Tafea","South Erromango"
2025,"Logistics","Road Surface","asphalt",4.5e+07,"Tafea","Aniwa"
2025,"Logistics","Road Surface","asphalt",4.5e+07,"Tafea","North Tanna"
2025,"Logistics","Road Surface","asphalt",4.5e+07,"Tafea","West Tanna"
2025,"Logistics","Road Surface","asphalt",4.5e+07,"Tafea","Middle Bush Tanna"
2025,"Logistics","Road Surface","asphalt",4.5e+07,"Tafea","South West Tanna"
2025,"Logistics","Road Surface","asphalt",4.5e+07,"Tafea","Whitesands"
2025,"Logistics","Road Surface","asphalt",4.5e+07,"Tafea","South Tanna"
2025,"Logistics","Road Surface","asphalt",4.5e+07,"Tafea","Futuna"
2025,"Logistics","Road Surface","asphalt",4.5e+07,"Tafea","Aneityum"
2025,"Logistics","Road Surface","chips seal",2.8e+07,"Torba","Torres"
2025,"Logistics","Road Surface","chips seal",2.8e+07,"Torba","Ureparapara"
2025,"Logistics","Road Surface","chips seal",2.8e+07,"Torba","Motalava"
2025,"Logistics","Road Surface","chips seal",2.8e+07,"Torba","East Vanualava"
2025,"Logistics","Road Surface","chips seal",2.8e+07,"Torba","West Vanualava"
2025,"Logistics","Road Surface","chips seal",2.8e+07,"Torba","Mota"
2025,"Logistics","Road Surface","chips seal",2.8e+07,"Torba","East Gaua"
2025,"Logistics","Road Surface","chips seal",2.8e+07,"Torba","West Gaua"
2025,"Logistics","Road Surface","chips seal",2.8e+07,"Torba","Merelava"
2025,"Logistics","Road Surface","chips seal",2.8e+07,"Sanma","Luganville"
2025,"Logistics","Road Surface","chips seal",2.8e+07,"Sanma","North West Santo"
2025,"Logistics","Road Surface","chips seal",2.8e+07,"Sanma","Big Bay Coast"
2025,"Logistics","Road Surface","chips seal",2.8e+07,"Sanma","Big Bay Inland"
2025,"Logistics","Road Surface","chips seal",2.8e+07,"Sanma","West Santo"
2025,"Logistics","Road Surface","chips seal",2.8e+07,"Sanma","South Santo 1"
2025,"Logistics","Road Surface","chips seal",2.8e+07,"Sanma","South Santo 2"
2025,"Logistics","Road Surface","chips seal",2.8e+07,"Sanma","East Santo"
2025,"Logistics","Road Surface","chips seal",2.8e+07,"Sanma","South East Santo"
2025,"Logistics","Road Surface","chips seal",2.8e+07,"Sanma","Canal Fanafo"
2025,"Logistics","Road Surface","chips seal",2.8e+07,"Sanma","West Malo"
2025,"Logistics","Road Surface","chips seal",2.8e+07,"Sanma","East Malo"
2025,"Logistics","Road Surface","chips seal",2.8e+07,"Penama","West Ambae"
2025,"Logistics","Road Surface","chips seal",2.8e+07,"Penama","North Ambae"
2025,"Logistics","Road Surface","chips seal",2.8e+07,"Penama","East Ambae"
2025,"Logistics","Road Surface","chips seal",2.8e+07,"Penama","South Ambae"
2025,"Logistics","Road Surface","chips seal",2.8e+07,"Penama","North Maewo"
2025,"Logistics","Road Surface","chips seal",2.8e+07,"Penama","South Maewo"
2025,"Logistics","Road Surface","chips seal",2.8e+07,"Penama","North Pentecost"
2025,"Logistics","Road Surface","chips seal",2.8e+07,"Penama","Central Pentecost 1"
2025,"Logistics","Road Surface","chips seal",2.8e+07,"Penama","Central Pentecost 2"
2025,"Logistics","Road Surface","chips seal",2.8e+07,"Penama","South Pentecost"
2025,"Logistics","Road Surface","chips seal",2.8e+07,"Malampa","North West Malekula"
2025,"Logistics","Road Surface","chips seal",2.8e+07,"Malampa","North East Malekula"
2025,"Logistics","Road Surface","chips seal",2.8e+07,"Malampa","Central Malekula"
2025,"Logistics","Road Surface","chips seal",2.8e+07,"Malampa","South West Malekula"
2025,"Logistics","Road Surface","chips seal",2.8e+07,"Malampa","South East Malekula"
2025,"Logistics","Road Surface","chips seal",2.8e+07,"Malampa","South Malekula"
2025,"Logistics","Road Surface","chips seal",2.8e+07,"Malampa","North Ambrym"
2025,"Logistics","Road Surface","chips seal",2.8e+07,"Malampa","West Ambrym"
2025,"Logistics","Road Surface","chips seal",2.8e+07,"Malampa","South East Ambrym"
2025,"Logistics","Road Surface","chips seal",2.8e+07,"Malampa","Paama"
2025,"Logistics","Road Surface","chips seal",2.8e+07,"Shefa","Port Vila"
2025,"Logistics","Road Surface","chips seal",2.8e+07,"Shefa","Vermali"
2025,"Logistics","Road Surface","chips seal",2.8e+07,"Shefa","Vermaul"
2025,"Logistics","Road Surface","chips seal",2.8e+07,"Shefa","Varisu"
2025,"Logistics","Road Surface","chips seal",2.8e+07,"Shefa","South Epi"
2025,"Logistics","Road Surface","chips seal",2.8e+07,"Shefa","North Tongoa"
2025,"Logistics","Road Surface","chips seal",2.8e+07,"Shefa","Makimae"
2025,"Logistics","Road Surface","chips seal",2.8e+07,"Shefa","Tongariki"
2025,"Logistics","Road Surface","chips seal",2.8e+07,"Shefa","Nguna"
2025,"Logistics","Road Surface","chips seal",2.8e+07,"Shefa","Emau"
2025,"Logistics","Road Surface","chips seal",2.8e+07,"Shefa","Malorua"
2025,"Logistics","Road Surface","chips seal",2.8e+07,"Shefa","North Efate"
2025,"Logistics","Road Surface","chips seal",2.8e+07,"Shefa","Mele"
2025,"Logistics","Road Surface","chips seal",2.8e+07,"Shefa","Tanvasoko"
2025,"Logistics","Road Surface","chips seal",2.8e+07,"Shefa","Ifira"
2025,"Logistics","Road Surface","chips seal",2.8e+07,"Shefa","Pango"
2025,"Logistics","Road Surface","chips seal",2.8e+07,"Shefa","Erakor"
2025,"Logistics","Road Surface","chips seal",2.8e+07,"Shefa","Eratap"
2025,"Logistics","Road Surface","chips seal",2.8e+07,"Shefa","Eton"
2025,"Logistics","Road Surface","chips seal",2.8e+07,"Tafea","North Erromango"
2025,"Logistics","Road Surface","chips seal",2.8e+07,"Tafea","South Erromango"
2025,"Logistics","Road Surface","chips seal",2.8e+07,"Tafea","Aniwa"
2025,"Logistics","Road Surface","chips seal",2.8e+07,"Tafea","North Tanna"
2025,"Logistics","Road Surface","chips seal",2.8e+07,"Tafea","West Tanna"
2025,"Logistics","Road Surface","chips seal",2.8e+07,"Tafea","Middle Bush Tanna"
2025,"Logistics","Road Surface","chips seal",2.8e+07,"Tafea","South West Tanna"
2025,"Logistics","Road Surface","chips seal",2.8e+07,"Tafea","Whitesands"
2025,"Logistics","Road Surface","chips seal",2.8e+07,"Tafea","South Tanna"
2025,"Logistics","Road Surface","chips seal",2.8e+07,"Tafea","Futuna"
2025,"Logistics","Road Surface","chips seal",2.8e+07,"Tafea","Aneityum"
2025,"Logistics","Road Surface","concrete",5.5e+07,"Torba","Torres"
2025,"Logistics","Road Surface","concrete",5.5e+07,"Torba","Ureparapara"
2025,"Logistics","Road Surface","concrete",5.5e+07,"Torba","Motalava"
2025,"Logistics","Road Surface","concrete",5.5e+07,"Torba","East Vanualava"
2025,"Logistics","Road Surface","concrete",5.5e+07,"Torba","West Vanualava"
2025,"Logistics","Road Surface","concrete",5.5e+07,"Torba","Mota"
2025,"Logistics","Road Surface","concrete",5.5e+07,"Torba","East Gaua"
2025,"Logistics","Road Surface","concrete",5.5e+07,"Torba","West Gaua"
2025,"Logistics","Road Surface","concrete",5.5e+07,"Torba","Merelava"
2025,"Logistics","Road Surface","concrete",5.5e+07,"Sanma","Luganville"
2025,"Logistics","Road Surface","concrete",5.5e+07,"Sanma","North West Santo"
2025,"Logistics","Road Surface","concrete",5.5e+07,"Sanma","Big Bay Coast"
2025,"Logistics","Road Surface","concrete",5.5e+07,"Sanma","Big Bay Inland"
2025,"Logistics","Road Surface","concrete",5.5e+07,"Sanma","West Santo"
2025,"Logistics","Road Surface","concrete",5.5e+07,"Sanma","South Santo 1"
2025,"Logistics","Road Surface","concrete",5.5e+07,"Sanma","South Santo 2"
2025,"Logistics","Road Surface","concrete",5.5e+07,"Sanma","East Santo"
2025,"Logistics","Road Surface","concrete",5.5e+07,"Sanma","South East Santo"
2025,"Logistics","Road Surface","concrete",5.5e+07,"Sanma","Canal Fanafo"
2025,"Logistics","Road Surface","concrete",5.5e+07,"Sanma","West Malo"
2025,"Logistics","Road Surface","concrete",5.5e+07,"Sanma","East Malo"
2025,"Logistics","Road Surface","concrete",5.5e+07,"Penama","West Ambae"
2025,"Logistics","Road Surface","concrete",5.5e+07,"Penama","North Ambae"
2025,"Logistics","Road Surface","concrete",5.5e+07,"Penama","East Ambae"
2025,"Logistics","Road Surface","concrete",5.5e+07,"Penama","South Ambae"
2025,"Logistics","Road Surface","concrete",5.5e+07,"Penama","North Maewo"
2025,"Logistics","Road Surface","concrete",5.5e+07,"Penama","South Maewo"
2025,"Logistics","Road Surface","concrete",5.5e+07,"Penama","North Pentecost"
2025,"Logistics","Road Surface","concrete",5.5e+07,"Penama","Central Pentecost 1"
2025,"Logistics","Road Surface","concrete",5.5e+07,"Penama","Central Pentecost 2"
2025,"Logistics","Road Surface","concrete",5.5e+07,"Penama","South Pentecost"
2025,"Logistics","Road Surface","concrete",5.5e+07,"Malampa","North West Malekula"
2025,"Logistics","Road Surface","concrete",5.5e+07,"Malampa","North East Malekula"
2025,"Logistics","Road Surface","concrete",5.5e+07,"Malampa","Central Malekula"
2025,"Logistics","Road Surface","concrete",5.5e+07,"Malampa","South West Malekula"
2025,"Logistics","Road Surface","concrete",5.5e+07,"Malampa","South East Malekula"
2025,"Logistics","Road Surface","concrete",5.5e+07,"Malampa","South Malekula"
2025,"Logistics","Road Surface","concrete",5.5e+07,"Malampa","North Ambrym"
2025,"Logistics","Road Surface","concrete",5.5e+07,"Malampa","West Ambrym"
2025,"Logistics","Road Surface","concrete",5.5e+07,"Malampa","South East Ambrym"
2025,"Logistics","Road Surface","concrete",5.5e+07,"Malampa","Paama"
2025,"Logistics","Road Surface","concrete",5.5e+07,"Shefa","Port Vila"
2025,"Logistics","Road Surface","concrete",5.5e+07,"Shefa","Vermali"
2025,"Logistics","Road Surface","concrete",5.5e+07,"Shefa","Vermaul"
2025,"Logistics","Road Surface","concrete",5.5e+07,"Shefa","Varisu"
2025,"Logistics","Road Surface","concrete",5.5e+07,"Shefa","South Epi"
2025,"Logistics","Road Surface","concrete",5.5e+07,"Shefa","North Tongoa"
2025,"Logistics","Road Surface","concrete",5.5e+07,"Shefa","Makimae"
2025,"Logistics","Road Surface","concrete",5.5e+07,"Shefa","Tongariki"
2025,"Logistics","Road Surface","concrete",5.5e+07,"Shefa","Nguna"
2025,"Logistics","Road Surface","concrete",5.5e+07,"Shefa","Emau"
2025,"Logistics","Road Surface","concrete",5.5e+07,"Shefa","Malorua"
2025,"Logistics","Road Surface","concrete",5.5e+07,"Shefa","North Efate"
2025,"Logistics","Road Surface","concrete",5.5e+07,"Shefa","Mele"
2025,"Logistics","Road Surface","concrete",5.5e+07,"Shefa","Tanvasoko"
2025,"Logistics","Road Surface","concrete",5.5e+07,"Shefa","Ifira"
2025,"Logistics","Road Surface","concrete",5.5e+07,"Shefa","Pango"
2025,"Logistics","Road Surface","concrete",5.5e+07,"Shefa","Erakor"
2025,"Logistics","Road Surface","concrete",5.5e+07,"Shefa","Eratap"
2025,"Logistics","Road Surface","concrete",5.5e+07,"Shefa","Eton"
2025,"Logistics","Road Surface","concrete",5.5e+07,"Tafea","North Erromango"
2025,"Logistics","Road Surface","concrete",5.5e+07,"Tafea","South Erromango"
2025,"Logistics","Road Surface","concrete",5.5e+07,"Tafea","Aniwa"
2025,"Logistics","Road Surface","concrete",5.5e+07,"Tafea","North Tanna"
2025,"Logistics","Road Surface","concrete",5.5e+07,"Tafea","West Tanna"
2025,"Logistics","Road Surface","concrete",5.5e+07,"Tafea","Middle Bush Tanna"
2025,"Logistics","Road Surface","concrete",5.5e+07,"Tafea","South West Tanna"
2025,"Logistics","Road Surface","concrete",5.5e+07,"Tafea","Whitesands"
2025,"Logistics","Road Surface","concrete",5.5e+07,"Tafea","South Tanna"
2025,"Logistics","Road Surface","concrete",5.5e+07,"Tafea","Futuna"
2025,"Logistics","Road Surface","concrete",5.5e+07,"Tafea","Aneityum"
2025,"Logistics","Road Surface","earth",3500000,"Torba","Torres"
2025,"Logistics","Road Surface","earth",3500000,"Torba","Ureparapara"
2025,"Logistics","Road Surface","earth",3500000,"Torba","Motalava"
2025,"Logistics","Road Surface","earth",3500000,"Torba","East Vanualava"
2025,"Logistics","Road Surface","earth",3500000,"Torba","West Vanualava"
2025,"Logistics","Road Surface","earth",3500000,"Torba","Mota"
2025,"Logistics","Road Surface","earth",3500000,"Torba","East Gaua"
2025,"Logistics","Road Surface","earth",3500000,"Torba","West Gaua"
2025,"Logistics","Road Surface","earth",3500000,"Torba","Merelava"
2025,"Logistics","Road Surface","earth",3500000,"Sanma","Luganville"
2025,"Logistics","Road Surface","earth",3500000,"Sanma","North West Santo"
2025,"Logistics","Road Surface","earth",3500000,"Sanma","Big Bay Coast"
2025,"Logistics","Road Surface","earth",3500000,"Sanma","Big Bay Inland"
2025,"Logistics","Road Surface","earth",3500000,"Sanma","West Santo"
2025,"Logistics","Road Surface","earth",3500000,"Sanma","South Santo 1"
2025,"Logistics","Road Surface","earth",3500000,"Sanma","South Santo 2"
2025,"Logistics","Road Surface","earth",3500000,"Sanma","East Santo"
2025,"Logistics","Road Surface","earth",3500000,"Sanma","South East Santo"
2025,"Logistics","Road Surface","earth",3500000,"Sanma","Canal Fanafo"
2025,"Logistics","Road Surface","earth",3500000,"Sanma","West Malo"
2025,"Logistics","Road Surface","earth",3500000,"Sanma","East Malo"
2025,"Logistics","Road Surface","earth",3500000,"Penama","West Ambae"
2025,"Logistics","Road Surface","earth",3500000,"Penama","North Ambae"
2025,"Logistics","Road Surface","earth",3500000,"Penama","East Ambae"
2025,"Logistics","Road Surface","earth",3500000,"Penama","South Ambae"
2025,"Logistics","Road Surface","earth",3500000,"Penama","North Maewo"
2025,"Logistics","Road Surface","earth",3500000,"Penama","South Maewo"
2025,"Logistics","Road Surface","earth",3500000,"Penama","North Pentecost"
2025,"Logistics","Road Surface","earth",3500000,"Penama","Central Pentecost 1"
2025,"Logistics","Road Surface","earth",3500000,"Penama","Central Pentecost 2"
2025,"Logistics","Road Surface","earth",3500000,"Penama","South Pentecost"
2025,"Logistics","Road Surface","earth",3500000,"Malampa","North West Malekula"
2025,"Logistics","Road Surface","earth",3500000,"Malampa","North East Malekula"
2025,"Logistics","Road Surface","earth",3500000,"Malampa","Central Malekula"
2025,"Logistics","Road Surface","earth",3500000,"Malampa","South West Malekula"
2025,"Logistics","Road Surface","earth",3500000,"Malampa","South East Malekula"
2025,"Logistics","Road Surface","earth",3500000,"Malampa","South Malekula"
2025,"Logistics","Road Surface","earth",3500000,"Malampa","North Ambrym"
2025,"Logistics","Road Surface","earth",3500000,"Malampa","West Ambrym"
2025,"Logistics","Road Surface","earth",3500000,"Malampa","South East Ambrym"
2025,"Logistics","Road Surface","earth",3500000,"Malampa","Paama"
2025,"Logistics","Road Surface","earth",3500000,"Shefa","Port Vila"
2025,"Logistics","Road Surface","earth",3500000,"Shefa","Vermali"
2025,"Logistics","Road Surface","earth",3500000,"Shefa","Vermaul"
2025,"Logistics","Road Surface","earth",3500000,"Shefa","Varisu"
2025,"Logistics","Road Surface","earth",3500000,"Shefa","South Epi"
2025,"Logistics","Road Surface","earth",3500000,"Shefa","North Tongoa"
2025,"Logistics","Road Surface","earth",3500000,"Shefa","Makimae"
2025,"Logistics","Road Surface","earth",3500000,"Shefa","Tongariki"
2025,"Logistics","Road Surface","earth",3500000,"Shefa","Nguna"
2025,"Logistics","Road Surface","earth",3500000,"Shefa","Emau"
2025,"Logistics","Road Surface","earth",3500000,"Shefa","Malorua"
2025,"Logistics","Road Surface","earth",3500000,"Shefa","North Efate"
2025,"Logistics","Road Surface","earth",3500000,"Shefa","Mele"
2025,"Logistics","Road Surface","earth",3500000,"Shefa","Tanvasoko"
2025,"Logistics","Road Surface","earth",3500000,"Shefa","Ifira"
2025,"Logistics","Road Surface","earth",3500000,"Shefa","Pango"
2025,"Logistics","Road Surface","earth",3500000,"Shefa","Erakor"
2025,"Logistics","Road Surface","earth",3500000,"Shefa","Eratap"
2025,"Logistics","Road Surface","earth",3500000,"Shefa","Eton"
2025,"Logistics","Road Surface","earth",3500000,"Tafea","North Erromango"
2025,"Logistics","Road Surface","earth",3500000,"Tafea","South Erromango"
2025,"Logistics","Road Surface","earth",3500000,"Tafea","Aniwa"
2025,"Logistics","Road Surface","earth",3500000,"Tafea","North Tanna"
2025,"Logistics","Road Surface","earth",3500000,"Tafea","West Tanna"
2025,"Logistics","Road Surface","earth",3500000,"Tafea","Middle Bush Tanna"
2025,"Logistics","Road Surface","earth",3500000,"Tafea","South West Tanna"
2025,"Logistics","Road Surface","earth",3500000,"Tafea","Whitesands"
2025,"Logistics","Road Surface","earth",3500000,"Tafea","South Tanna"
2025,"Logistics","Road Surface","earth",3500000,"Tafea","Futuna"
2025,"Logistics","Road Surface","earth",3500000,"Tafea","Aneityum"
2025,"Logistics","Road Surface","gravel",7e+06,"Torba","Torres"
2025,"Logistics","Road Surface","gravel",7e+06,"Torba","Ureparapara"
2025,"Logistics","Road Surface","gravel",7e+06,"Torba","Motalava"
2025,"Logistics","Road Surface","gravel",7e+06,"Torba","East Vanualava"
2025,"Logistics","Road Surface","gravel",7e+06,"Torba","West Vanualava"
2025,"Logistics","Road Surface","gravel",7e+06,"Torba","Mota"
2025,"Logistics","Road Surface","gravel",7e+06,"Torba","East Gaua"
2025,"Logistics","Road Surface","gravel",7e+06,"Torba","West Gaua"
2025,"Logistics","Road Surface","gravel",7e+06,"Torba","Merelava"
2025,"Logistics","Road Surface","gravel",7e+06,"Sanma","Luganville"
2025,"Logistics","Road Surface","gravel",7e+06,"Sanma","North West Santo"
2025,"Logistics","Road Surface","gravel",7e+06,"Sanma","Big Bay Coast"
2025,"Logistics","Road Surface","gravel",7e+06,"Sanma","Big Bay Inland"
2025,"Logistics","Road Surface","gravel",7e+06,"Sanma","West Santo"
2025,"Logistics","Road Surface","gravel",7e+06,"Sanma","South Santo 1"
2025,"Logistics","Road Surface","gravel",7e+06,"Sanma","South Santo 2"
2025,"Logistics","Road Surface","gravel",7e+06,"Sanma","East Santo"
2025,"Logistics","Road Surface","gravel",7e+06,"Sanma","South East Santo"
2025,"Logistics","Road Surface","gravel",7e+06,"Sanma","Canal Fanafo"
2025,"Logistics","Road Surface","gravel",7e+06,"Sanma","West Malo"
2025,"Logistics","Road Surface","gravel",7e+06,"Sanma","East Malo"
2025,"Logistics","Road Surface","gravel",7e+06,"Penama","West Ambae"
2025,"Logistics","Road Surface","gravel",7e+06,"Penama","North Ambae"
2025,"Logistics","Road Surface","gravel",7e+06,"Penama","East Ambae"
2025,"Logistics","Road Surface","gravel",7e+06,"Penama","South Ambae"
2025,"Logistics","Road Surface","gravel",7e+06,"Penama","North Maewo"
2025,"Logistics","Road Surface","gravel",7e+06,"Penama","South Maewo"
2025,"Logistics","Road Surface","gravel",7e+06,"Penama","North Pentecost"
2025,"Logistics","Road Surface","gravel",7e+06,"Penama","Central Pentecost 1"
2025,"Logistics","Road Surface","gravel",7e+06,"Penama","Central Pentecost 2"
2025,"Logistics","Road Surface","gravel",7e+06,"Penama","South Pentecost"
2025,"Logistics","Road Surface","gravel",7e+06,"Malampa","North West Malekula"
2025,"Logistics","Road Surface","gravel",7e+06,"Malampa","North East Malekula"
2025,"Logistics","Road Surface","gravel",7e+06,"Malampa","Central Malekula"
2025,"Logistics","Road Surface","gravel",7e+06,"Malampa","South West Malekula"
2025,"Logistics","Road Surface","gravel",7e+06,"Malampa","South East Malekula"
2025,"Logistics","Road Surface","gravel",7e+06,"Malampa","South Malekula"
2025,"Logistics","Road Surface","gravel",7e+06,"Malampa","North Ambrym"
2025,"Logistics","Road Surface","gravel",7e+06,"Malampa","West Ambrym"
2025,"Logistics","Road Surface","gravel",7e+06,"Malampa","South East Ambrym"
2025,"Logistics","Road Surface","gravel",7e+06,"Malampa","Paama"
2025,"Logistics","Road Surface","gravel",7e+06,"Shefa","Port Vila"
2025,"Logistics","Road Surface","gravel",7e+06,"Shefa","Vermali"
2025,"Logistics","Road Surface","gravel",7e+06,"Shefa","Vermaul"
2025,"Logistics","Road Surface","gravel",7e+06,"Shefa","Varisu"
2025,"Logistics","Road Surface","gravel",7e+06,"Shefa","South Epi"
2025,"Logistics","Road Surface","gravel",7e+06,"Shefa","North Tongoa"
2025,"Logistics","Road Surface","gravel",7e+06,"Shefa","Makimae"
2025,"Logistics","Road Surface","gravel",7e+06,"Shefa","Tongariki"
2025,"Logistics","Road Surface","gravel",7e+06,"Shefa","Nguna"
2025,"Logistics","Road Surface","gravel",7e+06,"Shefa","Emau"
2025,"Logistics","Road Surface","gravel",7e+06,"Shefa","Malorua"
2025,"Logistics","Road Surface","gravel",7e+06,"Shefa","North Efate"
2025,"Logistics","Road Surface","gravel",7e+06,"Shefa","Mele"
2025,"Logistics","Road Surface","gravel",7e+06,"Shefa","Tanvasoko"
2025,"Logistics","Road Surface","gravel",7e+06,"Shefa","Ifira"
2025,"Logistics","Road Surface","gravel",7e+06,"Shefa","Pango"
2025,"Logistics","Road Surface","gravel",7e+06,"Shefa","Erakor"
2025,"Logistics","Road Surface","gravel",7e+06,"Shefa","Eratap"
2025,"Logistics","Road Surface","gravel",7e+06,"Shefa","Eton"
2025,"Logistics","Road Surface","gravel",7e+06,"Tafea","North Erromango"
2025,"Logistics","Road Surface","gravel",7e+06,"Tafea","South Erromango"
2025,"Logistics","Road Surface","gravel",7e+06,"Tafea","Aniwa"
2025,"Logistics","Road Surface","gravel",7e+06,"Tafea","North Tanna"
2025,"Logistics","Road Surface","gravel",7e+06,"Tafea","West Tanna"
2025,"Logistics","Road Surface","gravel",7e+06,"Tafea","Middle Bush Tanna"
2025,"Logistics","Road Surface","gravel",7e+06,"Tafea","South West Tanna"
2025,"Logistics","Road Surface","gravel",7e+06,"Tafea","Whitesands"
2025,"Logistics","Road Surface","gravel",7e+06,"Tafea","South Tanna"
2025,"Logistics","Road Surface","gravel",7e+06,"Tafea","Futuna"
2025,"Logistics","Road Surface","gravel",7e+06,"Tafea","Aneityum"
2025,"Shelter","Household Roof Material","concrete",9e+05,"Torba","Torres"
2025,"Shelter","Household Roof Material","concrete",9e+05,"Torba","Ureparapara"
2025,"Shelter","Household Roof Material","concrete",9e+05,"Torba","Motalava"
2025,"Shelter","Household Roof Material","concrete",9e+05,"Torba","East Vanualava"
2025,"Shelter","Household Roof Material","concrete",9e+05,"Torba","West Vanualava"
2025,"Shelter","Household Roof Material","concrete",9e+05,"Torba","Mota"
2025,"Shelter","Household Roof Material","concrete",9e+05,"Torba","East Gaua"
2025,"Shelter","Household Roof Material","concrete",9e+05,"Torba","West Gaua"
2025,"Shelter","Household Roof Material","concrete",9e+05,"Torba","Merelava"
2025,"Shelter","Household Roof Material","concrete",9e+05,"Sanma","Luganville"
2025,"Shelter","Household Roof Material","concrete",9e+05,"Sanma","North West Santo"
2025,"Shelter","Household Roof Material","concrete",9e+05,"Sanma","Big Bay Coast"
2025,"Shelter","Household Roof Material","concrete",9e+05,"Sanma","Big Bay Inland"
2025,"Shelter","Household Roof Material","concrete",9e+05,"Sanma","West Santo"
2025,"Shelter","Household Roof Material","concrete",9e+05,"Sanma","South Santo 1"
2025,"Shelter","Household Roof Material","concrete",9e+05,"Sanma","South Santo 2"
2025,"Shelter","Household Roof Material","concrete",9e+05,"Sanma","East Santo"
2025,"Shelter","Household Roof Material","concrete",9e+05,"Sanma","South East Santo"
2025,"Shelter","Household Roof Material","concrete",9e+05,"Sanma","Canal Fanafo"
2025,"Shelter","Household Roof Material","concrete",9e+05,"Sanma","West Malo"
2025,"Shelter","Household Roof Material","concrete",9e+05,"Sanma","East Malo"
2025,"Shelter","Household Roof Material","concrete",9e+05,"Penama","West Ambae"
2025,"Shelter","Household Roof Material","concrete",9e+05,"Penama","North Ambae"
2025,"Shelter","Household Roof Material","concrete",9e+05,"Penama","East Ambae"
2025,"Shelter","Household Roof Material","concrete",9e+05,"Penama","South Ambae"
2025,"Shelter","Household Roof Material","concrete",9e+05,"Penama","North Maewo"
2025,"Shelter","Household Roof Material","concrete",9e+05,"Penama","South Maewo"
2025,"Shelter","Household Roof Material","concrete",9e+05,"Penama","North Pentecost"
2025,"Shelter","Household Roof Material","concrete",9e+05,"Penama","Central Pentecost 1"
2025,"Shelter","Household Roof Material","concrete",9e+05,"Penama","Central Pentecost 2"
2025,"Shelter","Household Roof Material","concrete",9e+05,"Penama","South Pentecost"
2025,"Shelter","Household Roof Material","concrete",9e+05,"Malampa","North West Malekula"
2025,"Shelter","Household Roof Material","concrete",9e+05,"Malampa","North East Malekula"
2025,"Shelter","Household Roof Material","concrete",9e+05,"Malampa","Central Malekula"
2025,"Shelter","Household Roof Material","concrete",9e+05,"Malampa","South West Malekula"
2025,"Shelter","Household Roof Material","concrete",9e+05,"Malampa","South East Malekula"
2025,"Shelter","Household Roof Material","concrete",9e+05,"Malampa","South Malekula"
2025,"Shelter","Household Roof Material","concrete",9e+05,"Malampa","North Ambrym"
2025,"Shelter","Household Roof Material","concrete",9e+05,"Malampa","West Ambrym"
2025,"Shelter","Household Roof Material","concrete",9e+05,"Malampa","South East Ambrym"
2025,"Shelter","Household Roof Material","concrete",9e+05,"Malampa","Paama"
2025,"Shelter","Household Roof Material","concrete",9e+05,"Shefa","Port Vila"
2025,"Shelter","Household Roof Material","concrete",9e+05,"Shefa","Vermali"
2025,"Shelter","Household Roof Material","concrete",9e+05,"Shefa","Vermaul"
2025,"Shelter","Household Roof Material","concrete",9e+05,"Shefa","Varisu"
2025,"Shelter","Household Roof Material","concrete",9e+05,"Shefa","South Epi"
2025,"Shelter","Household Roof Material","concrete",9e+05,"Shefa","North Tongoa"
2025,"Shelter","Household Roof Material","concrete",9e+05,"Shefa","Makimae"
2025,"Shelter","Household Roof Material","concrete",9e+05,"Shefa","Tongariki"
2025,"Shelter","Household Roof Material","concrete",9e+05,"Shefa","Nguna"
2025,"Shelter","Household Roof Material","concrete",9e+05,"Shefa","Emau"
2025,"Shelter","Household Roof Material","concrete",9e+05,"Shefa","Malorua"
2025,"Shelter","Household Roof Material","concrete",9e+05,"Shefa","North Efate"
2025,"Shelter","Household Roof Material","concrete",9e+05,"Shefa","Mele"
2025,"Shelter","Household Roof Material","concrete",9e+05,"Shefa","Tanvasoko"
2025,"Shelter","Household Roof Material","concrete",9e+05,"Shefa","Ifira"
2025,"Shelter","Household Roof Material","concrete",9e+05,"Shefa","Pango"
2025,"Shelter","Household Roof Material","concrete",9e+05,"Shefa","Erakor"
2025,"Shelter","Household Roof Material","concrete",9e+05,"Shefa","Eratap"
2025,"Shelter","Household Roof Material","concrete",9e+05,"Shefa","Eton"
2025,"Shelter","Household Roof Material","concrete",9e+05,"Tafea","North Erromango"
2025,"Shelter","Household Roof Material","concrete",9e+05,"Tafea","South Erromango"
2025,"Shelter","Household Roof Material","concrete",9e+05,"Tafea","Aniwa"
2025,"Shelter","Household Roof Material","concrete",9e+05,"Tafea","North Tanna"
2025,"Shelter","Household Roof Material","concrete",9e+05,"Tafea","West Tanna"
2025,"Shelter","Household Roof Material","concrete",9e+05,"Tafea","Middle Bush Tanna"
2025,"Shelter","Household Roof Material","concrete",9e+05,"Tafea","South West Tanna"
2025,"Shelter","Household Roof Material","concrete",9e+05,"Tafea","Whitesands"
2025,"Shelter","Household Roof Material","concrete",9e+05,"Tafea","South Tanna"
2025,"Shelter","Household Roof Material","concrete",9e+05,"Tafea","Futuna"
2025,"Shelter","Household Roof Material","concrete",9e+05,"Tafea","Aneityum"
2025,"Shelter","Household Roof Material","metal",450000,"Torba","Torres"
2025,"Shelter","Household Roof Material","metal",450000,"Torba","Ureparapara"
2025,"Shelter","Household Roof Material","metal",450000,"Torba","Motalava"
2025,"Shelter","Household Roof Material","metal",450000,"Torba","East Vanualava"
2025,"Shelter","Household Roof Material","metal",450000,"Torba","West Vanualava"
2025,"Shelter","Household Roof Material","metal",450000,"Torba","Mota"
2025,"Shelter","Household Roof Material","metal",450000,"Torba","East Gaua"
2025,"Shelter","Household Roof Material","metal",450000,"Torba","West Gaua"
2025,"Shelter","Household Roof Material","metal",450000,"Torba","Merelava"
2025,"Shelter","Household Roof Material","metal",450000,"Sanma","Luganville"
2025,"Shelter","Household Roof Material","metal",450000,"Sanma","North West Santo"
2025,"Shelter","Household Roof Material","metal",450000,"Sanma","Big Bay Coast"
2025,"Shelter","Household Roof Material","metal",450000,"Sanma","Big Bay Inland"
2025,"Shelter","Household Roof Material","metal",450000,"Sanma","West Santo"
2025,"Shelter","Household Roof Material","metal",450000,"Sanma","South Santo 1"
2025,"Shelter","Household Roof Material","metal",450000,"Sanma","South Santo 2"
2025,"Shelter","Household Roof Material","metal",450000,"Sanma","East Santo"
2025,"Shelter","Household Roof Material","metal",450000,"Sanma","South East Santo"
2025,"Shelter","Household Roof Material","metal",450000,"Sanma","Canal Fanafo"
2025,"Shelter","Household Roof Material","metal",450000,"Sanma","West Malo"
2025,"Shelter","Household Roof Material","metal",450000,"Sanma","East Malo"
2025,"Shelter","Household Roof Material","metal",450000,"Penama","West Ambae"
2025,"Shelter","Household Roof Material","metal",450000,"Penama","North Ambae"
2025,"Shelter","Household Roof Material","metal",450000,"Penama","East Ambae"
2025,"Shelter","Household Roof Material","metal",450000,"Penama","South Ambae"
2025,"Shelter","Household Roof Material","metal",450000,"Penama","North Maewo"
2025,"Shelter","Household Roof Material","metal",450000,"Penama","South Maewo"
2025,"Shelter","Household Roof Material","metal",450000,"Penama","North Pentecost"
2025,"Shelter","Household Roof Material","metal",450000,"Penama","Central Pentecost 1"
2025,"Shelter","Household Roof Material","metal",450000,"Penama","Central Pentecost 2"
2025,"Shelter","Household Roof Material","metal",450000,"Penama","South Pentecost"
2025,"Shelter","Household Roof Material","metal",450000,"Malampa","North West Malekula"
2025,"Shelter","Household Roof Material","metal",450000,"Malampa","North East Malekula"
2025,"Shelter","Household Roof Material","metal",450000,"Malampa","Central Malekula"
2025,"Shelter","Household Roof Material","metal",450000,"Malampa","South West Malekula"
2025,"Shelter","Household Roof Material","metal",450000,"Malampa","South East Malekula"
2025,"Shelter","Household Roof Material","metal",450000,"Malampa","South Malekula"
2025,"Shelter","Household Roof Material","metal",450000,"Malampa","North Ambrym"
2025,"Shelter","Household Roof Material","metal",450000,"Malampa","West Ambrym"
2025,"Shelter","Household Roof Material","metal",450000,"Malampa","South East Ambrym"
2025,"Shelter","Household Roof Material","metal",450000,"Malampa","Paama"
2025,"Shelter","Household Roof Material","metal",450000,"Shefa","Port Vila"
2025,"Shelter","Household Roof Material","metal",450000,"Shefa","Vermali"
2025,"Shelter","Household Roof Material","metal",450000,"Shefa","Vermaul"
2025,"Shelter","Household Roof Material","metal",450000,"Shefa","Varisu"
2025,"Shelter","Household Roof Material","metal",450000,"Shefa","South Epi"
2025,"Shelter","Household Roof Material","metal",450000,"Shefa","North Tongoa"
2025,"Shelter","Household Roof Material","metal",450000,"Shefa","Makimae"
2025,"Shelter","Household Roof Material","metal",450000,"Shefa","Tongariki"
2025,"Shelter","Household Roof Material","metal",450000,"Shefa","Nguna"
2025,"Shelter","Household Roof Material","metal",450000,"Shefa","Emau"
2025,"Shelter","Household Roof Material","metal",450000,"Shefa","Malorua"
2025,"Shelter","Household Roof Material","metal",450000,"Shefa","North Efate"
2025,"Shelter","Household Roof Material","metal",450000,"Shefa","Mele"
2025,"Shelter","Household Roof Material","metal",450000,"Shefa","Tanvasoko"
2025,"Shelter","Household Roof Material","metal",450000,"Shefa","Ifira"
2025,"Shelter","Household Roof Material","metal",450000,"Shefa","Pango"
2025,"Shelter","Household Roof Material","metal",450000,"Shefa","Erakor"
2025,"Shelter","Household Roof Material","metal",450000,"Shefa","Eratap"
2025,"Shelter","Household Roof Material","metal",450000,"Shefa","Eton"
2025,"Shelter","Household Roof Material","metal",450000,"Tafea","North Erromango"
2025,"Shelter","Household Roof Material","metal",450000,"Tafea","South Erromango"
2025,"Shelter","Household Roof Material","metal",450000,"Tafea","Aniwa"
2025,"Shelter","Household Roof Material","metal",450000,"Tafea","North Tanna"
2025,"Shelter","Household Roof Material","metal",450000,"Tafea","West Tanna"
2025,"Shelter","Household Roof Material","metal",450000,"Tafea","Middle Bush Tanna"
2025,"Shelter","Household Roof Material","metal",450000,"Tafea","South West Tanna"
2025,"Shelter","Household Roof Material","metal",450000,"Tafea","Whitesands"
2025,"Shelter","Household Roof Material","metal",450000,"Tafea","South Tanna"
2025,"Shelter","Household Roof Material","metal",450000,"Tafea","Futuna"
2025,"Shelter","Household Roof Material","metal",450000,"Tafea","Aneityum"
2025,"Shelter","Household Roof Material","wood",250000,"Torba","Torres"
2025,"Shelter","Household Roof Material","wood",250000,"Torba","Ureparapara"
2025,"Shelter","Household Roof Material","wood",250000,"Torba","Motalava"
2025,"Shelter","Household Roof Material","wood",250000,"Torba","East Vanualava"
2025,"Shelter","Household Roof Material","wood",250000,"Torba","West Vanualava"
2025,"Shelter","Household Roof Material","wood",250000,"Torba","Mota"
2025,"Shelter","Household Roof Material","wood",250000,"Torba","East Gaua"
2025,"Shelter","Household Roof Material","wood",250000,"Torba","West Gaua"
2025,"Shelter","Household Roof Material","wood",250000,"Torba","Merelava"
2025,"Shelter","Household Roof Material","wood",250000,"Sanma","Luganville"
2025,"Shelter","Household Roof Material","wood",250000,"Sanma","North West Santo"
2025,"Shelter","Household Roof Material","wood",250000,"Sanma","Big Bay Coast"
2025,"Shelter","Household Roof Material","wood",250000,"Sanma","Big Bay Inland"
2025,"Shelter","Household Roof Material","wood",250000,"Sanma","West Santo"
2025,"Shelter","Household Roof Material","wood",250000,"Sanma","South Santo 1"
2025,"Shelter","Household Roof Material","wood",250000,"Sanma","South Santo 2"
2025,"Shelter","Household Roof Material","wood",250000,"Sanma","East Santo"
2025,"Shelter","Household Roof Material","wood",250000,"Sanma","South East Santo"
2025,"Shelter","Household Roof Material","wood",250000,"Sanma","Canal Fanafo"
2025,"Shelter","Household Roof Material","wood",250000,"Sanma","West Malo"
2025,"Shelter","Household Roof Material","wood",250000,"Sanma","East Malo"
2025,"Shelter","Household Roof Material","wood",250000,"Penama","West Ambae"
2025,"Shelter","Household Roof Material","wood",250000,"Penama","North Ambae"
2025,"Shelter","Household Roof Material","wood",250000,"Penama","East Ambae"
2025,"Shelter","Household Roof Material","wood",250000,"Penama","South Ambae"
2025,"Shelter","Household Roof Material","wood",250000,"Penama","North Maewo"
2025,"Shelter","Household Roof Material","wood",250000,"Penama","South Maewo"
2025,"Shelter","Household Roof Material","wood",250000,"Penama","North Pentecost"
2025,"Shelter","Household Roof Material","wood",250000,"Penama","Central Pentecost 1"
2025,"Shelter","Household Roof Material","wood",250000,"Penama","Central Pentecost 2"
2025,"Shelter","Household Roof Material","wood",250000,"Penama","South Pentecost"
2025,"Shelter","Household Roof Material","wood",250000,"Malampa","North West Malekula"
2025,"Shelter","Household Roof Material","wood",250000,"Malampa","North East Malekula"
2025,"Shelter","Household Roof Material","wood",250000,"Malampa","Central Malekula"
2025,"Shelter","Household Roof Material","wood",250000,"Malampa","South West Malekula"
2025,"Shelter","Household Roof Material","wood",250000,"Malampa","South East Malekula"
2025,"Shelter","Household Roof Material","wood",250000,"Malampa","South Malekula"
2025,"Shelter","Household Roof Material","wood",250000,"Malampa","North Ambrym"
2025,"Shelter","Household Roof Material","wood",250000,"Malampa","West Ambrym"
2025,"Shelter","Household Roof Material","wood",250000,"Malampa","South East Ambrym"
2025,"Shelter","Household Roof Material","wood",250000,"Malampa","Paama"
2025,"Shelter","Household Roof Material","wood",250000,"Shefa","Port Vila"
2025,"Shelter","Household Roof Material","wood",250000,"Shefa","Vermali"
2025,"Shelter","Household Roof Material","wood",250000,"Shefa","Vermaul"
2025,"Shelter","Household Roof Material","wood",250000,"Shefa","Varisu"
2025,"Shelter","Household Roof Material","wood",250000,"Shefa","South Epi"
2025,"Shelter","Household Roof Material","wood",250000,"Shefa","North Tongoa"
2025,"Shelter","Household Roof Material","wood",250000,"Shefa","Makimae"
2025,"Shelter","Household Roof Material","wood",250000,"Shefa","Tongariki"
2025,"Shelter","Household Roof Material","wood",250000,"Shefa","Nguna"
2025,"Shelter","Household Roof Material","wood",250000,"Shefa","Emau"
2025,"Shelter","Household Roof Material","wood",250000,"Shefa","Malorua"
2025,"Shelter","Household Roof Material","wood",250000,"Shefa","North Efate"
2025,"Shelter","Household Roof Material","wood",250000,"Shefa","Mele"
2025,"Shelter","Household Roof Material","wood",250000,"Shefa","Tanvasoko"
2025,"Shelter","Household Roof Material","wood",250000,"Shefa","Ifira"
2025,"Shelter","Household Roof Material","wood",250000,"Shefa","Pango"
2025,"Shelter","Household Roof Material","wood",250000,"Shefa","Erakor"
2025,"Shelter","Household Roof Material","wood",250000,"Shefa","Eratap"
2025,"Shelter","Household Roof Material","wood",250000,"Shefa","Eton"
2025,"Shelter","Household Roof Material","wood",250000,"Tafea","North Erromango"
2025,"Shelter","Household Roof Material","wood",250000,"Tafea","South Erromango"
2025,"Shelter","Household Roof Material","wood",250000,"Tafea","Aniwa"
2025,"Shelter","Household Roof Material","wood",250000,"Tafea","North Tanna"
2025,"Shelter","Household Roof Material","wood",250000,"Tafea","West Tanna"
2025,"Shelter","Household Roof Material","wood",250000,"Tafea","Middle Bush Tanna"
2025,"Shelter","Household Roof Material","wood",250000,"Tafea","South West Tanna"
2025,"Shelter","Household Roof Material","wood",250000,"Tafea","Whitesands"
2025,"Shelter","Household Roof Material","wood",250000,"Tafea","South Tanna"
2025,"Shelter","Household Roof Material","wood",250000,"Tafea","Futuna"
2025,"Shelter","Household Roof Material","wood",250000,"Tafea","Aneityum"
2025,"Shelter","Household Wall Material","concrete",1400000,"Torba","Torres"
2025,"Shelter","Household Wall Material","concrete",1400000,"Torba","Ureparapara"
2025,"Shelter","Household Wall Material","concrete",1400000,"Torba","Motalava"
2025,"Shelter","Household Wall Material","concrete",1400000,"Torba","East Vanualava"
2025,"Shelter","Household Wall Material","concrete",1400000,"Torba","West Vanualava"
2025,"Shelter","Household Wall Material","concrete",1400000,"Torba","Mota"
2025,"Shelter","Household Wall Material","concrete",1400000,"Torba","East Gaua"
2025,"Shelter","Household Wall Material","concrete",1400000,"Torba","West Gaua"
2025,"Shelter","Household Wall Material","concrete",1400000,"Torba","Merelava"
2025,"Shelter","Household Wall Material","concrete",1400000,"Sanma","Luganville"
2025,"Shelter","Household Wall Material","concrete",1400000,"Sanma","North West Santo"
2025,"Shelter","Household Wall Material","concrete",1400000,"Sanma","Big Bay Coast"
2025,"Shelter","Household Wall Material","concrete",1400000,"Sanma","Big Bay Inland"
2025,"Shelter","Household Wall Material","concrete",1400000,"Sanma","West Santo"
2025,"Shelter","Household Wall Material","concrete",1400000,"Sanma","South Santo 1"
2025,"Shelter","Household Wall Material","concrete",1400000,"Sanma","South Santo 2"
2025,"Shelter","Household Wall Material","concrete",1400000,"Sanma","East Santo"
2025,"Shelter","Household Wall Material","concrete",1400000,"Sanma","South East Santo"
2025,"Shelter","Household Wall Material","concrete",1400000,"Sanma","Canal Fanafo"
2025,"Shelter","Household Wall Material","concrete",1400000,"Sanma","West Malo"
2025,"Shelter","Household Wall Material","concrete",1400000,"Sanma","East Malo"
2025,"Shelter","Household Wall Material","concrete",1400000,"Penama","West Ambae"
2025,"Shelter","Household Wall Material","concrete",1400000,"Penama","North Ambae"
2025,"Shelter","Household Wall Material","concrete",1400000,"Penama","East Ambae"
2025,"Shelter","Household Wall Material","concrete",1400000,"Penama","South Ambae"
2025,"Shelter","Household Wall Material","concrete",1400000,"Penama","North Maewo"
2025,"Shelter","Household Wall Material","concrete",1400000,"Penama","South Maewo"
2025,"Shelter","Household Wall Material","concrete",1400000,"Penama","North Pentecost"
2025,"Shelter","Household Wall Material","concrete",1400000,"Penama","Central Pentecost 1"
2025,"Shelter","Household Wall Material","concrete",1400000,"Penama","Central Pentecost 2"
2025,"Shelter","Household Wall Material","concrete",1400000,"Penama","South Pentecost"
2025,"Shelter","Household Wall Material","concrete",1400000,"Malampa","North West Malekula"
2025,"Shelter","Household Wall Material","concrete",1400000,"Malampa","North East Malekula"
2025,"Shelter","Household Wall Material","concrete",1400000,"Malampa","Central Malekula"
2025,"Shelter","Household Wall Material","concrete",1400000,"Malampa","South West Malekula"
2025,"Shelter","Household Wall Material","concrete",1400000,"Malampa","South East Malekula"
2025,"Shelter","Household Wall Material","concrete",1400000,"Malampa","South Malekula"
2025,"Shelter","Household Wall Material","concrete",1400000,"Malampa","North Ambrym"
2025,"Shelter","Household Wall Material","concrete",1400000,"Malampa","West Ambrym"
2025,"Shelter","Household Wall Material","concrete",1400000,"Malampa","South East Ambrym"
2025,"Shelter","Household Wall Material","concrete",1400000,"Malampa","Paama"
2025,"Shelter","Household Wall Material","concrete",1400000,"Shefa","Port Vila"
2025,"Shelter","Household Wall Material","concrete",1400000,"Shefa","Vermali"
2025,"Shelter","Household Wall Material","concrete",1400000,"Shefa","Vermaul"
2025,"Shelter","Household Wall Material","concrete",1400000,"Shefa","Varisu"
2025,"Shelter","Household Wall Material","concrete",1400000,"Shefa","South Epi"
2025,"Shelter","Household Wall Material","concrete",1400000,"Shefa","North Tongoa"
2025,"Shelter","Household Wall Material","concrete",1400000,"Shefa","Makimae"
2025,"Shelter","Household Wall Material","concrete",1400000,"Shefa","Tongariki"
2025,"Shelter","Household Wall Material","concrete",1400000,"Shefa","Nguna"
2025,"Shelter","Household Wall Material","concrete",1400000,"Shefa","Emau"
2025,"Shelter","Household Wall Material","concrete",1400000,"Shefa","Malorua"
2025,"Shelter","Household Wall Material","concrete",1400000,"Shefa","North Efate"
2025,"Shelter","Household Wall Material","concrete",1400000,"Shefa","Mele"
2025,"Shelter","Household Wall Material","concrete",1400000,"Shefa","Tanvasoko"
2025,"Shelter","Household Wall Material","concrete",1400000,"Shefa","Ifira"
2025,"Shelter","Household Wall Material","concrete",1400000,"Shefa","Pango"
2025,"Shelter","Household Wall Material","concrete",1400000,"Shefa","Erakor"
2025,"Shelter","Household Wall Material","concrete",1400000,"Shefa","Eratap"
2025,"Shelter","Household Wall Material","concrete",1400000,"Shefa","Eton"
2025,"Shelter","Household Wall Material","concrete",1400000,"Tafea","North Erromango"
2025,"Shelter","Household Wall Material","concrete",1400000,"Tafea","South Erromango"
2025,"Shelter","Household Wall Material","concrete",1400000,"Tafea","Aniwa"
2025,"Shelter","Household Wall Material","concrete",1400000,"Tafea","North Tanna"
2025,"Shelter","Household Wall Material","concrete",1400000,"Tafea","West Tanna"
2025,"Shelter","Household Wall Material","concrete",1400000,"Tafea","Middle Bush Tanna"
2025,"Shelter","Household Wall Material","concrete",1400000,"Tafea","South West Tanna"
2025,"Shelter","Household Wall Material","concrete",1400000,"Tafea","Whitesands"
2025,"Shelter","Household Wall Material","concrete",1400000,"Tafea","South Tanna"
2025,"Shelter","Household Wall Material","concrete",1400000,"Tafea","Futuna"
2025,"Shelter","Household Wall Material","concrete",1400000,"Tafea","Aneityum"
2025,"Shelter","Household Wall Material","metal",7e+05,"Torba","Torres"
2025,"Shelter","Household Wall Material","metal",7e+05,"Torba","Ureparapara"
2025,"Shelter","Household Wall Material","metal",7e+05,"Torba","Motalava"
2025,"Shelter","Household Wall Material","metal",7e+05,"Torba","East Vanualava"
2025,"Shelter","Household Wall Material","metal",7e+05,"Torba","West Vanualava"
2025,"Shelter","Household Wall Material","metal",7e+05,"Torba","Mota"
2025,"Shelter","Household Wall Material","metal",7e+05,"Torba","East Gaua"
2025,"Shelter","Household Wall Material","metal",7e+05,"Torba","West Gaua"
2025,"Shelter","Household Wall Material","metal",7e+05,"Torba","Merelava"
2025,"Shelter","Household Wall Material","metal",7e+05,"Sanma","Luganville"
2025,"Shelter","Household Wall Material","metal",7e+05,"Sanma","North West Santo"
2025,"Shelter","Household Wall Material","metal",7e+05,"Sanma","Big Bay Coast"
2025,"Shelter","Household Wall Material","metal",7e+05,"Sanma","Big Bay Inland"
2025,"Shelter","Household Wall Material","metal",7e+05,"Sanma","West Santo"
2025,"Shelter","Household Wall Material","metal",7e+05,"Sanma","South Santo 1"
2025,"Shelter","Household Wall Material","metal",7e+05,"Sanma","South Santo 2"
2025,"Shelter","Household Wall Material","metal",7e+05,"Sanma","East Santo"
2025,"Shelter","Household Wall Material","metal",7e+05,"Sanma","South East Santo"
2025,"Shelter","Household Wall Material","metal",7e+05,"Sanma","Canal Fanafo"
2025,"Shelter","Household Wall Material","metal",7e+05,"Sanma","West Malo"
2025,"Shelter","Household Wall Material","metal",7e+05,"Sanma","East Malo"
2025,"Shelter","Household Wall Material","metal",7e+05,"Penama","West Ambae"
2025,"Shelter","Household Wall Material","metal",7e+05,"Penama","North Ambae"
2025,"Shelter","Household Wall Material","metal",7e+05,"Penama","East Ambae"
2025,"Shelter","Household Wall Material","metal",7e+05,"Penama","South Ambae"
2025,"Shelter","Household Wall Material","metal",7e+05,"Penama","North Maewo"
2025,"Shelter","Household Wall Material","metal",7e+05,"Penama","South Maewo"
2025,"Shelter","Household Wall Material","metal",7e+05,"Penama","North Pentecost"
2025,"Shelter","Household Wall Material","metal",7e+05,"Penama","Central Pentecost 1"
2025,"Shelter","Household Wall Material","metal",7e+05,"Penama","Central Pentecost 2"
2025,"Shelter","Household Wall Material","metal",7e+05,"Penama","South Pentecost"
2025,"Shelter","Household Wall Material","metal",7e+05,"Malampa","North West Malekula"
2025,"Shelter","Household Wall Material","metal",7e+05,"Malampa","North East Malekula"
2025,"Shelter","Household Wall Material","metal",7e+05,"Malampa","Central Malekula"
2025,"Shelter","Household Wall Material","metal",7e+05,"Malampa","South West Malekula"
2025,"Shelter","Household Wall Material","metal",7e+05,"Malampa","South East Malekula"
2025,"Shelter","Household Wall Material","metal",7e+05,"Malampa","South Malekula"
2025,"Shelter","Household Wall Material","metal",7e+05,"Malampa","North Ambrym"
2025,"Shelter","Household Wall Material","metal",7e+05,"Malampa","West Ambrym"
2025,"Shelter","Household Wall Material","metal",7e+05,"Malampa","South East Ambrym"
2025,"Shelter","Household Wall Material","metal",7e+05,"Malampa","Paama"
2025,"Shelter","Household Wall Material","metal",7e+05,"Shefa","Port Vila"
2025,"Shelter","Household Wall Material","metal",7e+05,"Shefa","Vermali"
2025,"Shelter","Household Wall Material","metal",7e+05,"Shefa","Vermaul"
2025,"Shelter","Household Wall Material","metal",7e+05,"Shefa","Varisu"
2025,"Shelter","Household Wall Material","metal",7e+05,"Shefa","South Epi"
2025,"Shelter","Household Wall Material","metal",7e+05,"Shefa","North Tongoa"
2025,"Shelter","Household Wall Material","metal",7e+05,"Shefa","Makimae"
2025,"Shelter","Household Wall Material","metal",7e+05,"Shefa","Tongariki"
2025,"Shelter","Household Wall Material","metal",7e+05,"Shefa","Nguna"
2025,"Shelter","Household Wall Material","metal",7e+05,"Shefa","Emau"
2025,"Shelter","Household Wall Material","metal",7e+05,"Shefa","Malorua"
2025,"Shelter","Household Wall Material","metal",7e+05,"Shefa","North Efate"
2025,"Shelter","Household Wall Material","metal",7e+05,"Shefa","Mele"
2025,"Shelter","Household Wall Material","metal",7e+05,"Shefa","Tanvasoko"
2025,"Shelter","Household Wall Material","metal",7e+05,"Shefa","Ifira"
2025,"Shelter","Household Wall Material","metal",7e+05,"Shefa","Pango"
2025,"Shelter","Household Wall Material","metal",7e+05,"Shefa","Erakor"
2025,"Shelter","Household Wall Material","metal",7e+05,"Shefa","Eratap"
2025,"Shelter","Household Wall Material","metal",7e+05,"Shefa","Eton"
2025,"Shelter","Household Wall Material","metal",7e+05,"Tafea","North Erromango"
2025,"Shelter","Household Wall Material","metal",7e+05,"Tafea","South Erromango"
2025,"Shelter","Household Wall Material","metal",7e+05,"Tafea","Aniwa"
2025,"Shelter","Household Wall Material","metal",7e+05,"Tafea","North Tanna"
2025,"Shelter","Household Wall Material","metal",7e+05,"Tafea","West Tanna"
2025,"Shelter","Household Wall Material","metal",7e+05,"Tafea","Middle Bush Tanna"
2025,"Shelter","Household Wall Material","metal",7e+05,"Tafea","South West Tanna"
2025,"Shelter","Household Wall Material","metal",7e+05,"Tafea","Whitesands"
2025,"Shelter","Household Wall Material","metal",7e+05,"Tafea","South Tanna"
2025,"Shelter","Household Wall Material","metal",7e+05,"Tafea","Futuna"
2025,"Shelter","Household Wall Material","metal",7e+05,"Tafea","Aneityum"
2025,"Shelter","Household Wall Material","wood",4e+05,"Torba","Torres"
2025,"Shelter","Household Wall Material","wood",4e+05,"Torba","Ureparapara"
2025,"Shelter","Household Wall Material","wood",4e+05,"Torba","Motalava"
2025,"Shelter","Household Wall Material","wood",4e+05,"Torba","East Vanualava"
2025,"Shelter","Household Wall Material","wood",4e+05,"Torba","West Vanualava"
2025,"Shelter","Household Wall Material","wood",4e+05,"Torba","Mota"
2025,"Shelter","Household Wall Material","wood",4e+05,"Torba","East Gaua"
2025,"Shelter","Household Wall Material","wood",4e+05,"Torba","West Gaua"
2025,"Shelter","Household Wall Material","wood",4e+05,"Torba","Merelava"
2025,"Shelter","Household Wall Material","wood",4e+05,"Sanma","Luganville"
2025,"Shelter","Household Wall Material","wood",4e+05,"Sanma","North West Santo"
2025,"Shelter","Household Wall Material","wood",4e+05,"Sanma","Big Bay Coast"
2025,"Shelter","Household Wall Material","wood",4e+05,"Sanma","Big Bay Inland"
2025,"Shelter","Household Wall Material","wood",4e+05,"Sanma","West Santo"
2025,"Shelter","Household Wall Material","wood",4e+05,"Sanma","South Santo 1"
2025,"Shelter","Household Wall Material","wood",4e+05,"Sanma","South Santo 2"
2025,"Shelter","Household Wall Material","wood",4e+05,"Sanma","East Santo"
2025,"Shelter","Household Wall Material","wood",4e+05,"Sanma","South East Santo"
2025,"Shelter","Household Wall Material","wood",4e+05,"Sanma","Canal Fanafo"
2025,"Shelter","Household Wall Material","wood",4e+05,"Sanma","West Malo"
2025,"Shelter","Household Wall Material","wood",4e+05,"Sanma","East Malo"
2025,"Shelter","Household Wall Material","wood",4e+05,"Penama","West Ambae"
2025,"Shelter","Household Wall Material","wood",4e+05,"Penama","North Ambae"
2025,"Shelter","Household Wall Material","wood",4e+05,"Penama","East Ambae"
2025,"Shelter","Household Wall Material","wood",4e+05,"Penama","South Ambae"
2025,"Shelter","Household Wall Material","wood",4e+05,"Penama","North Maewo"
2025,"Shelter","Household Wall Material","wood",4e+05,"Penama","South Maewo"
2025,"Shelter","Household Wall Material","wood",4e+05,"Penama","North Pentecost"
2025,"Shelter","Household Wall Material","wood",4e+05,"Penama","Central Pentecost 1"
2025,"Shelter","Household Wall Material","wood",4e+05,"Penama","Central Pentecost 2"
2025,"Shelter","Household Wall Material","wood",4e+05,"Penama","South Pentecost"
2025,"Shelter","Household Wall Material","wood",4e+05,"Malampa","North West Malekula"
2025,"Shelter","Household Wall Material","wood",4e+05,"Malampa","North East Malekula"
2025,"Shelter","Household Wall Material","wood",4e+05,"Malampa","Central Malekula"
2025,"Shelter","Household Wall Material","wood",4e+05,"Malampa","South West Malekula"
2025,"Shelter","Household Wall Material","wood",4e+05,"Malampa","South East Malekula"
2025,"Shelter","Household Wall Material","wood",4e+05,"Malampa","South Malekula"
2025,"Shelter","Household Wall Material","wood",4e+05,"Malampa","North Ambrym"
2025,"Shelter","Household Wall Material","wood",4e+05,"Malampa","West Ambrym"
2025,"Shelter","Household Wall Material","wood",4e+05,"Malampa","South East Ambrym"
2025,"Shelter","Household Wall Material","wood",4e+05,"Malampa","Paama"
2025,"Shelter","Household Wall Material","wood",4e+05,"Shefa","Port Vila"
2025,"Shelter","Household Wall Material","wood",4e+05,"Shefa","Vermali"
2025,"Shelter","Household Wall Material","wood",4e+05,"Shefa","Vermaul"
2025,"Shelter","Household Wall Material","wood",4e+05,"Shefa","Varisu"
2025,"Shelter","Household Wall Material","wood",4e+05,"Shefa","South Epi"
2025,"Shelter","Household Wall Material","wood",4e+05,"Shefa","North Tongoa"
2025,"Shelter","Household Wall Material","wood",4e+05,"Shefa","Makimae"
2025,"Shelter","Household Wall Material","wood",4e+05,"Shefa","Tongariki"
2025,"Shelter","Household Wall Material","wood",4e+05,"Shefa","Nguna"
2025,"Shelter","Household Wall Material","wood",4e+05,"Shefa","Emau"
2025,"Shelter","Household Wall Material","wood",4e+05,"Shefa","Malorua"
2025,"Shelter","Household Wall Material","wood",4e+05,"Shefa","North Efate"
2025,"Shelter","Household Wall Material","wood",4e+05,"Shefa","Mele"
2025,"Shelter","Household Wall Material","wood",4e+05,"Shefa","Tanvasoko"
2025,"Shelter","Household Wall Material","wood",4e+05,"Shefa","Ifira"
2025,"Shelter","Household Wall Material","wood",4e+05,"Shefa","Pango"
2025,"Shelter","Household Wall Material","wood",4e+05,"Shefa","Erakor"
2025,"Shelter","Household Wall Material","wood",4e+05,"Shefa","Eratap"
2025,"Shelter","Household Wall Material","wood",4e+05,"Shefa","Eton"
2025,"Shelter","Household Wall Material","wood",4e+05,"Tafea","North Erromango"
2025,"Shelter","Household Wall Material","wood",4e+05,"Tafea","South Erromango"
2025,"Shelter","Household Wall Material","wood",4e+05,"Tafea","Aniwa"
2025,"Shelter","Household Wall Material","wood",4e+05,"Tafea","North Tanna"
2025,"Shelter","Household Wall Material","wood",4e+05,"Tafea","West Tanna"
2025,"Shelter","Household Wall Material","wood",4e+05,"Tafea","Middle Bush Tanna"
2025,"Shelter","Household Wall Material","wood",4e+05,"Tafea","South West Tanna"
2025,"Shelter","Household Wall Material","wood",4e+05,"Tafea","Whitesands"
2025,"Shelter","Household Wall Material","wood",4e+05,"Tafea","South Tanna"
2025,"Shelter","Household Wall Material","wood",4e+05,"Tafea","Futuna"
2025,"Shelter","Household Wall Material","wood",4e+05,"Tafea","Aneityum"
2025,"Shelter","Household Appliances","freezer",95000,"Torba","Torres"
2025,"Shelter","Household Appliances","freezer",95000,"Torba","Ureparapara"
2025,"Shelter","Household Appliances","freezer",95000,"Torba","Motalava"
2025,"Shelter","Household Appliances","freezer",95000,"Torba","East Vanualava"
2025,"Shelter","Household Appliances","freezer",95000,"Torba","West Vanualava"
2025,"Shelter","Household Appliances","freezer",95000,"Torba","Mota"
2025,"Shelter","Household Appliances","freezer",95000,"Torba","East Gaua"
2025,"Shelter","Household Appliances","freezer",95000,"Torba","West Gaua"
2025,"Shelter","Household Appliances","freezer",95000,"Torba","Merelava"
2025,"Shelter","Household Appliances","freezer",95000,"Sanma","Luganville"
2025,"Shelter","Household Appliances","freezer",95000,"Sanma","North West Santo"
2025,"Shelter","Household Appliances","freezer",95000,"Sanma","Big Bay Coast"
2025,"Shelter","Household Appliances","freezer",95000,"Sanma","Big Bay Inland"
2025,"Shelter","Household Appliances","freezer",95000,"Sanma","West Santo"
2025,"Shelter","Household Appliances","freezer",95000,"Sanma","South Santo 1"
2025,"Shelter","Household Appliances","freezer",95000,"Sanma","South Santo 2"
2025,"Shelter","Household Appliances","freezer",95000,"Sanma","East Santo"
2025,"Shelter","Household Appliances","freezer",95000,"Sanma","South East Santo"
2025,"Shelter","Household Appliances","freezer",95000,"Sanma","Canal Fanafo"
2025,"Shelter","Household Appliances","freezer",95000,"Sanma","West Malo"
2025,"Shelter","Household Appliances","freezer",95000,"Sanma","East Malo"
2025,"Shelter","Household Appliances","freezer",95000,"Penama","West Ambae"
2025,"Shelter","Household Appliances","freezer",95000,"Penama","North Ambae"
2025,"Shelter","Household Appliances","freezer",95000,"Penama","East Ambae"
2025,"Shelter","Household Appliances","freezer",95000,"Penama","South Ambae"
2025,"Shelter","Household Appliances","freezer",95000,"Penama","North Maewo"
2025,"Shelter","Household Appliances","freezer",95000,"Penama","South Maewo"
2025,"Shelter","Household Appliances","freezer",95000,"Penama","North Pentecost"
2025,"Shelter","Household Appliances","freezer",95000,"Penama","Central Pentecost 1"
2025,"Shelter","Household Appliances","freezer",95000,"Penama","Central Pentecost 2"
2025,"Shelter","Household Appliances","freezer",95000,"Penama","South Pentecost"
2025,"Shelter","Household Appliances","freezer",95000,"Malampa","North West Malekula"
2025,"Shelter","Household Appliances","freezer",95000,"Malampa","North East Malekula"
2025,"Shelter","Household Appliances","freezer",95000,"Malampa","Central Malekula"
2025,"Shelter","Household Appliances","freezer",95000,"Malampa","South West Malekula"
2025,"Shelter","Household Appliances","freezer",95000,"Malampa","South East Malekula"
2025,"Shelter","Household Appliances","freezer",95000,"Malampa","South Malekula"
2025,"Shelter","Household Appliances","freezer",95000,"Malampa","North Ambrym"
2025,"Shelter","Household Appliances","freezer",95000,"Malampa","West Ambrym"
2025,"Shelter","Household Appliances","freezer",95000,"Malampa","South East Ambrym"
2025,"Shelter","Household Appliances","freezer",95000,"Malampa","Paama"
2025,"Shelter","Household Appliances","freezer",95000,"Shefa","Port Vila"
2025,"Shelter","Household Appliances","freezer",95000,"Shefa","Vermali"
2025,"Shelter","Household Appliances","freezer",95000,"Shefa","Vermaul"
2025,"Shelter","Household Appliances","freezer",95000,"Shefa","Varisu"
2025,"Shelter","Household Appliances","freezer",95000,"Shefa","South Epi"
2025,"Shelter","Household Appliances","freezer",95000,"Shefa","North Tongoa"
2025,"Shelter","Household Appliances","freezer",95000,"Shefa","Makimae"
2025,"Shelter","Household Appliances","freezer",95000,"Shefa","Tongariki"
2025,"Shelter","Household Appliances","freezer",95000,"Shefa","Nguna"
2025,"Shelter","Household Appliances","freezer",95000,"Shefa","Emau"
2025,"Shelter","Household Appliances","freezer",95000,"Shefa","Malorua"
2025,"Shelter","Household Appliances","freezer",95000,"Shefa","North Efate"
2025,"Shelter","Household Appliances","freezer",95000,"Shefa","Mele"
2025,"Shelter","Household Appliances","freezer",95000,"Shefa","Tanvasoko"
2025,"Shelter","Household Appliances","freezer",95000,"Shefa","Ifira"
2025,"Shelter","Household Appliances","freezer",95000,"Shefa","Pango"
2025,"Shelter","Household Appliances","freezer",95000,"Shefa","Erakor"
2025,"Shelter","Household Appliances","freezer",95000,"Shefa","Eratap"
2025,"Shelter","Household Appliances","freezer",95000,"Shefa","Eton"
2025,"Shelter","Household Appliances","freezer",95000,"Tafea","North Erromango"
2025,"Shelter","Household Appliances","freezer",95000,"Tafea","South Erromango"
2025,"Shelter","Household Appliances","freezer",95000,"Tafea","Aniwa"
2025,"Shelter","Household Appliances","freezer",95000,"Tafea","North Tanna"
2025,"Shelter","Household Appliances","freezer",95000,"Tafea","West Tanna"
2025,"Shelter","Household Appliances","freezer",95000,"Tafea","Middle Bush Tanna"
2025,"Shelter","Household Appliances","freezer",95000,"Tafea","South West Tanna"
2025,"Shelter","Household Appliances","freezer",95000,"Tafea","Whitesands"
2025,"Shelter","Household Appliances","freezer",95000,"Tafea","South Tanna"
2025,"Shelter","Household Appliances","freezer",95000,"Tafea","Futuna"
2025,"Shelter","Household Appliances","freezer",95000,"Tafea","Aneityum"
2025,"Shelter","Household Appliances","refridgerator",50000,"Torba","Torres"
2025,"Shelter","Household Appliances","refridgerator",50000,"Torba","Ureparapara"
2025,"Shelter","Household Appliances","refridgerator",50000,"Torba","Motalava"
2025,"Shelter","Household Appliances","refridgerator",50000,"Torba","East Vanualava"
2025,"Shelter","Household Appliances","refridgerator",50000,"Torba","West Vanualava"
2025,"Shelter","Household Appliances","refridgerator",50000,"Torba","Mota"
2025,"Shelter","Household Appliances","refridgerator",50000,"Torba","East Gaua"
2025,"Shelter","Household Appliances","refridgerator",50000,"Torba","West Gaua"
2025,"Shelter","Household Appliances","refridgerator",50000,"Torba","Merelava"
2025,"Shelter","Household Appliances","refridgerator",50000,"Sanma","Luganville"
2025,"Shelter","Household Appliances","refridgerator",50000,"Sanma","North West Santo"
2025,"Shelter","Household Appliances","refridgerator",50000,"Sanma","Big Bay Coast"
2025,"Shelter","Household Appliances","refridgerator",50000,"Sanma","Big Bay Inland"
2025,"Shelter","Household Appliances","refridgerator",50000,"Sanma","West Santo"
2025,"Shelter","Household Appliances","refridgerator",50000,"Sanma","South Santo 1"
2025,"Shelter","Household Appliances","refridgerator",50000,"Sanma","South Santo 2"
2025,"Shelter","Household Appliances","refridgerator",50000,"Sanma","East Santo"
2025,"Shelter","Household Appliances","refridgerator",50000,"Sanma","South East Santo"
2025,"Shelter","Household Appliances","refridgerator",50000,"Sanma","Canal Fanafo"
2025,"Shelter","Household Appliances","refridgerator",50000,"Sanma","West Malo"
2025,"Shelter","Household Appliances","refridgerator",50000,"Sanma","East Malo"
2025,"Shelter","Household Appliances","refridgerator",50000,"Penama","West Ambae"
2025,"Shelter","Household Appliances","refridgerator",50000,"Penama","North Ambae"
2025,"Shelter","Household Appliances","refridgerator",50000,"Penama","East Ambae"
2025,"Shelter","Household Appliances","refridgerator",50000,"Penama","South Ambae"
2025,"Shelter","Household Appliances","refridgerator",50000,"Penama","North Maewo"
2025,"Shelter","Household Appliances","refridgerator",50000,"Penama","South Maewo"
2025,"Shelter","Household Appliances","refridgerator",50000,"Penama","North Pentecost"
2025,"Shelter","Household Appliances","refridgerator",50000,"Penama","Central Pentecost 1"
2025,"Shelter","Household Appliances","refridgerator",50000,"Penama","Central Pentecost 2"
2025,"Shelter","Household Appliances","refridgerator",50000,"Penama","South Pentecost"
2025,"Shelter","Household Appliances","refridgerator",50000,"Malampa","North West Malekula"
2025,"Shelter","Household Appliances","refridgerator",50000,"Malampa","North East Malekula"
2025,"Shelter","Household Appliances","refridgerator",50000,"Malampa","Central Malekula"
2025,"Shelter","Household Appliances","refridgerator",50000,"Malampa","South West Malekula"
2025,"Shelter","Household Appliances","refridgerator",50000,"Malampa","South East Malekula"
2025,"Shelter","Household Appliances","refridgerator",50000,"Malampa","South Malekula"
2025,"Shelter","Household Appliances","refridgerator",50000,"Malampa","North Ambrym"
2025,"Shelter","Household Appliances","refridgerator",50000,"Malampa","West Ambrym"
2025,"Shelter","Household Appliances","refridgerator",50000,"Malampa","South East Ambrym"
2025,"Shelter","Household Appliances","refridgerator",50000,"Malampa","Paama"
2025,"Shelter","Household Appliances","refridgerator",50000,"Shefa","Port Vila"
2025,"Shelter","Household Appliances","refridgerator",50000,"Shefa","Vermali"
2025,"Shelter","Household Appliances","refridgerator",50000,"Shefa","Vermaul"
2025,"Shelter","Household Appliances","refridgerator",50000,"Shefa","Varisu"
2025,"Shelter","Household Appliances","refridgerator",50000,"Shefa","South Epi"
2025,"Shelter","Household Appliances","refridgerator",50000,"Shefa","North Tongoa"
2025,"Shelter","Household Appliances","refridgerator",50000,"Shefa","Makimae"
2025,"Shelter","Household Appliances","refridgerator",50000,"Shefa","Tongariki"
2025,"Shelter","Household Appliances","refridgerator",50000,"Shefa","Nguna"
2025,"Shelter","Household Appliances","refridgerator",50000,"Shefa","Emau"
2025,"Shelter","Household Appliances","refridgerator",50000,"Shefa","Malorua"
2025,"Shelter","Household Appliances","refridgerator",50000,"Shefa","North Efate"
2025,"Shelter","Household Appliances","refridgerator",50000,"Shefa","Mele"
2025,"Shelter","Household Appliances","refridgerator",50000,"Shefa","Tanvasoko"
2025,"Shelter","Household Appliances","refridgerator",50000,"Shefa","Ifira"
2025,"Shelter","Household Appliances","refridgerator",50000,"Shefa","Pango"
2025,"Shelter","Household Appliances","refridgerator",50000,"Shefa","Erakor"
2025,"Shelter","Household Appliances","refridgerator",50000,"Shefa","Eratap"
2025,"Shelter","Household Appliances","refridgerator",50000,"Shefa","Eton"
2025,"Shelter","Household Appliances","refridgerator",50000,"Tafea","North Erromango"
2025,"Shelter","Household Appliances","refridgerator",50000,"Tafea","South Erromango"
2025,"Shelter","Household Appliances","refridgerator",50000,"Tafea","Aniwa"
2025,"Shelter","Household Appliances","refridgerator",50000,"Tafea","North Tanna"
2025,"Shelter","Household Appliances","refridgerator",50000,"Tafea","West Tanna"
2025,"Shelter","Household Appliances","refridgerator",50000,"Tafea","Middle Bush Tanna"
2025,"Shelter","Household Appliances","refridgerator",50000,"Tafea","South West Tanna"
2025,"Shelter","Household Appliances","refridgerator",50000,"Tafea","Whitesands"
2025,"Shelter","Household Appliances","refridgerator",50000,"Tafea","South Tanna"
2025,"Shelter","Household Appliances","refridgerator",50000,"Tafea","Futuna"
2025,"Shelter","Household Appliances","refridgerator",50000,"Tafea","Aneityum"
2025,"Shelter","Household Appliances","tv",40000,"Torba","Torres"
2025,"Shelter","Household Appliances","tv",40000,"Torba","Ureparapara"
2025,"Shelter","Household Appliances","tv",40000,"Torba","Motalava"
2025,"Shelter","Household Appliances","tv",40000,"Torba","East Vanualava"
2025,"Shelter","Household Appliances","tv",40000,"Torba","West Vanualava"
2025,"Shelter","Household Appliances","tv",40000,"Torba","Mota"
2025,"Shelter","Household Appliances","tv",40000,"Torba","East Gaua"
2025,"Shelter","Household Appliances","tv",40000,"Torba","West Gaua"
2025,"Shelter","Household Appliances","tv",40000,"Torba","Merelava"
2025,"Shelter","Household Appliances","tv",40000,"Sanma","Luganville"
2025,"Shelter","Household Appliances","tv",40000,"Sanma","North West Santo"
2025,"Shelter","Household Appliances","tv",40000,"Sanma","Big Bay Coast"
2025,"Shelter","Household Appliances","tv",40000,"Sanma","Big Bay Inland"
2025,"Shelter","Household Appliances","tv",40000,"Sanma","West Santo"
2025,"Shelter","Household Appliances","tv",40000,"Sanma","South Santo 1"
2025,"Shelter","Household Appliances","tv",40000,"Sanma","South Santo 2"
2025,"Shelter","Household Appliances","tv",40000,"Sanma","East Santo"
2025,"Shelter","Household Appliances","tv",40000,"Sanma","South East Santo"
2025,"Shelter","Household Appliances","tv",40000,"Sanma","Canal Fanafo"
2025,"Shelter","Household Appliances","tv",40000,"Sanma","West Malo"
2025,"Shelter","Household Appliances","tv",40000,"Sanma","East Malo"
2025,"Shelter","Household Appliances","tv",40000,"Penama","West Ambae"
2025,"Shelter","Household Appliances","tv",40000,"Penama","North Ambae"
2025,"Shelter","Household Appliances","tv",40000,"Penama","East Ambae"
2025,"Shelter","Household Appliances","tv",40000,"Penama","South Ambae"
2025,"Shelter","Household Appliances","tv",40000,"Penama","North Maewo"
2025,"Shelter","Household Appliances","tv",40000,"Penama","South Maewo"
2025,"Shelter","Household Appliances","tv",40000,"Penama","North Pentecost"
2025,"Shelter","Household Appliances","tv",40000,"Penama","Central Pentecost 1"
2025,"Shelter","Household Appliances","tv",40000,"Penama","Central Pentecost 2"
2025,"Shelter","Household Appliances","tv",40000,"Penama","South Pentecost"
2025,"Shelter","Household Appliances","tv",40000,"Malampa","North West Malekula"
2025,"Shelter","Household Appliances","tv",40000,"Malampa","North East Malekula"
2025,"Shelter","Household Appliances","tv",40000,"Malampa","Central Malekula"
2025,"Shelter","Household Appliances","tv",40000,"Malampa","South West Malekula"
2025,"Shelter","Household Appliances","tv",40000,"Malampa","South East Malekula"
2025,"Shelter","Household Appliances","tv",40000,"Malampa","South Malekula"
2025,"Shelter","Household Appliances","tv",40000,"Malampa","North Ambrym"
2025,"Shelter","Household Appliances","tv",40000,"Malampa","West Ambrym"
2025,"Shelter","Household Appliances","tv",40000,"Malampa","South East Ambrym"
2025,"Shelter","Household Appliances","tv",40000,"Malampa","Paama"
2025,"Shelter","Household Appliances","tv",40000,"Shefa","Port Vila"
2025,"Shelter","Household Appliances","tv",40000,"Shefa","Vermali"
2025,"Shelter","Household Appliances","tv",40000,"Shefa","Vermaul"
2025,"Shelter","Household Appliances","tv",40000,"Shefa","Varisu"
2025,"Shelter","Household Appliances","tv",40000,"Shefa","South Epi"
2025,"Shelter","Household Appliances","tv",40000,"Shefa","North Tongoa"
2025,"Shelter","Household Appliances","tv",40000,"Shefa","Makimae"
2025,"Shelter","Household Appliances","tv",40000,"Shefa","Tongariki"
2025,"Shelter","Household Appliances","tv",40000,"Shefa","Nguna"
2025,"Shelter","Household Appliances","tv",40000,"Shefa","Emau"
2025,"Shelter","Household Appliances","tv",40000,"Shefa","Malorua"
2025,"Shelter","Household Appliances","tv",40000,"Shefa","North Efate"
2025,"Shelter","Household Appliances","tv",40000,"Shefa","Mele"
2025,"Shelter","Household Appliances","tv",40000,"Shefa","Tanvasoko"
2025,"Shelter","Household Appliances","tv",40000,"Shefa","Ifira"
2025,"Shelter","Household Appliances","tv",40000,"Shefa","Pango"
2025,"Shelter","Household Appliances","tv",40000,"Shefa","Erakor"
2025,"Shelter","Household Appliances","tv",40000,"Shefa","Eratap"
2025,"Shelter","Household Appliances","tv",40000,"Shefa","Eton"
2025,"Shelter","Household Appliances","tv",40000,"Tafea","North Erromango"
2025,"Shelter","Household Appliances","tv",40000,"Tafea","South Erromango"
2025,"Shelter","Household Appliances","tv",40000,"Tafea","Aniwa"
2025,"Shelter","Household Appliances","tv",40000,"Tafea","North Tanna"
2025,"Shelter","Household Appliances","tv",40000,"Tafea","West Tanna"
2025,"Shelter","Household Appliances","tv",40000,"Tafea","Middle Bush Tanna"
2025,"Shelter","Household Appliances","tv",40000,"Tafea","South West Tanna"
2025,"Shelter","Household Appliances","tv",40000,"Tafea","Whitesands"
2025,"Shelter","Household Appliances","tv",40000,"Tafea","South Tanna"
2025,"Shelter","Household Appliances","tv",40000,"Tafea","Futuna"
2025,"Shelter","Household Appliances","tv",40000,"Tafea","Aneityum"
2025,"WASH","Household Drinking Water","piped",220000,"Torba","Torres"
2025,"WASH","Household Drinking Water","piped",220000,"Torba","Ureparapara"
2025,"WASH","Household Drinking Water","piped",220000,"Torba","Motalava"
2025,"WASH","Household Drinking Water","piped",220000,"Torba","East Vanualava"
2025,"WASH","Household Drinking Water","piped",220000,"Torba","West Vanualava"
2025,"WASH","Household Drinking Water","piped",220000,"Torba","Mota"
2025,"WASH","Household Drinking Water","piped",220000,"Torba","East Gaua"
2025,"WASH","Household Drinking Water","piped",220000,"Torba","West Gaua"
2025,"WASH","Household Drinking Water","piped",220000,"Torba","Merelava"
2025,"WASH","Household Drinking Water","piped",220000,"Sanma","Luganville"
2025,"WASH","Household Drinking Water","piped",220000,"Sanma","North West Santo"
2025,"WASH","Household Drinking Water","piped",220000,"Sanma","Big Bay Coast"
2025,"WASH","Household Drinking Water","piped",220000,"Sanma","Big Bay Inland"
2025,"WASH","Household Drinking Water","piped",220000,"Sanma","West Santo"
2025,"WASH","Household Drinking Water","piped",220000,"Sanma","South Santo 1"
2025,"WASH","Household Drinking Water","piped",220000,"Sanma","South Santo 2"
2025,"WASH","Household Drinking Water","piped",220000,"Sanma","East Santo"
2025,"WASH","Household Drinking Water","piped",220000,"Sanma","South East Santo"
2025,"WASH","Household Drinking Water","piped",220000,"Sanma","Canal Fanafo"
2025,"WASH","Household Drinking Water","piped",220000,"Sanma","West Malo"
2025,"WASH","Household Drinking Water","piped",220000,"Sanma","East Malo"
2025,"WASH","Household Drinking Water","piped",220000,"Penama","West Ambae"
2025,"WASH","Household Drinking Water","piped",220000,"Penama","North Ambae"
2025,"WASH","Household Drinking Water","piped",220000,"Penama","East Ambae"
2025,"WASH","Household Drinking Water","piped",220000,"Penama","South Ambae"
2025,"WASH","Household Drinking Water","piped",220000,"Penama","North Maewo"
2025,"WASH","Household Drinking Water","piped",220000,"Penama","South Maewo"
2025,"WASH","Household Drinking Water","piped",220000,"Penama","North Pentecost"
2025,"WASH","Household Drinking Water","piped",220000,"Penama","Central Pentecost 1"
2025,"WASH","Household Drinking Water","piped",220000,"Penama","Central Pentecost 2"
2025,"WASH","Household Drinking Water","piped",220000,"Penama","South Pentecost"
2025,"WASH","Household Drinking Water","piped",220000,"Malampa","North West Malekula"
2025,"WASH","Household Drinking Water","piped",220000,"Malampa","North East Malekula"
2025,"WASH","Household Drinking Water","piped",220000,"Malampa","Central Malekula"
2025,"WASH","Household Drinking Water","piped",220000,"Malampa","South West Malekula"
2025,"WASH","Household Drinking Water","piped",220000,"Malampa","South East Malekula"
2025,"WASH","Household Drinking Water","piped",220000,"Malampa","South Malekula"
2025,"WASH","Household Drinking Water","piped",220000,"Malampa","North Ambrym"
2025,"WASH","Household Drinking Water","piped",220000,"Malampa","West Ambrym"
2025,"WASH","Household Drinking Water","piped",220000,"Malampa","South East Ambrym"
2025,"WASH","Household Drinking Water","piped",220000,"Malampa","Paama"
2025,"WASH","Household Drinking Water","piped",220000,"Shefa","Port Vila"
2025,"WASH","Household Drinking Water","piped",220000,"Shefa","Vermali"
2025,"WASH","Household Drinking Water","piped",220000,"Shefa","Vermaul"
2025,"WASH","Household Drinking Water","piped",220000,"Shefa","Varisu"
2025,"WASH","Household Drinking Water","piped",220000,"Shefa","South Epi"
2025,"WASH","Household Drinking Water","piped",220000,"Shefa","North Tongoa"
2025,"WASH","Household Drinking Water","piped",220000,"Shefa","Makimae"
2025,"WASH","Household Drinking Water","piped",220000,"Shefa","Tongariki"
2025,"WASH","Household Drinking Water","piped",220000,"Shefa","Nguna"
2025,"WASH","Household Drinking Water","piped",220000,"Shefa","Emau"
2025,"WASH","Household Drinking Water","piped",220000,"Shefa","Malorua"
2025,"WASH","Household Drinking Water","piped",220000,"Shefa","North Efate"
2025,"WASH","Household Drinking Water","piped",220000,"Shefa","Mele"
2025,"WASH","Household Drinking Water","piped",220000,"Shefa","Tanvasoko"
2025,"WASH","Household Drinking Water","piped",220000,"Shefa","Ifira"
2025,"WASH","Household Drinking Water","piped",220000,"Shefa","Pango"
2025,"WASH","Household Drinking Water","piped",220000,"Shefa","Erakor"
2025,"WASH","Household Drinking Water","piped",220000,"Shefa","Eratap"
2025,"WASH","Household Drinking Water","piped",220000,"Shefa","Eton"
2025,"WASH","Household Drinking Water","piped",220000,"Tafea","North Erromango"
2025,"WASH","Household Drinking Water","piped",220000,"Tafea","South Erromango"
2025,"WASH","Household Drinking Water","piped",220000,"Tafea","Aniwa"
2025,"WASH","Household Drinking Water","piped",220000,"Tafea","North Tanna"
2025,"WASH","Household Drinking Water","piped",220000,"Tafea","West Tanna"
2025,"WASH","Household Drinking Water","piped",220000,"Tafea","Middle Bush Tanna"
2025,"WASH","Household Drinking Water","piped",220000,"Tafea","South West Tanna"
2025,"WASH","Household Drinking Water","piped",220000,"Tafea","Whitesands"
2025,"WASH","Household Drinking Water","piped",220000,"Tafea","South Tanna"
2025,"WASH","Household Drinking Water","piped",220000,"Tafea","Futuna"
2025,"WASH","Household Drinking Water","piped",220000,"Tafea","Aneityum"
2025,"WASH","Household Drinking Water","well",90000,"Torba","Torres"
2025,"WASH","Household Drinking Water","well",90000,"Torba","Ureparapara"
2025,"WASH","Household Drinking Water","well",90000,"Torba","Motalava"
2025,"WASH","Household Drinking Water","well",90000,"Torba","East Vanualava"
2025,"WASH","Household Drinking Water","well",90000,"Torba","West Vanualava"
2025,"WASH","Household Drinking Water","well",90000,"Torba","Mota"
2025,"WASH","Household Drinking Water","well",90000,"Torba","East Gaua"
2025,"WASH","Household Drinking Water","well",90000,"Torba","West Gaua"
2025,"WASH","Household Drinking Water","well",90000,"Torba","Merelava"
2025,"WASH","Household Drinking Water","well",90000,"Sanma","Luganville"
2025,"WASH","Household Drinking Water","well",90000,"Sanma","North West Santo"
2025,"WASH","Household Drinking Water","well",90000,"Sanma","Big Bay Coast"
2025,"WASH","Household Drinking Water","well",90000,"Sanma","Big Bay Inland"
2025,"WASH","Household Drinking Water","well",90000,"Sanma","West Santo"
2025,"WASH","Household Drinking Water","well",90000,"Sanma","South Santo 1"
2025,"WASH","Household Drinking Water","well",90000,"Sanma","South Santo 2"
2025,"WASH","Household Drinking Water","well",90000,"Sanma","East Santo"
2025,"WASH","Household Drinking Water","well",90000,"Sanma","South East Santo"
2025,"WASH","Household Drinking Water","well",90000,"Sanma","Canal Fanafo"
2025,"WASH","Household Drinking Water","well",90000,"Sanma","West Malo"
2025,"WASH","Household Drinking Water","well",90000,"Sanma","East Malo"
2025,"WASH","Household Drinking Water","well",90000,"Penama","West Ambae"
2025,"WASH","Household Drinking Water","well",90000,"Penama","North Ambae"
2025,"WASH","Household Drinking Water","well",90000,"Penama","East Ambae"
2025,"WASH","Household Drinking Water","well",90000,"Penama","South Ambae"
2025,"WASH","Household Drinking Water","well",90000,"Penama","North Maewo"
2025,"WASH","Household Drinking Water","well",90000,"Penama","South Maewo"
2025,"WASH","Household Drinking Water","well",90000,"Penama","North Pentecost"
2025,"WASH","Household Drinking Water","well",90000,"Penama","Central Pentecost 1"
2025,"WASH","Household Drinking Water","well",90000,"Penama","Central Pentecost 2"
2025,"WASH","Household Drinking Water","well",90000,"Penama","South Pentecost"
2025,"WASH","Household Drinking Water","well",90000,"Malampa","North West Malekula"
2025,"WASH","Household Drinking Water","well",90000,"Malampa","North East Malekula"
2025,"WASH","Household Drinking Water","well",90000,"Malampa","Central Malekula"
2025,"WASH","Household Drinking Water","well",90000,"Malampa","South West Malekula"
2025,"WASH","Household Drinking Water","well",90000,"Malampa","South East Malekula"
2025,"WASH","Household Drinking Water","well",90000,"Malampa","South Malekula"
2025,"WASH","Household Drinking Water","well",90000,"Malampa","North Ambrym"
2025,"WASH","Household Drinking Water","well",90000,"Malampa","West Ambrym"
2025,"WASH","Household Drinking Water","well",90000,"Malampa","South East Ambrym"
2025,"WASH","Household Drinking Water","well",90000,"Malampa","Paama"
2025,"WASH","Household Drinking Water","well",90000,"Shefa","Port Vila"
2025,"WASH","Household Drinking Water","well",90000,"Shefa","Vermali"
2025,"WASH","Household Drinking Water","well",90000,"Shefa","Vermaul"
2025,"WASH","Household Drinking Water","well",90000,"Shefa","Varisu"
2025,"WASH","Household Drinking Water","well",90000,"Shefa","South Epi"
2025,"WASH","Household Drinking Water","well",90000,"Shefa","North Tongoa"
2025,"WASH","Household Drinking Water","well",90000,"Shefa","Makimae"
2025,"WASH","Household Drinking Water","well",90000,"Shefa","Tongariki"
2025,"WASH","Household Drinking Water","well",90000,"Shefa","Nguna"
2025,"WASH","Household Drinking Water","well",90000,"Shefa","Emau"
2025,"WASH","Household Drinking Water","well",90000,"Shefa","Malorua"
2025,"WASH","Household Drinking Water","well",90000,"Shefa","North Efate"
2025,"WASH","Household Drinking Water","well",90000,"Shefa","Mele"
2025,"WASH","Household Drinking Water","well",90000,"Shefa","Tanvasoko"
2025,"WASH","Household Drinking Water","well",90000,"Shefa","Ifira"
2025,"WASH","Household Drinking Water","well",90000,"Shefa","Pango"
2025,"WASH","Household Drinking Water","well",90000,"Shefa","Erakor"
2025,"WASH","Household Drinking Water","well",90000,"Shefa","Eratap"
2025,"WASH","Household Drinking Water","well",90000,"Shefa","Eton"
2025,"WASH","Household Drinking Water","well",90000,"Tafea","North Erromango"
2025,"WASH","Household Drinking Water","well",90000,"Tafea","South Erromango"
2025,"WASH","Household Drinking Water","well",90000,"Tafea","Aniwa"
2025,"WASH","Household Drinking Water","well",90000,"Tafea","North Tanna"
2025,"WASH","Household Drinking Water","well",90000,"Tafea","West Tanna"
2025,"WASH","Household Drinking Water","well",90000,"Tafea","Middle Bush Tanna"
2025,"WASH","Household Drinking Water","well",90000,"Tafea","South West Tanna"
2025,"WASH","Household Drinking Water","well",90000,"Tafea","Whitesands"
2025,"WASH","Household Drinking Water","well",90000,"Tafea","South Tanna"
2025,"WASH","Household Drinking Water","well",90000,"Tafea","Futuna"
2025,"WASH","Household Drinking Water","well",90000,"Tafea","Aneityum"
2025,"WASH","Household Drinking Water","tank",180000,"Torba","Torres"
2025,"WASH","Household Drinking Water","tank",180000,"Torba","Ureparapara"
2025,"WASH","Household Drinking Water","tank",180000,"Torba","Motalava"
2025,"WASH","Household Drinking Water","tank",180000,"Torba","East Vanualava"
2025,"WASH","Household Drinking Water","tank",180000,"Torba","West Vanualava"
2025,"WASH","Household Drinking Water","tank",180000,"Torba","Mota"
2025,"WASH","Household Drinking Water","tank",180000,"Torba","East Gaua"
2025,"WASH","Household Drinking Water","tank",180000,"Torba","West Gaua"
2025,"WASH","Household Drinking Water","tank",180000,"Torba","Merelava"
2025,"WASH","Household Drinking Water","tank",180000,"Sanma","Luganville"
2025,"WASH","Household Drinking Water","tank",180000,"Sanma","North West Santo"
2025,"WASH","Household Drinking Water","tank",180000,"Sanma","Big Bay Coast"
2025,"WASH","Household Drinking Water","tank",180000,"Sanma","Big Bay Inland"
2025,"WASH","Household Drinking Water","tank",180000,"Sanma","West Santo"
2025,"WASH","Household Drinking Water","tank",180000,"Sanma","South Santo 1"
2025,"WASH","Household Drinking Water","tank",180000,"Sanma","South Santo 2"
2025,"WASH","Household Drinking Water","tank",180000,"Sanma","East Santo"
2025,"WASH","Household Drinking Water","tank",180000,"Sanma","South East Santo"
2025,"WASH","Household Drinking Water","tank",180000,"Sanma","Canal Fanafo"
2025,"WASH","Household Drinking Water","tank",180000,"Sanma","West Malo"
2025,"WASH","Household Drinking Water","tank",180000,"Sanma","East Malo"
2025,"WASH","Household Drinking Water","tank",180000,"Penama","West Ambae"
2025,"WASH","Household Drinking Water","tank",180000,"Penama","North Ambae"
2025,"WASH","Household Drinking Water","tank",180000,"Penama","East Ambae"
2025,"WASH","Household Drinking Water","tank",180000,"Penama","South Ambae"
2025,"WASH","Household Drinking Water","tank",180000,"Penama","North Maewo"
2025,"WASH","Household Drinking Water","tank",180000,"Penama","South Maewo"
2025,"WASH","Household Drinking Water","tank",180000,"Penama","North Pentecost"
2025,"WASH","Household Drinking Water","tank",180000,"Penama","Central Pentecost 1"
2025,"WASH","Household Drinking Water","tank",180000,"Penama","Central Pentecost 2"
2025,"WASH","Household Drinking Water","tank",180000,"Penama","South Pentecost"
2025,"WASH","Household Drinking Water","tank",180000,"Malampa","North West Malekula"
2025,"WASH","Household Drinking Water","tank",180000,"Malampa","North East Malekula"
2025,"WASH","Household Drinking Water","tank",180000,"Malampa","Central Malekula"
2025,"WASH","Household Drinking Water","tank",180000,"Malampa","South West Malekula"
2025,"WASH","Household Drinking Water","tank",180000,"Malampa","South East Malekula"
2025,"WASH","Household Drinking Water","tank",180000,"Malampa","South Malekula"
2025,"WASH","Household Drinking Water","tank",180000,"Malampa","North Ambrym"
2025,"WASH","Household Drinking Water","tank",180000,"Malampa","West Ambrym"
2025,"WASH","Household Drinking Water","tank",180000,"Malampa","South East Ambrym"
2025,"WASH","Household Drinking Water","tank",180000,"Malampa","Paama"
2025,"WASH","Household Drinking Water","tank",180000,"Shefa","Port Vila"
2025,"WASH","Household Drinking Water","tank",180000,"Shefa","Vermali"
2025,"WASH","Household Drinking Water","tank",180000,"Shefa","Vermaul"
2025,"WASH","Household Drinking Water","tank",180000,"Shefa","Varisu"
2025,"WASH","Household Drinking Water","tank",180000,"Shefa","South Epi"
2025,"WASH","Household Drinking Water","tank",180000,"Shefa","North Tongoa"
2025,"WASH","Household Drinking Water","tank",180000,"Shefa","Makimae"
2025,"WASH","Household Drinking Water","tank",180000,"Shefa","Tongariki"
2025,"WASH","Household Drinking Water","tank",180000,"Shefa","Nguna"
2025,"WASH","Household Drinking Water","tank",180000,"Shefa","Emau"
2025,"WASH","Household Drinking Water","tank",180000,"Shefa","Malorua"
2025,"WASH","Household Drinking Water","tank",180000,"Shefa","North Efate"
2025,"WASH","Household Drinking Water","tank",180000,"Shefa","Mele"
2025,"WASH","Household Drinking Water","tank",180000,"Shefa","Tanvasoko"
2025,"WASH","Household Drinking Water","tank",180000,"Shefa","Ifira"
2025,"WASH","Household Drinking Water","tank",180000,"Shefa","Pango"
2025,"WASH","Household Drinking Water","tank",180000,"Shefa","Erakor"
2025,"WASH","Household Drinking Water","tank",180000,"Shefa","Eratap"
2025,"WASH","Household Drinking Water","tank",180000,"Shefa","Eton"
2025,"WASH","Household Drinking Water","tank",180000,"Tafea","North Erromango"
2025,"WASH","Household Drinking Water","tank",180000,"Tafea","South Erromango"
2025,"WASH","Household Drinking Water","tank",180000,"Tafea","Aniwa"
2025,"WASH","Household Drinking Water","tank",180000,"Tafea","North Tanna"
2025,"WASH","Household Drinking Water","tank",180000,"Tafea","West Tanna"
2025,"WASH","Household Drinking Water","tank",180000,"Tafea","Middle Bush Tanna"
2025,"WASH","Household Drinking Water","tank",180000,"Tafea","South West Tanna"
2025,"WASH","Household Drinking Water","tank",180000,"Tafea","Whitesands"
2025,"WASH","Household Drinking Water","tank",180000,"Tafea","South Tanna"
2025,"WASH","Household Drinking Water","tank",180000,"Tafea","Futuna"
2025,"WASH","Household Drinking Water","tank",180000,"Tafea","Aneityum"
2025,"WASH","Household Toilet","flush",180000,"Torba","Torres"
2025,"WASH","Household Toilet","flush",180000,"Torba","Ureparapara"
2025,"WASH","Household Toilet","flush",180000,"Torba","Motalava"
2025,"WASH","Household Toilet","flush",180000,"Torba","East Vanualava"
2025,"WASH","Household Toilet","flush",180000,"Torba","West Vanualava"
2025,"WASH","Household Toilet","flush",180000,"Torba","Mota"
2025,"WASH","Household Toilet","flush",180000,"Torba","East Gaua"
2025,"WASH","Household Toilet","flush",180000,"Torba","West Gaua"
2025,"WASH","Household Toilet","flush",180000,"Torba","Merelava"
2025,"WASH","Household Toilet","flush",180000,"Sanma","Luganville"
2025,"WASH","Household Toilet","flush",180000,"Sanma","North West Santo"
2025,"WASH","Household Toilet","flush",180000,"Sanma","Big Bay Coast"
2025,"WASH","Household Toilet","flush",180000,"Sanma","Big Bay Inland"
2025,"WASH","Household Toilet","flush",180000,"Sanma","West Santo"
2025,"WASH","Household Toilet","flush",180000,"Sanma","South Santo 1"
2025,"WASH","Household Toilet","flush",180000,"Sanma","South Santo 2"
2025,"WASH","Household Toilet","flush",180000,"Sanma","East Santo"
2025,"WASH","Household Toilet","flush",180000,"Sanma","South East Santo"
2025,"WASH","Household Toilet","flush",180000,"Sanma","Canal Fanafo"
2025,"WASH","Household Toilet","flush",180000,"Sanma","West Malo"
2025,"WASH","Household Toilet","flush",180000,"Sanma","East Malo"
2025,"WASH","Household Toilet","flush",180000,"Penama","West Ambae"
2025,"WASH","Household Toilet","flush",180000,"Penama","North Ambae"
2025,"WASH","Household Toilet","flush",180000,"Penama","East Ambae"
2025,"WASH","Household Toilet","flush",180000,"Penama","South Ambae"
2025,"WASH","Household Toilet","flush",180000,"Penama","North Maewo"
2025,"WASH","Household Toilet","flush",180000,"Penama","South Maewo"
2025,"WASH","Household Toilet","flush",180000,"Penama","North Pentecost"
2025,"WASH","Household Toilet","flush",180000,"Penama","Central Pentecost 1"
2025,"WASH","Household Toilet","flush",180000,"Penama","Central Pentecost 2"
2025,"WASH","Household Toilet","flush",180000,"Penama","South Pentecost"
2025,"WASH","Household Toilet","flush",180000,"Malampa","North West Malekula"
2025,"WASH","Household Toilet","flush",180000,"Malampa","North East Malekula"
2025,"WASH","Household Toilet","flush",180000,"Malampa","Central Malekula"
2025,"WASH","Household Toilet","flush",180000,"Malampa","South West Malekula"
2025,"WASH","Household Toilet","flush",180000,"Malampa","South East Malekula"
2025,"WASH","Household Toilet","flush",180000,"Malampa","South Malekula"
2025,"WASH","Household Toilet","flush",180000,"Malampa","North Ambrym"
2025,"WASH","Household Toilet","flush",180000,"Malampa","West Ambrym"
2025,"WASH","Household Toilet","flush",180000,"Malampa","South East Ambrym"
2025,"WASH","Household Toilet","flush",180000,"Malampa","Paama"
2025,"WASH","Household Toilet","flush",180000,"Shefa","Port Vila"
2025,"WASH","Household Toilet","flush",180000,"Shefa","Vermali"
2025,"WASH","Household Toilet","flush",180000,"Shefa","Vermaul"
2025,"WASH","Household Toilet","flush",180000,"Shefa","Varisu"
2025,"WASH","Household Toilet","flush",180000,"Shefa","South Epi"
2025,"WASH","Household Toilet","flush",180000,"Shefa","North Tongoa"
2025,"WASH","Household Toilet","flush",180000,"Shefa","Makimae"
2025,"WASH","Household Toilet","flush",180000,"Shefa","Tongariki"
2025,"WASH","Household Toilet","flush",180000,"Shefa","Nguna"
2025,"WASH","Household Toilet","flush",180000,"Shefa","Emau"
2025,"WASH","Household Toilet","flush",180000,"Shefa","Malorua"
2025,"WASH","Household Toilet","flush",180000,"Shefa","North Efate"
2025,"WASH","Household Toilet","flush",180000,"Shefa","Mele"
2025,"WASH","Household Toilet","flush",180000,"Shefa","Tanvasoko"
2025,"WASH","Household Toilet","flush",180000,"Shefa","Ifira"
2025,"WASH","Household Toilet","flush",180000,"Shefa","Pango"
2025,"WASH","Household Toilet","flush",180000,"Shefa","Erakor"
2025,"WASH","Household Toilet","flush",180000,"Shefa","Eratap"
2025,"WASH","Household Toilet","flush",180000,"Shefa","Eton"
2025,"WASH","Household Toilet","flush",180000,"Tafea","North Erromango"
2025,"WASH","Household Toilet","flush",180000,"Tafea","South Erromango"
2025,"WASH","Household Toilet","flush",180000,"Tafea","Aniwa"
2025,"WASH","Household Toilet","flush",180000,"Tafea","North Tanna"
2025,"WASH","Household Toilet","flush",180000,"Tafea","West Tanna"
2025,"WASH","Household Toilet","flush",180000,"Tafea","Middle Bush Tanna"
2025,"WASH","Household Toilet","flush",180000,"Tafea","South West Tanna"
2025,"WASH","Household Toilet","flush",180000,"Tafea","Whitesands"
2025,"WASH","Household Toilet","flush",180000,"Tafea","South Tanna"
2025,"WASH","Household Toilet","flush",180000,"Tafea","Futuna"
2025,"WASH","Household Toilet","flush",180000,"Tafea","Aneityum"
2025,"WASH","Household Toilet","pit latrine",45000,"Torba","Torres"
2025,"WASH","Household Toilet","pit latrine",45000,"Torba","Ureparapara"
2025,"WASH","Household Toilet","pit latrine",45000,"Torba","Motalava"
2025,"WASH","Household Toilet","pit latrine",45000,"Torba","East Vanualava"
2025,"WASH","Household Toilet","pit latrine",45000,"Torba","West Vanualava"
2025,"WASH","Household Toilet","pit latrine",45000,"Torba","Mota"
2025,"WASH","Household Toilet","pit latrine",45000,"Torba","East Gaua"
2025,"WASH","Household Toilet","pit latrine",45000,"Torba","West Gaua"
2025,"WASH","Household Toilet","pit latrine",45000,"Torba","Merelava"
2025,"WASH","Household Toilet","pit latrine",45000,"Sanma","Luganville"
2025,"WASH","Household Toilet","pit latrine",45000,"Sanma","North West Santo"
2025,"WASH","Household Toilet","pit latrine",45000,"Sanma","Big Bay Coast"
2025,"WASH","Household Toilet","pit latrine",45000,"Sanma","Big Bay Inland"
2025,"WASH","Household Toilet","pit latrine",45000,"Sanma","West Santo"
2025,"WASH","Household Toilet","pit latrine",45000,"Sanma","South Santo 1"
2025,"WASH","Household Toilet","pit latrine",45000,"Sanma","South Santo 2"
2025,"WASH","Household Toilet","pit latrine",45000,"Sanma","East Santo"
2025,"WASH","Household Toilet","pit latrine",45000,"Sanma","South East Santo"
2025,"WASH","Household Toilet","pit latrine",45000,"Sanma","Canal Fanafo"
2025,"WASH","Household Toilet","pit latrine",45000,"Sanma","West Malo"
2025,"WASH","Household Toilet","pit latrine",45000,"Sanma","East Malo"
2025,"WASH","Household Toilet","pit latrine",45000,"Penama","West Ambae"
2025,"WASH","Household Toilet","pit latrine",45000,"Penama","North Ambae"
2025,"WASH","Household Toilet","pit latrine",45000,"Penama","East Ambae"
2025,"WASH","Household Toilet","pit latrine",45000,"Penama","South Ambae"
2025,"WASH","Household Toilet","pit latrine",45000,"Penama","North Maewo"
2025,"WASH","Household Toilet","pit latrine",45000,"Penama","South Maewo"
2025,"WASH","Household Toilet","pit latrine",45000,"Penama","North Pentecost"
2025,"WASH","Household Toilet","pit latrine",45000,"Penama","Central Pentecost 1"
2025,"WASH","Household Toilet","pit latrine",45000,"Penama","Central Pentecost 2"
2025,"WASH","Household Toilet","pit latrine",45000,"Penama","South Pentecost"
2025,"WASH","Household Toilet","pit latrine",45000,"Malampa","North West Malekula"
2025,"WASH","Household Toilet","pit latrine",45000,"Malampa","North East Malekula"
2025,"WASH","Household Toilet","pit latrine",45000,"Malampa","Central Malekula"
2025,"WASH","Household Toilet","pit latrine",45000,"Malampa","South West Malekula"
2025,"WASH","Household Toilet","pit latrine",45000,"Malampa","South East Malekula"
2025,"WASH","Household Toilet","pit latrine",45000,"Malampa","South Malekula"
2025,"WASH","Household Toilet","pit latrine",45000,"Malampa","North Ambrym"
2025,"WASH","Household Toilet","pit latrine",45000,"Malampa","West Ambrym"
2025,"WASH","Household Toilet","pit latrine",45000,"Malampa","South East Ambrym"
2025,"WASH","Household Toilet","pit latrine",45000,"Malampa","Paama"
2025,"WASH","Household Toilet","pit latrine",45000,"Shefa","Port Vila"
2025,"WASH","Household Toilet","pit latrine",45000,"Shefa","Vermali"
2025,"WASH","Household Toilet","pit latrine",45000,"Shefa","Vermaul"
2025,"WASH","Household Toilet","pit latrine",45000,"Shefa","Varisu"
2025,"WASH","Household Toilet","pit latrine",45000,"Shefa","South Epi"
2025,"WASH","Household Toilet","pit latrine",45000,"Shefa","North Tongoa"
2025,"WASH","Household Toilet","pit latrine",45000,"Shefa","Makimae"
2025,"WASH","Household Toilet","pit latrine",45000,"Shefa","Tongariki"
2025,"WASH","Household Toilet","pit latrine",45000,"Shefa","Nguna"
2025,"WASH","Household Toilet","pit latrine",45000,"Shefa","Emau"
2025,"WASH","Household Toilet","pit latrine",45000,"Shefa","Malorua"
2025,"WASH","Household Toilet","pit latrine",45000,"Shefa","North Efate"
2025,"WASH","Household Toilet","pit latrine",45000,"Shefa","Mele"
2025,"WASH","Household Toilet","pit latrine",45000,"Shefa","Tanvasoko"
2025,"WASH","Household Toilet","pit latrine",45000,"Shefa","Ifira"
2025,"WASH","Household Toilet","pit latrine",45000,"Shefa","Pango"
2025,"WASH","Household Toilet","pit latrine",45000,"Shefa","Erakor"
2025,"WASH","Household Toilet","pit latrine",45000,"Shefa","Eratap"
2025,"WASH","Household Toilet","pit latrine",45000,"Shefa","Eton"
2025,"WASH","Household Toilet","pit latrine",45000,"Tafea","North Erromango"
2025,"WASH","Household Toilet","pit latrine",45000,"Tafea","South Erromango"
2025,"WASH","Household Toilet","pit latrine",45000,"Tafea","Aniwa"
2025,"WASH","Household Toilet","pit latrine",45000,"Tafea","North Tanna"
2025,"WASH","Household Toilet","pit latrine",45000,"Tafea","West Tanna"
2025,"WASH","Household Toilet","pit latrine",45000,"Tafea","Middle Bush Tanna"
2025,"WASH","Household Toilet","pit latrine",45000,"Tafea","South West Tanna"
2025,"WASH","Household Toilet","pit latrine",45000,"Tafea","Whitesands"
2025,"WASH","Household Toilet","pit latrine",45000,"Tafea","South Tanna"
2025,"WASH","Household Toilet","pit latrine",45000,"Tafea","Futuna"
2025,"WASH","Household Toilet","pit latrine",45000,"Tafea","Aneityum"
2025,"WASH","Household Toilet","vip",90000,"Torba","Torres"
2025,"WASH","Household Toilet","vip",90000,"Torba","Ureparapara"
2025,"WASH","Household Toilet","vip",90000,"Torba","Motalava"
2025,"WASH","Household Toilet","vip",90000,"Torba","East Vanualava"
2025,"WASH","Household Toilet","vip",90000,"Torba","West Vanualava"
2025,"WASH","Household Toilet","vip",90000,"Torba","Mota"
2025,"WASH","Household Toilet","vip",90000,"Torba","East Gaua"
2025,"WASH","Household Toilet","vip",90000,"Torba","West Gaua"
2025,"WASH","Household Toilet","vip",90000,"Torba","Merelava"
2025,"WASH","Household Toilet","vip",90000,"Sanma","Luganville"
2025,"WASH","Household Toilet","vip",90000,"Sanma","North West Santo"
2025,"WASH","Household Toilet","vip",90000,"Sanma","Big Bay Coast"
2025,"WASH","Household Toilet","vip",90000,"Sanma","Big Bay Inland"
2025,"WASH","Household Toilet","vip",90000,"Sanma","West Santo"
2025,"WASH","Household Toilet","vip",90000,"Sanma","South Santo 1"
2025,"WASH","Household Toilet","vip",90000,"Sanma","South Santo 2"
2025,"WASH","Household Toilet","vip",90000,"Sanma","East Santo"
2025,"WASH","Household Toilet","vip",90000,"Sanma","South East Santo"
2025,"WASH","Household Toilet","vip",90000,"Sanma","Canal Fanafo"
2025,"WASH","Household Toilet","vip",90000,"Sanma","West Malo"
2025,"WASH","Household Toilet","vip",90000,"Sanma","East Malo"
2025,"WASH","Household Toilet","vip",90000,"Penama","West Ambae"
2025,"WASH","Household Toilet","vip",90000,"Penama","North Ambae"
2025,"WASH","Household Toilet","vip",90000,"Penama","East Ambae"
2025,"WASH","Household Toilet","vip",90000,"Penama","South Ambae"
2025,"WASH","Household Toilet","vip",90000,"Penama","North Maewo"
2025,"WASH","Household Toilet","vip",90000,"Penama","South Maewo"
2025,"WASH","Household Toilet","vip",90000,"Penama","North Pentecost"
2025,"WASH","Household Toilet","vip",90000,"Penama","Central Pentecost 1"
2025,"WASH","Household Toilet","vip",90000,"Penama","Central Pentecost 2"
2025,"WASH","Household Toilet","vip",90000,"Penama","South Pentecost"
2025,"WASH","Household Toilet","vip",90000,"Malampa","North West Malekula"
2025,"WASH","Household Toilet","vip",90000,"Malampa","North East Malekula"
2025,"WASH","Household Toilet","vip",90000,"Malampa","Central Malekula"
2025,"WASH","Household Toilet","vip",90000,"Malampa","South West Malekula"
2025,"WASH","Household Toilet","vip",90000,"Malampa","South East Malekula"
2025,"WASH","Household Toilet","vip",90000,"Malampa","South Malekula"
2025,"WASH","Household Toilet","vip",90000,"Malampa","North Ambrym"
2025,"WASH","Household Toilet","vip",90000,"Malampa","West Ambrym"
2025,"WASH","Household Toilet","vip",90000,"Malampa","South East Ambrym"
2025,"WASH","Household Toilet","vip",90000,"Malampa","Paama"
2025,"WASH","Household Toilet","vip",90000,"Shefa","Port Vila"
2025,"WASH","Household Toilet","vip",90000,"Shefa","Vermali"
2025,"WASH","Household Toilet","vip",90000,"Shefa","Vermaul"
2025,"WASH","Household Toilet","vip",90000,"Shefa","Varisu"
2025,"WASH","Household Toilet","vip",90000,"Shefa","South Epi"
2025,"WASH","Household Toilet","vip",90000,"Shefa","North Tongoa"
2025,"WASH","Household Toilet","vip",90000,"Shefa","Makimae"
2025,"WASH","Household Toilet","vip",90000,"Shefa","Tongariki"
2025,"WASH","Household Toilet","vip",90000,"Shefa","Nguna"
2025,"WASH","Household Toilet","vip",90000,"Shefa","Emau"
2025,"WASH","Household Toilet","vip",90000,"Shefa","Malorua"
2025,"WASH","Household Toilet","vip",90000,"Shefa","North Efate"
2025,"WASH","Household Toilet","vip",90000,"Shefa","Mele"
2025,"WASH","Household Toilet","vip",90000,"Shefa","Tanvasoko"
2025,"WASH","Household Toilet","vip",90000,"Shefa","Ifira"
2025,"WASH","Household Toilet","vip",90000,"Shefa","Pango"
2025,"WASH","Household Toilet","vip",90000,"Shefa","Erakor"
2025,"WASH","Household Toilet","vip",90000,"Shefa","Eratap"
2025,"WASH","Household Toilet","vip",90000,"Shefa","Eton"
2025,"WASH","Household Toilet","vip",90000,"Tafea","North Erromango"
2025,"WASH","Household Toilet","vip",90000,"Tafea","South Erromango"
2025,"WASH","Household Toilet","vip",90000,"Tafea","Aniwa"
2025,"WASH","Household Toilet","vip",90000,"Tafea","North Tanna"
2025,"WASH","Household Toilet","vip",90000,"Tafea","West Tanna"
2025,"WASH","Household Toilet","vip",90000,"Tafea","Middle Bush Tanna"
2025,"WASH","Household Toilet","vip",90000,"Tafea","South West Tanna"
2025,"WASH","Household Toilet","vip",90000,"Tafea","Whitesands"
2025,"WASH","Household Toilet","vip",90000,"Tafea","South Tanna"
2025,"WASH","Household Toilet","vip",90000,"Tafea","Futuna"
2025,"WASH","Household Toilet","vip",90000,"Tafea","Aneityum"
2025,"WASH","Household Toilet","water sealed",120000,"Torba","Torres"
2025,"WASH","Household Toilet","water sealed",120000,"Torba","Ureparapara"
2025,"WASH","Household Toilet","water sealed",120000,"Torba","Motalava"
2025,"WASH","Household Toilet","water sealed",120000,"Torba","East Vanualava"
2025,"WASH","Household Toilet","water sealed",120000,"Torba","West Vanualava"
2025,"WASH","Household Toilet","water sealed",120000,"Torba","Mota"
2025,"WASH","Household Toilet","water sealed",120000,"Torba","East Gaua"
2025,"WASH","Household Toilet","water sealed",120000,"Torba","West Gaua"
2025,"WASH","Household Toilet","water sealed",120000,"Torba","Merelava"
2025,"WASH","Household Toilet","water sealed",120000,"Sanma","Luganville"
2025,"WASH","Household Toilet","water sealed",120000,"Sanma","North West Santo"
2025,"WASH","Household Toilet","water sealed",120000,"Sanma","Big Bay Coast"
2025,"WASH","Household Toilet","water sealed",120000,"Sanma","Big Bay Inland"
2025,"WASH","Household Toilet","water sealed",120000,"Sanma","West Santo"
2025,"WASH","Household Toilet","water sealed",120000,"Sanma","South Santo 1"
2025,"WASH","Household Toilet","water sealed",120000,"Sanma","South Santo 2"
2025,"WASH","Household Toilet","water sealed",120000,"Sanma","East Santo"
2025,"WASH","Household Toilet","water sealed",120000,"Sanma","South East Santo"
2025,"WASH","Household Toilet","water sealed",120000,"Sanma","Canal Fanafo"
2025,"WASH","Household Toilet","water sealed",120000,"Sanma","West Malo"
2025,"WASH","Household Toilet","water sealed",120000,"Sanma","East Malo"
2025,"WASH","Household Toilet","water sealed",120000,"Penama","West Ambae"
2025,"WASH","Household Toilet","water sealed",120000,"Penama","North Ambae"
2025,"WASH","Household Toilet","water sealed",120000,"Penama","East Ambae"
2025,"WASH","Household Toilet","water sealed",120000,"Penama","South Ambae"
2025,"WASH","Household Toilet","water sealed",120000,"Penama","North Maewo"
2025,"WASH","Household Toilet","water sealed",120000,"Penama","South Maewo"
2025,"WASH","Household Toilet","water sealed",120000,"Penama","North Pentecost"
2025,"WASH","Household Toilet","water sealed",120000,"Penama","Central Pentecost 1"
2025,"WASH","Household Toilet","water sealed",120000,"Penama","Central Pentecost 2"
2025,"WASH","Household Toilet","water sealed",120000,"Penama","South Pentecost"
2025,"WASH","Household Toilet","water sealed",120000,"Malampa","North West Malekula"
2025,"WASH","Household Toilet","water sealed",120000,"Malampa","North East Malekula"
2025,"WASH","Household Toilet","water sealed",120000,"Malampa","Central Malekula"
2025,"WASH","Household Toilet","water sealed",120000,"Malampa","South West Malekula"
2025,"WASH","Household Toilet","water sealed",120000,"Malampa","South East Malekula"
2025,"WASH","Household Toilet","water sealed",120000,"Malampa","South Malekula"
2025,"WASH","Household Toilet","water sealed",120000,"Malampa","North Ambrym"
2025,"WASH","Household Toilet","water sealed",120000,"Malampa","West Ambrym"
2025,"WASH","Household Toilet","water sealed",120000,"Malampa","South East Ambrym"
2025,"WASH","Household Toilet","water sealed",120000,"Malampa","Paama"
2025,"WASH","Household Toilet","water sealed",120000,"Shefa","Port Vila"
2025,"WASH","Household Toilet","water sealed",120000,"Shefa","Vermali"
2025,"WASH","Household Toilet","water sealed",120000,"Shefa","Vermaul"
2025,"WASH","Household Toilet","water sealed",120000,"Shefa","Varisu"
2025,"WASH","Household Toilet","water sealed",120000,"Shefa","South Epi"
2025,"WASH","Household Toilet","water sealed",120000,"Shefa","North Tongoa"
2025,"WASH","Household Toilet","water sealed",120000,"Shefa","Makimae"
2025,"WASH","Household Toilet","water sealed",120000,"Shefa","Tongariki"
2025,"WASH","Household Toilet","water sealed",120000,"Shefa","Nguna"
2025,"WASH","Household Toilet","water sealed",120000,"Shefa","Emau"
2025,"WASH","Household Toilet","water sealed",120000,"Shefa","Malorua"
2025,"WASH","Household Toilet","water sealed",120000,"Shefa","North Efate"
2025,"WASH","Household Toilet","water sealed",120000,"Shefa","Mele"
2025,"WASH","Household Toilet","water sealed",120000,"Shefa","Tanvasoko"
2025,"WASH","Household Toilet","water sealed",120000,"Shefa","Ifira"
2025,"WASH","Household Toilet","water sealed",120000,"Shefa","Pango"
2025,"WASH","Household Toilet","water sealed",120000,"Shefa","Erakor"
2025,"WASH","Household Toilet","water sealed",120000,"Shefa","Eratap"
2025,"WASH","Household Toilet","water sealed",120000,"Shefa","Eton"
2025,"WASH","Household Toilet","water sealed",120000,"Tafea","North Erromango"
2025,"WASH","Household Toilet","water sealed",120000,"Tafea","South Erromango"
2025,"WASH","Household Toilet","water sealed",120000,"Tafea","Aniwa"
2025,"WASH","Household Toilet","water sealed",120000,"Tafea","North Tanna"
2025,"WASH","Household Toilet","water sealed",120000,"Tafea","West Tanna"
2025,"WASH","Household Toilet","water sealed",120000,"Tafea","Middle Bush Tanna"
2025,"WASH","Household Toilet","water sealed",120000,"Tafea","South West Tanna"
2025,"WASH","Household Toilet","water sealed",120000,"Tafea","Whitesands"
2025,"WASH","Household Toilet","water sealed",120000,"Tafea","South Tanna"
2025,"WASH","Household Toilet","water sealed",120000,"Tafea","Futuna"
2025,"WASH","Household Toilet","water sealed",120000,"Tafea","Aneityum"
